id,title,content,url,date,source
1,"Wabah Ebola Kongo dan Uganda Meluas, Tiga Relawan Meninggal Dunia - jakarta.times.co.id","JAKARTAWabah Ebola di Republik Demokratik Kongo dan Uganda kian meluas. Situasi di lapangan diwarnai kepanikan dan bentrokan antara warga dengan petugas kesehatan, yang berujung pada pembakaran fasil… [+5449 chars]",https://timesindonesia.co.id,2026-05-24T07:34:00Z,Timesindonesia.co.id
2,Penampakan Eks Kepala BGN Dadan Hindayana Kenakan Rompi Pink Kejagung - Kompas.com,"<a href=""https://news.google.com/rss/articles/CBMiywFBVV95cUxNV3pWM3pQRE1UMWFlSjZXUUJLckhkLUEwRGFXQ0d0Z2FOd3ZZYnMtYTZyTFZyclJOSF82OURtZElxd3FVN1RtTkRKTDBrZU4zUERNeTYwRWlTeHVzSW1YMjRfbFI0bk9QSXJzRGV6M3VTMkpMYVlWR01LaG9XVGJsdEstWEJ1azZwd3BkTHl6djJnelFzUmlNa0RYbkhLYXA2UF9tcEU2NFlYejJ0MzljVEctLU9RVG5nT1dVNFRSM2ZaWklTSnlveThhYw?oc=5"" target=""_blank"">Penampakan Eks Kepala BGN Dadan Hindayana Kenakan Rompi Pink Kejagung</a>&nbsp;&nbsp;<font color=""#6f6f6f"">Kompas.com</font>",https://news.google.com/rss/articles/CBMiywFBVV95cUxNV3pWM3pQRE1UMWFlSjZXUUJLckhkLUEwRGFXQ0d0Z2FOd3ZZYnMtYTZyTFZyclJOSF82OURtZElxd3FVN1RtTkRKTDBrZU4zUERNeTYwRWlTeHVzSW1YMjRfbFI0bk9QSXJzRGV6M3VTMkpMYVlWR01LaG9XVGJsdEstWEJ1azZwd3BkTHl6djJnelFzUmlNa0RYbkhLYXA2UF9tcEU2NFlYejJ0MzljVEctLU9RVG5nT1dVNFRSM2ZaWklTSnlveThhYw?oc=5,2026-06-03 10:15:00,Kompas.com
3,Kejagung Benarkan Geledah Kantor BGN - Kompas.com,"<a href=""https://news.google.com/rss/articles/CBMikwFBVV95cUxNTVlqdkd0aGZnVUJHY0FlWi1TRmxOUWRHdzVfLUZ0YWFpTG9vaEFROTAydXJRR3JBQlhmWnFjYnJCNFpPTk9kQXhha2ZfckZucDVHZG1GODB6NHVoODNESmoybDYxMlZPNHhxN3NZNGhNSjEwaDJmSkwxVHlzRzJCaDFNdzhNRi1zRWctdmxZT2JBMTg?oc=5"" target=""_blank"">Kejagung Benarkan Geledah Kantor BGN</a>&nbsp;&nbsp;<font color=""#6f6f6f"">Kompas.com</font>",https://news.google.com/rss/articles/CBMikwFBVV95cUxNTVlqdkd0aGZnVUJHY0FlWi1TRmxOUWRHdzVfLUZ0YWFpTG9vaEFROTAydXJRR3JBQlhmWnFjYnJCNFpPTk9kQXhha2ZfckZucDVHZG1GODB6NHVoODNESmoybDYxMlZPNHhxN3NZNGhNSjEwaDJmSkwxVHlzRzJCaDFNdzhNRi1zRWctdmxZT2JBMTg?oc=5,2026-06-03 02:41:00,Kompas.com
4,BREAKING NEWS: Prabowo Copot Kepala BGN Dadan Hindayana - Kompas.com,"<a href=""https://news.google.com/rss/articles/CBMiqwFBVV95cUxPRG40MnFHaW94ekI1bnZDSWZTcm1OZm9XblpkRF9nOHNadVdXTkJ6RmU0T2ZPdGhkUVktUDZtWW5sS3p6Rzd5dUROdW8tY0M4VERpdWdtdWtPQ0NFcUZTNFBPNnN0dTlqYUNZdTJHX3lpbnJKUnJQd3k4UmN2S0NxTnM2ZWVtRnhMNTBXLS1ET0ZxQm5tVzVfOEJWMzZxN3ozVEtwRDZhaTNhU1E?oc=5"" target=""_blank"">BREAKING NEWS: Prabowo Copot Kepala BGN Dadan Hindayana</a>&nbsp;&nbsp;<font color=""#6f6f6f"">Kompas.com</font>",https://news.google.com/rss/articles/CBMiqwFBVV95cUxPRG40MnFHaW94ekI1bnZDSWZTcm1OZm9XblpkRF9nOHNadVdXTkJ6RmU0T2ZPdGhkUVktUDZtWW5sS3p6Rzd5dUROdW8tY0M4VERpdWdtdWtPQ0NFcUZTNFBPNnN0dTlqYUNZdTJHX3lpbnJKUnJQd3k4UmN2S0NxTnM2ZWVtRnhMNTBXLS1ET0ZxQm5tVzVfOEJWMzZxN3ozVEtwRDZhaTNhU1E?oc=5,2026-06-02 13:42:00,Kompas.com
5,Zainal Arifin Pertanyakan Dadan Baru Jadi Tersangka Sekarang: Pembicaraan soal Mark Up Sudah Lama - Kompas.com,"<a href=""https://news.google.com/rss/articles/CBMiwwFBVV95cUxNcW1UazVDcEh1aDJlbzhKc0lMcmRVWTR5ZmJ3Yl9DYzAwWWtGbkx1ZFpKMUQ5Nmk4NDcyY2RhX0ZTN0tQTFo2NDlvT1lLLUIzc0JzZWNPVWdGQkNnQXZZbjdCUXhSQjdQZVplczd5c244a0FseUxmRmNQblR5VE5Dck4zSEF3WVJ1UTN1MzJHNWtEZHJOMmpZdGNuSW5SNndaRHdQTENYWnZpeDBWU3JXVWwzaXhDWVljSEl3SVpBeEFCUTA?oc=5"" target=""_blank"">Zainal Arifin Pertanyakan Dadan Baru Jadi Tersangka Sekarang: Pembicaraan soal Mark Up Sudah Lama</a>&nbsp;&nbsp;<font color=""#6f6f6f"">Kompas.com</font>",https://news.google.com/rss/articles/CBMiwwFBVV95cUxNcW1UazVDcEh1aDJlbzhKc0lMcmRVWTR5ZmJ3Yl9DYzAwWWtGbkx1ZFpKMUQ5Nmk4NDcyY2RhX0ZTN0tQTFo2NDlvT1lLLUIzc0JzZWNPVWdGQkNnQXZZbjdCUXhSQjdQZVplczd5c244a0FseUxmRmNQblR5VE5Dck4zSEF3WVJ1UTN1MzJHNWtEZHJOMmpZdGNuSW5SNndaRHdQTENYWnZpeDBWU3JXVWwzaXhDWVljSEl3SVpBeEFCUTA?oc=5,2026-06-03 14:57:00,Kompas.com
6,"122 Prodi Ditutup, Nasib Dosen dan Mahasiswa Jadi Tanda Tanya - Kompas.com","<a href=""https://news.google.com/rss/articles/CBMiswFBVV95cUxQSlJiejhwU1lOTWdIS1I3Q0F2NFhjSUotQ0lTSzRpMmNXVlpDdFpieFNRWlQ0R2dZNzBCRC11SndFYko2ajNXcUVvSm9KVVNROWJVRzd6RW5lRHBKd2lWcktTVGliQVVIcGZGbTJyak1fWXNOSGNXaVhMa25VOVAyNTVGZmRPcnQ3My1KT3BTMFhZOXg4QmRPZF9QMnRsR0R4VVc5RTR1VW1nTGwxdFNVYTdWWQ?oc=5"" target=""_blank"">122 Prodi Ditutup, Nasib Dosen dan Mahasiswa Jadi Tanda Tanya</a>&nbsp;&nbsp;<font color=""#6f6f6f"">Kompas.com</font>",https://news.google.com/rss/articles/CBMiswFBVV95cUxQSlJiejhwU1lOTWdIS1I3Q0F2NFhjSUotQ0lTSzRpMmNXVlpDdFpieFNRWlQ0R2dZNzBCRC11SndFYko2ajNXcUVvSm9KVVNROWJVRzd6RW5lRHBKd2lWcktTVGliQVVIcGZGbTJyak1fWXNOSGNXaVhMa25VOVAyNTVGZmRPcnQ3My1KT3BTMFhZOXg4QmRPZF9QMnRsR0R4VVc5RTR1VW1nTGwxdFNVYTdWWQ?oc=5,2026-06-02 16:02:00,Kompas.com
7,BREAKING NEWS: Eks Kepala BGN Dadan Hindayana Jadi Tersangka Kasus Korupsi MBG - Kompas.com,"<a href=""https://news.google.com/rss/articles/CBMi0AFBVV95cUxQZ0gxTWV6b05wVUFGT2hwSHRwTjY2N3Q4VlRuVkxtNDJOMnhvcEg4aE5jM09KVURqOElCVUJrTnI2TkpzNGdSZlA3WGowN3JCTndORHk1YlRjOUhzUG0tZFdTWlc2R0NrU1JKMHJ3MUVmR3J1OUFZcUtFY01nUUE3ZHhZSUNPeGVITVlTT2lSd2NZb1RVamttNE5jUmllS2NIU0tYOHRmTkRMaDJwSTluZjlxUkN2SkJvamZpdlRPUGo0UG5QSTBhMTBzaC1SVWxE?oc=5"" target=""_blank"">BREAKING NEWS: Eks Kepala BGN Dadan Hindayana Jadi Tersangka Kasus Korupsi MBG</a>&nbsp;&nbsp;<font color=""#6f6f6f"">Kompas.com</font>",https://news.google.com/rss/articles/CBMi0AFBVV95cUxQZ0gxTWV6b05wVUFGT2hwSHRwTjY2N3Q4VlRuVkxtNDJOMnhvcEg4aE5jM09KVURqOElCVUJrTnI2TkpzNGdSZlA3WGowN3JCTndORHk1YlRjOUhzUG0tZFdTWlc2R0NrU1JKMHJ3MUVmR3J1OUFZcUtFY01nUUE3ZHhZSUNPeGVITVlTT2lSd2NZb1RVamttNE5jUmllS2NIU0tYOHRmTkRMaDJwSTluZjlxUkN2SkJvamZpdlRPUGo0UG5QSTBhMTBzaC1SVWxE?oc=5,2026-06-03 10:44:00,Kompas.com
8,Eks Kepala BGN Dadan Hindayana dkk Diduga Mark Up Motor Listrik hingga Sepatu - Kompas.com,"<a href=""https://news.google.com/rss/articles/CBMiwAFBVV95cUxNdUNkeGZTQjhMNE1fZlRrUmlPY0hSeThiWUIxUDVfa2ZoblNBSzVzcnNaRDVMbHEtS2JMZkZUbnR3VlBDSi1YVnNIVl94MERPZlRETnI1NUpQQTRDb1hMWVp1RmdBS3hpQ2dTWUpQdXFUYVBuNndOSjFwYXVNTkROUGk1U2tVSlZRV09tU2dfdm5YMkFMUTBjN191MHVGU3dhNG5NNk9WcGpQS0cxZXliYnV3VkF3Rk1QNldGcmd2b1k?oc=5"" target=""_blank"">Eks Kepala BGN Dadan Hindayana dkk Diduga Mark Up Motor Listrik hingga Sepatu</a>&nbsp;&nbsp;<font color=""#6f6f6f"">Kompas.com</font>",https://news.google.com/rss/articles/CBMiwAFBVV95cUxNdUNkeGZTQjhMNE1fZlRrUmlPY0hSeThiWUIxUDVfa2ZoblNBSzVzcnNaRDVMbHEtS2JMZkZUbnR3VlBDSi1YVnNIVl94MERPZlRETnI1NUpQQTRDb1hMWVp1RmdBS3hpQ2dTWUpQdXFUYVBuNndOSjFwYXVNTkROUGk1U2tVSlZRV09tU2dfdm5YMkFMUTBjN191MHVGU3dhNG5NNk9WcGpQS0cxZXliYnV3VkF3Rk1QNldGcmd2b1k?oc=5,2026-06-03 11:06:00,Kompas.com
9,"Prabowo soal Copot Dadan Hindayana dari Kepala BGN: Pemimpin Tak Baik, Organisasi Tak Baik - Kompas.com","<a href=""https://news.google.com/rss/articles/CBMivgFBVV95cUxObC1FclRiU0Y5RVFkQndFZ3F1NURVVGx6MEdKcTNXUG11bWwtWFVTT1JQaUs3RHRuVVdlM3dZWlBHUFhqUktjQ01LY1NuTjEyNXhnVE9qZDJ0TVl1Unl4RzIxSUx4ODV3dUZTZm5jQ1NJZXZBdFNjbllkelU3OURVYl84MDM2TjRrY0hmWDFtVm5rLWx4bW95bTZsc0dVQlYxOHQyRzZjZUxJejBfVXVvYzdyaGhOMXhEbldWT0Nn?oc=5"" target=""_blank"">Prabowo soal Copot Dadan Hindayana dari Kepala BGN: Pemimpin Tak Baik, Organisasi Tak Baik</a>&nbsp;&nbsp;<font color=""#6f6f6f"">Kompas.com</font>",https://news.google.com/rss/articles/CBMivgFBVV95cUxObC1FclRiU0Y5RVFkQndFZ3F1NURVVGx6MEdKcTNXUG11bWwtWFVTT1JQaUs3RHRuVVdlM3dZWlBHUFhqUktjQ01LY1NuTjEyNXhnVE9qZDJ0TVl1Unl4RzIxSUx4ODV3dUZTZm5jQ1NJZXZBdFNjbllkelU3OURVYl84MDM2TjRrY0hmWDFtVm5rLWx4bW95bTZsc0dVQlYxOHQyRzZjZUxJejBfVXVvYzdyaGhOMXhEbldWT0Nn?oc=5,2026-06-03 14:01:00,Kompas.com
10,"Dadan Dicopot dari Kepala BGN, Mahfud MD: Prabowo Mulai Responsif, Orang Protes sejak Lama - Kompas.com","<a href=""https://news.google.com/rss/articles/CBMiyAFBVV95cUxNOFdpYS1MZ0ZNeXFKZzN3R0NlWlFzdmxkN1lGM1VDdWRkbDc3SE92SDJncU5DZ3EtZVJ4cV82NlI4a1didXg5UFBNZUJiUmN4bmljVGpzQi16SmtuMEctcnUzVUlBekFINjYyMDhabGFGZndmU0VQclVqUC01OHp2bGZMN1QzVng5N3NiaVlQZ05pSmExdGhIeUZXZ0hRdlNXaXBUYlNvUER0b0pHRUVYZDNpMG9GNUdXTjZWc1lwRnZWaGVYYUdRWg?oc=5"" target=""_blank"">Dadan Dicopot dari Kepala BGN, Mahfud MD: Prabowo Mulai Responsif, Orang Protes sejak Lama</a>&nbsp;&nbsp;<font color=""#6f6f6f"">Kompas.com</font>",https://news.google.com/rss/articles/CBMiyAFBVV95cUxNOFdpYS1MZ0ZNeXFKZzN3R0NlWlFzdmxkN1lGM1VDdWRkbDc3SE92SDJncU5DZ3EtZVJ4cV82NlI4a1didXg5UFBNZUJiUmN4bmljVGpzQi16SmtuMEctcnUzVUlBekFINjYyMDhabGFGZndmU0VQclVqUC01OHp2bGZMN1QzVng5N3NiaVlQZ05pSmExdGhIeUZXZ0hRdlNXaXBUYlNvUER0b0pHRUVYZDNpMG9GNUdXTjZWc1lwRnZWaGVYYUdRWg?oc=5,2026-06-03 10:51:00,Kompas.com
11,Kondisi Terkini Rumah Eks Kepala BGN Dadan Hindayana di Bogor Usai Ditetapkan Tersangka - Kompas.com,"<a href=""https://news.google.com/rss/articles/CBMivwFBVV95cUxObkVCRHhqaGJJNWZBUUZYUUFnLXM1UDB0QWczSEhENDBfMFFTS1RjaHJyZ2s5elJZUmprWndEMXJwME01Mkd5aHVxaFE4ZFY3akc4VERYOVp5VWZlcXFYV1R6cUYtSXRuX09xNWg4VklDRmlYM3Vvd05MWEJOcEl1TVVVNkRUVzZYa2xWWTlPZGJHUzhHRUxmay1rWEk1cU15Y0JOdVBQbS1BWnlwUmxJRDZXSnhicy1yV2pkVDFJdw?oc=5"" target=""_blank"">Kondisi Terkini Rumah Eks Kepala BGN Dadan Hindayana di Bogor Usai Ditetapkan Tersangka</a>&nbsp;&nbsp;<font color=""#6f6f6f"">Kompas.com</font>",https://news.google.com/rss/articles/CBMivwFBVV95cUxObkVCRHhqaGJJNWZBUUZYUUFnLXM1UDB0QWczSEhENDBfMFFTS1RjaHJyZ2s5elJZUmprWndEMXJwME01Mkd5aHVxaFE4ZFY3akc4VERYOVp5VWZlcXFYV1R6cUYtSXRuX09xNWg4VklDRmlYM3Vvd05MWEJOcEl1TVVVNkRUVzZYa2xWWTlPZGJHUzhHRUxmay1rWEk1cU15Y0JOdVBQbS1BWnlwUmxJRDZXSnhicy1yV2pkVDFJdw?oc=5,2026-06-03 11:24:00,Kompas.com
12,Istana Buka Suara Kantor BGN Langsung Digeledah Usai Dadan Hindayana Dicopot - Kompas.com,"<a href=""https://news.google.com/rss/articles/CBMiyAFBVV95cUxPakRlNG8ySUtPeHpfazhsRlEtMHFTbHF3Ympmdm82SXFWZmZNcXpkSGVIOHZKRHVUei05SE4zZllrTFpXX2RKLWxlV190LWhiem1FRlBETl9ycENEYldISlBUbVJXNHRxX3Y0TWJwY0l0THBsTkQyQmJ3dkxpTVVGdldZUWdhTm5WMFJRNzRvT2xld0IxRzJ4eWxoV1RyUHBFR193d3k5eEdxNElvYWRuU3U5RHpWdXJSd2NSdlI1U0l1TFMzVEhGRg?oc=5"" target=""_blank"">Istana Buka Suara Kantor BGN Langsung Digeledah Usai Dadan Hindayana Dicopot</a>&nbsp;&nbsp;<font color=""#6f6f6f"">Kompas.com</font>",https://news.google.com/rss/articles/CBMiyAFBVV95cUxPakRlNG8ySUtPeHpfazhsRlEtMHFTbHF3Ympmdm82SXFWZmZNcXpkSGVIOHZKRHVUei05SE4zZllrTFpXX2RKLWxlV190LWhiem1FRlBETl9ycENEYldISlBUbVJXNHRxX3Y0TWJwY0l0THBsTkQyQmJ3dkxpTVVGdldZUWdhTm5WMFJRNzRvT2xld0IxRzJ4eWxoV1RyUHBFR193d3k5eEdxNElvYWRuU3U5RHpWdXJSd2NSdlI1U0l1TFMzVEhGRg?oc=5,2026-06-03 08:04:00,Kompas.com
13,"Ada Penggeledahan Kejagung, Kantor BGN Dijaga TNI-Polri - Kompas.com","<a href=""https://news.google.com/rss/articles/CBMiqwFBVV95cUxPTk5yQ2JQemNPSUVaaTByZWRxUWVpd0V2VEZrRmpJc2p1MVBaUS1HMEFUUk1rejVtTnY1LTdwWXJyYllXM0pZLTJIQUN1Q2stejFYRnRHbkVsRV9EZkxOTDdoWFNvQlpRLWFZQkowSFc4aTE2amxyX3BHNFVqZWlzV2ZZenVRZzR2SEY3TmV3b0VGeWVCUnRYMXpCbUxPLTJuQTI2SXB2S08wbUE?oc=5"" target=""_blank"">Ada Penggeledahan Kejagung, Kantor BGN Dijaga TNI-Polri</a>&nbsp;&nbsp;<font color=""#6f6f6f"">Kompas.com</font>",https://news.google.com/rss/articles/CBMiqwFBVV95cUxPTk5yQ2JQemNPSUVaaTByZWRxUWVpd0V2VEZrRmpJc2p1MVBaUS1HMEFUUk1rejVtTnY1LTdwWXJyYllXM0pZLTJIQUN1Q2stejFYRnRHbkVsRV9EZkxOTDdoWFNvQlpRLWFZQkowSFc4aTE2amxyX3BHNFVqZWlzV2ZZenVRZzR2SEY3TmV3b0VGeWVCUnRYMXpCbUxPLTJuQTI2SXB2S08wbUE?oc=5,2026-06-03 02:42:00,Kompas.com
14,Dadan Hindayana Buka Suara Setelah Dicopot: Presiden Tahu yang Terbaik - Kompas.com,"<a href=""https://news.google.com/rss/articles/CBMivwFBVV95cUxQV3EyMjRhQld0aER6WXdPaWpUcDlrTGktMENldUE4eVBFdmxPbDVYWl9KOGxTNEtOXzF3Z0dINXBfN1did2w3c24zZDVSbEFxMVRFbERMeFB4ZW1Ed3BKWFdOTDFMNk5OMFh4NTdsN1RhRDF2NWczb1FSR2djNmdJb2JJTUdNT21CMFZuUEJKbWdvRFp6WDhHWk14YkdqMU5rU1J3QnU4UXNLXzdIQkdxYVozZDJGbUZhVFgwQ0R6dw?oc=5"" target=""_blank"">Dadan Hindayana Buka Suara Setelah Dicopot: Presiden Tahu yang Terbaik</a>&nbsp;&nbsp;<font color=""#6f6f6f"">Kompas.com</font>",https://news.google.com/rss/articles/CBMivwFBVV95cUxQV3EyMjRhQld0aER6WXdPaWpUcDlrTGktMENldUE4eVBFdmxPbDVYWl9KOGxTNEtOXzF3Z0dINXBfN1did2w3c24zZDVSbEFxMVRFbERMeFB4ZW1Ed3BKWFdOTDFMNk5OMFh4NTdsN1RhRDF2NWczb1FSR2djNmdJb2JJTUdNT21CMFZuUEJKbWdvRFp6WDhHWk14YkdqMU5rU1J3QnU4UXNLXzdIQkdxYVozZDJGbUZhVFgwQ0R6dw?oc=5,2026-06-02 23:43:00,Kompas.com
15,Kalender 2026: Daftar Hari Libur Nasional dan Cuti Bersama Juni-Desember - Kompas.com,"<a href=""https://news.google.com/rss/articles/CBMiyAFBVV95cUxOcE9ucnYyR2lnYTMwSFo4MEhoSXF5d2F3WDktV2ZuTWFSZDdnUFh1dzlRdG5WcWNzY0xCSjlBM044cmpCbndZaXhNM1JVZzBEd0puVjJxUzZUZmxkME9QQ2dDcnZlUXhJMF9VblI1SlRJOGlEajNoQjR1SGx2M0RlUVFNRlViY3ktRlRLSzhaNmJ5QUsxN1JiZDQ1UUJLQ1RQbEkzYXVWckVuR3JUWUpsZ3ZfT2VRek8wQ05sdm5JZDZmVG15OWNSOQ?oc=5"" target=""_blank"">Kalender 2026: Daftar Hari Libur Nasional dan Cuti Bersama Juni-Desember</a>&nbsp;&nbsp;<font color=""#6f6f6f"">Kompas.com</font>",https://news.google.com/rss/articles/CBMiyAFBVV95cUxOcE9ucnYyR2lnYTMwSFo4MEhoSXF5d2F3WDktV2ZuTWFSZDdnUFh1dzlRdG5WcWNzY0xCSjlBM044cmpCbndZaXhNM1JVZzBEd0puVjJxUzZUZmxkME9QQ2dDcnZlUXhJMF9VblI1SlRJOGlEajNoQjR1SGx2M0RlUVFNRlViY3ktRlRLSzhaNmJ5QUsxN1JiZDQ1UUJLQ1RQbEkzYXVWckVuR3JUWUpsZ3ZfT2VRek8wQ05sdm5JZDZmVG15OWNSOQ?oc=5,2026-06-03 02:00:00,Kompas.com
16,"Malaysia Genjot Mobil Nasional, Indonesia Masih Konsep - Kompas.com","<a href=""https://news.google.com/rss/articles/CBMiqwFBVV95cUxQMGFpNGFJemxuclFpbUkySUVNYTdMaS03ZTlVakRnaGRJckd5clUySlJsODItdEU2TFNlM2lQSkRCWWRmVFZ5eGF5N25GaWRCcWhqOFNfdm4zTkU4aExuMWk5aXR4R0wwZ2xrZjc4bkNHVlNPTTU1c18yVkp5ZlpVcDFGVGg3a3MzSHhOZ2VTSWZIX0tRemFucjh6ZGJkcnlQRXFQU0JBLXloR00?oc=5"" target=""_blank"">Malaysia Genjot Mobil Nasional, Indonesia Masih Konsep</a>&nbsp;&nbsp;<font color=""#6f6f6f"">Kompas.com</font>",https://news.google.com/rss/articles/CBMiqwFBVV95cUxQMGFpNGFJemxuclFpbUkySUVNYTdMaS03ZTlVakRnaGRJckd5clUySlJsODItdEU2TFNlM2lQSkRCWWRmVFZ5eGF5N25GaWRCcWhqOFNfdm4zTkU4aExuMWk5aXR4R0wwZ2xrZjc4bkNHVlNPTTU1c18yVkp5ZlpVcDFGVGg3a3MzSHhOZ2VTSWZIX0tRemFucjh6ZGJkcnlQRXFQU0JBLXloR00?oc=5,2026-06-03 12:01:00,Kompas.com
17,"Gubernur Sulsel Sebut Seleksi Paskibraka Nasional Sesuai Mekanisme, Tak Ada Faktor Suku - Kompas.com","<a href=""https://news.google.com/rss/articles/CBMixwFBVV95cUxNeUdKNDJqV1o3WnN1WVV0Sk95N3dWd3R2cU40SmpKYUk2VVh2V0dBVHVkQmdHc2JXZUFHZ0pPME5OZlQyaTRud0wxa2FLMW1ESEV4eU1vZndhLUQwOFg4dVMxWnl1ZXNOZ3Z6N3pac3d1SG9QZEpVMEZEU216TlZGZkxqT19DSmZsc1BiS1RKdS1VVnNqbmVKLXpxNjhiUGdJQUJndlNnV2ZyT2JuaWNNUmtadEVMZFZ2MjBLY2E4S0pEU3ZCWTlN?oc=5"" target=""_blank"">Gubernur Sulsel Sebut Seleksi Paskibraka Nasional Sesuai Mekanisme, Tak Ada Faktor Suku</a>&nbsp;&nbsp;<font color=""#6f6f6f"">Kompas.com</font>",https://news.google.com/rss/articles/CBMixwFBVV95cUxNeUdKNDJqV1o3WnN1WVV0Sk95N3dWd3R2cU40SmpKYUk2VVh2V0dBVHVkQmdHc2JXZUFHZ0pPME5OZlQyaTRud0wxa2FLMW1ESEV4eU1vZndhLUQwOFg4dVMxWnl1ZXNOZ3Z6N3pac3d1SG9QZEpVMEZEU216TlZGZkxqT19DSmZsc1BiS1RKdS1VVnNqbmVKLXpxNjhiUGdJQUJndlNnV2ZyT2JuaWNNUmtadEVMZFZ2MjBLY2E4S0pEU3ZCWTlN?oc=5,2026-06-03 07:18:00,Kompas.com
18,"Kepala BGN Dicopot, KSP: Presiden Ingin Tak Ada Korupsi - Kompas.com","<a href=""https://news.google.com/rss/articles/CBMiqgFBVV95cUxOUm02ZXN2NHR5OUFzVWZTY1Z3TktzbHNsczkySnlPa2w4N1Z2WmJsQ2UxYTR3aEh1WVJxbU1DRFprN21VQXF1cVNWVWQzOUZKb001WG5DMVROc3pzbUtMX3VFLXJlTHV5V01oTXNpNFFIYS1ST25DZVZfdDNZWTFHT0tBd2kyd0htUTc2S2RmVW85TXpZTnZTTUpYTEFkTTU1Rzd0ZFVDWWtHdw?oc=5"" target=""_blank"">Kepala BGN Dicopot, KSP: Presiden Ingin Tak Ada Korupsi</a>&nbsp;&nbsp;<font color=""#6f6f6f"">Kompas.com</font>",https://news.google.com/rss/articles/CBMiqgFBVV95cUxOUm02ZXN2NHR5OUFzVWZTY1Z3TktzbHNsczkySnlPa2w4N1Z2WmJsQ2UxYTR3aEh1WVJxbU1DRFprN21VQXF1cVNWVWQzOUZKb001WG5DMVROc3pzbUtMX3VFLXJlTHV5V01oTXNpNFFIYS1ST25DZVZfdDNZWTFHT0tBd2kyd0htUTc2S2RmVW85TXpZTnZTTUpYTEFkTTU1Rzd0ZFVDWWtHdw?oc=5,2026-06-03 07:25:00,Kompas.com
19,"Rusak Akibat Kendaraan Berat, Ruas Randublatung-Cepu Diusulkan Jadi Jalan Nasional - Kompas.com","<a href=""https://news.google.com/rss/articles/CBMixAFBVV95cUxONVgwQVpGRklxblJmUFRyLWlXOG9ibG0tLWlTa2VzVHpGM2VqZmNmdGFBYldCVF95RGFBbGEyZE96cDh3dE8xdXJpdlI4R0p3Mmdpb29TbEJBOWN2WUNOTkkxSS03Umx2TGk0RFptaHZyR1ZDX21IY0QzajY1TmlpV2V6S0tNVzd4M0V2Nkp2eTVUVnZJQldRX1M4dFM4ek9PYUU5TUpuY3lTTkFIUzgyVmJ6UW12d2tZTXFYbHNvR2J0MnNL?oc=5"" target=""_blank"">Rusak Akibat Kendaraan Berat, Ruas Randublatung-Cepu Diusulkan Jadi Jalan Nasional</a>&nbsp;&nbsp;<font color=""#6f6f6f"">Kompas.com</font>",https://news.google.com/rss/articles/CBMixAFBVV95cUxONVgwQVpGRklxblJmUFRyLWlXOG9ibG0tLWlTa2VzVHpGM2VqZmNmdGFBYldCVF95RGFBbGEyZE96cDh3dE8xdXJpdlI4R0p3Mmdpb29TbEJBOWN2WUNOTkkxSS03Umx2TGk0RFptaHZyR1ZDX21IY0QzajY1TmlpV2V6S0tNVzd4M0V2Nkp2eTVUVnZJQldRX1M4dFM4ek9PYUU5TUpuY3lTTkFIUzgyVmJ6UW12d2tZTXFYbHNvR2J0MnNL?oc=5,2026-06-02 23:18:00,Kompas.com
20,BREAKING NEWS: Nanik S Deyang Diangkat Jadi Kepala BGN Gantikan Dadan - Kompas.com,"<a href=""https://news.google.com/rss/articles/CBMivgFBVV95cUxPajREN19aaS1SWVJXVTFXWGhZOUx3WkRTQ2wwRmVmYVFyaWMtSTJUc19oc2YydUN3TmJTRXBRaXFzbmhOcXE5VHhLU3BrQ1hiaGpuazhkVDA2RG9oZGJpWVVKOVBpT3dzVUpsbmM3d0EyWHBlbU56bVJMUTZGd2ExQVdrVHF2TXV3amE4QWxHUmVhUDZKaUZhWVhyYTQteTJKYnNaYVVHaW1PRjI3MUdBbDAzM0lFTXEtblE5ZlF3?oc=5"" target=""_blank"">BREAKING NEWS: Nanik S Deyang Diangkat Jadi Kepala BGN Gantikan Dadan</a>&nbsp;&nbsp;<font color=""#6f6f6f"">Kompas.com</font>",https://news.google.com/rss/articles/CBMivgFBVV95cUxPajREN19aaS1SWVJXVTFXWGhZOUx3WkRTQ2wwRmVmYVFyaWMtSTJUc19oc2YydUN3TmJTRXBRaXFzbmhOcXE5VHhLU3BrQ1hiaGpuazhkVDA2RG9oZGJpWVVKOVBpT3dzVUpsbmM3d0EyWHBlbU56bVJMUTZGd2ExQVdrVHF2TXV3amE4QWxHUmVhUDZKaUZhWVhyYTQteTJKYnNaYVVHaW1PRjI3MUdBbDAzM0lFTXEtblE5ZlF3?oc=5,2026-06-02 13:54:00,Kompas.com
21,Prabowo Copot Dadan Hindayana dari Kepala Badan Gizi Nasional - Kompas.com,"<a href=""https://news.google.com/rss/articles/CBMiogFBVV95cUxOMTRUal94aWtpWUJaNTZsQjlLMGFuX3UySDBza1pXRklmTjF0cFp0cGQ5d2lNV3hGX0k2VlozSTJLRDBURlZ4N2NlQVBSa1A0UXdydG9qQjBqeFN4TlNiSlkzLThUNkNuYWJJYm5hblQ4T2JCQkZub0VfT0k2UEFna1RDdzVhNjVBWk56bGdhMldwdmxkQ1VmVkRCUGh5My1Mdnc?oc=5"" target=""_blank"">Prabowo Copot Dadan Hindayana dari Kepala Badan Gizi Nasional</a>&nbsp;&nbsp;<font color=""#6f6f6f"">Kompas.com</font>",https://news.google.com/rss/articles/CBMiogFBVV95cUxOMTRUal94aWtpWUJaNTZsQjlLMGFuX3UySDBza1pXRklmTjF0cFp0cGQ5d2lNV3hGX0k2VlozSTJLRDBURlZ4N2NlQVBSa1A0UXdydG9qQjBqeFN4TlNiSlkzLThUNkNuYWJJYm5hblQ4T2JCQkZub0VfT0k2UEFna1RDdzVhNjVBWk56bGdhMldwdmxkQ1VmVkRCUGh5My1Mdnc?oc=5,2026-06-02 14:44:58,Kompas.com
22,"Respons Data BPS, Dedi Mulyadi Sebut Kinerja Jawa Barat yang Lampaui Nasional: Hasil Kerja Bersama - Kompas.com","<a href=""https://news.google.com/rss/articles/CBMiyAFBVV95cUxNcURwRW5aek1KbHg4cHdBUjRQMDBpTzExNUp0YzlTaEVNRWxGRTFuQ3lPb1FvX3E4UDZoY2Q2alZrWTNpUUxMRXlkVEh1aDZaeWRjVW82TGxGVTBtMHZxZFJjTnJRTkx5S0Y1VmZuSEdCY1h1OG5CYlkyNWxGelYzT0FsMmRpWXRoNU1vbkhQalZoSmRNQ3Z0MGlNYUhpS25IbGtybEdSRGRUTnZfZnFzc1dtWnJ4c0R1d3poUFQ5UzQ2NWZQMkdzbQ?oc=5"" target=""_blank"">Respons Data BPS, Dedi Mulyadi Sebut Kinerja Jawa Barat yang Lampaui Nasional: Hasil Kerja Bersama</a>&nbsp;&nbsp;<font color=""#6f6f6f"">Kompas.com</font>",https://news.google.com/rss/articles/CBMiyAFBVV95cUxNcURwRW5aek1KbHg4cHdBUjRQMDBpTzExNUp0YzlTaEVNRWxGRTFuQ3lPb1FvX3E4UDZoY2Q2alZrWTNpUUxMRXlkVEh1aDZaeWRjVW82TGxGVTBtMHZxZFJjTnJRTkx5S0Y1VmZuSEdCY1h1OG5CYlkyNWxGelYzT0FsMmRpWXRoNU1vbkhQalZoSmRNQ3Z0MGlNYUhpS25IbGtybEdSRGRUTnZfZnFzc1dtWnJ4c0R1d3poUFQ5UzQ2NWZQMkdzbQ?oc=5,2026-06-02 11:10:00,Kompas.com
23,"Usai Ditutup Berbulan-bulan, Taman Nasional Way Kambas Kembali Dibuka untuk Wisata - Kompas.com","<a href=""https://news.google.com/rss/articles/CBMi0wFBVV95cUxQbVlxb0MxWjlIVkNjSDRORnZyNUlsNjFCWS1XTnJLLXlQRXVYZVFnZGFVTE84d3BzZ25QYjY1VTMwd3RXNXlyWHkzTm5lbC16QlI0ei1ONk1LWml0QkViLXNnU1JNRXZyNThKNmFLZ05EOHdqUjI5aW14dVU4ODhSMTd1aU1oU2QtdW1Ja0Rld1JIVDZPZURkc2xwTmU4aUpEaktqOGgtQlBueGpHYmc1T3Rpc0ItdHZWb2t0eEN5VFUwc0lNUGl0QThxVFFJU2Z2YkI4?oc=5"" target=""_blank"">Usai Ditutup Berbulan-bulan, Taman Nasional Way Kambas Kembali Dibuka untuk Wisata</a>&nbsp;&nbsp;<font color=""#6f6f6f"">Kompas.com</font>",https://news.google.com/rss/articles/CBMi0wFBVV95cUxQbVlxb0MxWjlIVkNjSDRORnZyNUlsNjFCWS1XTnJLLXlQRXVYZVFnZGFVTE84d3BzZ25QYjY1VTMwd3RXNXlyWHkzTm5lbC16QlI0ei1ONk1LWml0QkViLXNnU1JNRXZyNThKNmFLZ05EOHdqUjI5aW14dVU4ODhSMTd1aU1oU2QtdW1Ja0Rld1JIVDZPZURkc2xwTmU4aUpEaktqOGgtQlBueGpHYmc1T3Rpc0ItdHZWb2t0eEN5VFUwc0lNUGl0QThxVFFJU2Z2YkI4?oc=5,2026-06-02 08:58:00,Kompas.com
24,"BGN Ingin Beri MBG untuk Anak Sekolah Indonesia Jeddah, Arab Saudi - Kompas.com","<a href=""https://news.google.com/rss/articles/CBMiugFBVV95cUxPV3hrSGRwQzZtSnFkQ1lFOUxjTFVESW1uQVVGTEhOY2JfSTVlMUdmUXY1dFMxc1FTM1pvUk5nZHE1WFV6TEVQRG9NTEc5LW9XSUppWXB5LThmWng2eUxWRFl0N2hCdzAwYXpaRy1YeW1DZDVLR2wtUHdTVExHQ3pUdEZWV0NhTW9XU3JhbXFXTU5qSUd5Vm1OazlGOFN4anVYcXVhM19ud2NNeWxIbl82ZmJoSGlPWUJDekE?oc=5"" target=""_blank"">BGN Ingin Beri MBG untuk Anak Sekolah Indonesia Jeddah, Arab Saudi</a>&nbsp;&nbsp;<font color=""#6f6f6f"">Kompas.com</font>",https://news.google.com/rss/articles/CBMiugFBVV95cUxPV3hrSGRwQzZtSnFkQ1lFOUxjTFVESW1uQVVGTEhOY2JfSTVlMUdmUXY1dFMxc1FTM1pvUk5nZHE1WFV6TEVQRG9NTEc5LW9XSUppWXB5LThmWng2eUxWRFl0N2hCdzAwYXpaRy1YeW1DZDVLR2wtUHdTVExHQ3pUdEZWV0NhTW9XU3JhbXFXTU5qSUd5Vm1OazlGOFN4anVYcXVhM19ud2NNeWxIbl82ZmJoSGlPWUJDekE?oc=5,2026-06-01 05:58:00,Kompas.com
25,Ini Struktur Pimpinan BGN yang Baru Usai Prabowo Copot Dadan Hindayana - Kompas.com,"<a href=""https://news.google.com/rss/articles/CBMiwAFBVV95cUxNc25pLWxWTFQwcTVCRk9oNUhQMnhXZEFsM3dpMGV0R2dKZG9ROXRwS2gtNExMX0FBUlVQaVZvaXpubUlwZXRUbHFMcldfdklVWHZsenF3dUMxSl8tY2JvbG9IQjRyOGJWT0wtbW1NbFc1WUFjaUM3MW9aSHJJNk1EcDZsX0RDanZZcFlPUmpiQzF1cE1fXy05QTZGbmhZa2lxeXk3SEhCZ0lnY2pOendiRGx3dXc0ZmZXaVRnNFZtNkE?oc=5"" target=""_blank"">Ini Struktur Pimpinan BGN yang Baru Usai Prabowo Copot Dadan Hindayana</a>&nbsp;&nbsp;<font color=""#6f6f6f"">Kompas.com</font>",https://news.google.com/rss/articles/CBMiwAFBVV95cUxNc25pLWxWTFQwcTVCRk9oNUhQMnhXZEFsM3dpMGV0R2dKZG9ROXRwS2gtNExMX0FBUlVQaVZvaXpubUlwZXRUbHFMcldfdklVWHZsenF3dUMxSl8tY2JvbG9IQjRyOGJWT0wtbW1NbFc1WUFjaUM3MW9aSHJJNk1EcDZsX0RDanZZcFlPUmpiQzF1cE1fXy05QTZGbmhZa2lxeXk3SEhCZ0lnY2pOendiRGx3dXc0ZmZXaVRnNFZtNkE?oc=5,2026-06-02 14:15:00,Kompas.com
26,BPJPH: Industri Halal Sumbang 27 Persen terhadap PDB Nasional - Kompas.com,"<a href=""https://news.google.com/rss/articles/CBMivAFBVV95cUxNYnpMaWtSejBoanJSRDM5N193dmE3TmZKUVNUTi1KbDRFM1k1aVZIWGhxcFV3SUFpNFJyYW9GRThfeF85UWRLZzIteDVKZTl3dzJ1eENZemhTdDM4czhYcUMwUndfV1pCNmhBc21VanJTZ2xkRjlBdWxVYXZVbGJ4MmxJWVJuQVp4ZzhUX1FyTW53Y0tIYkU4dFUyY0U0OG5sYlpGbzVGckZjZGxqSVd6SmhaQ0R4SWdjM19qOQ?oc=5"" target=""_blank"">BPJPH: Industri Halal Sumbang 27 Persen terhadap PDB Nasional</a>&nbsp;&nbsp;<font color=""#6f6f6f"">Kompas.com</font>",https://news.google.com/rss/articles/CBMivAFBVV95cUxNYnpMaWtSejBoanJSRDM5N193dmE3TmZKUVNUTi1KbDRFM1k1aVZIWGhxcFV3SUFpNFJyYW9GRThfeF85UWRLZzIteDVKZTl3dzJ1eENZemhTdDM4czhYcUMwUndfV1pCNmhBc21VanJTZ2xkRjlBdWxVYXZVbGJ4MmxJWVJuQVp4ZzhUX1FyTW53Y0tIYkU4dFUyY0U0OG5sYlpGbzVGckZjZGxqSVd6SmhaQ0R4SWdjM19qOQ?oc=5,2026-06-02 07:28:00,Kompas.com
27,Penumpang Kasar di Pesawat Bakal Kena Blacklist Nasional di Inggris - Kompas.com,"<a href=""https://news.google.com/rss/articles/CBMiuwFBVV95cUxOVWJ5akQ5VnNONU9KcDRiaDRYaHF3ZjV3RWVPS2dlUUV1WUdfOG1XYjRTN0R6UnBjc3ViVjBxdzBuVDFUamNBTTV2UnAtQ25PT3JEY2dGR2JaektYc3FFOHJWWS05NGJSTG9BMl82Q3oyWmdyTTBsNzVxRVRyYko1MlpnMjk4OW9nNEdmRlBCRFU0eTM5Tjg5bGNLLUdlNXZMdE8yOWZDdG5XVWZvWWxnRnA1cHQ3TDd0eE9B?oc=5"" target=""_blank"">Penumpang Kasar di Pesawat Bakal Kena Blacklist Nasional di Inggris</a>&nbsp;&nbsp;<font color=""#6f6f6f"">Kompas.com</font>",https://news.google.com/rss/articles/CBMiuwFBVV95cUxOVWJ5akQ5VnNONU9KcDRiaDRYaHF3ZjV3RWVPS2dlUUV1WUdfOG1XYjRTN0R6UnBjc3ViVjBxdzBuVDFUamNBTTV2UnAtQ25PT3JEY2dGR2JaektYc3FFOHJWWS05NGJSTG9BMl82Q3oyWmdyTTBsNzVxRVRyYko1MlpnMjk4OW9nNEdmRlBCRFU0eTM5Tjg5bGNLLUdlNXZMdE8yOWZDdG5XVWZvWWxnRnA1cHQ3TDd0eE9B?oc=5,2026-06-02 14:00:00,Kompas.com
28,"Putri Emil Dardak Raih Nilai 80 TKA Matematika, Jauh di Atas Rata-rata Nasional - Kompas.com","<a href=""https://news.google.com/rss/articles/CBMiwAFBVV95cUxQdHZLV2gwTzdGdmQ4U3F2NjI4UUVVQmZ2bklkYTVwSmI2bUdsVlBOMFF0Rlp4N0NoQjQ3eUVfZDlfSGVocUdrdnVXS2cxbjRrclZqa09vUUJyUWxwVmthZWFYQkpDZnBEeHV5eWN4LXd1aXlWRGIyZWkxdUE1V3FfYlRpYmtDWXJqdFhzSVMtcWNFZ0loY3hUc1g0MjVVbXA2S2pOYWJXaU1UWi1CUkx5aFBUWnJ1Nk12Y3gwM0hNQ0w?oc=5"" target=""_blank"">Putri Emil Dardak Raih Nilai 80 TKA Matematika, Jauh di Atas Rata-rata Nasional</a>&nbsp;&nbsp;<font color=""#6f6f6f"">Kompas.com</font>",https://news.google.com/rss/articles/CBMiwAFBVV95cUxQdHZLV2gwTzdGdmQ4U3F2NjI4UUVVQmZ2bklkYTVwSmI2bUdsVlBOMFF0Rlp4N0NoQjQ3eUVfZDlfSGVocUdrdnVXS2cxbjRrclZqa09vUUJyUWxwVmthZWFYQkpDZnBEeHV5eWN4LXd1aXlWRGIyZWkxdUE1V3FfYlRpYmtDWXJqdFhzSVMtcWNFZ0loY3hUc1g0MjVVbXA2S2pOYWJXaU1UWi1CUkx5aFBUWnJ1Nk12Y3gwM0hNQ0w?oc=5,2026-06-01 07:17:00,Kompas.com
29,"Daftar Tanggal Merah Juni 2026, Lengkap dengan Hari Libur Nasional - Kompas.com","<a href=""https://news.google.com/rss/articles/CBMivwFBVV95cUxPTW4wQ3BVUFVsMG9aZkhzbVFMWkMxUGplNFNGN01ieENKVnBTOEZ5Z1RSOVVFMmdlZzZEcURtaTA0dzhrRXg4R0o4a2NlQmJKYmw0TXFfZExsaW8yNnNRV1VWOVhUMFluQW5PcEIyQ3ItLVBHQndDVVFEdU80Wk00VWpGTUFJckNjcFl5R05OR3pWYkdiT1FlMnQwOXNLS2RnOEVWMUJCMHctMTYtWE1CT1BtVzYxQ2VzUW1lZEVDYw?oc=5"" target=""_blank"">Daftar Tanggal Merah Juni 2026, Lengkap dengan Hari Libur Nasional</a>&nbsp;&nbsp;<font color=""#6f6f6f"">Kompas.com</font>",https://news.google.com/rss/articles/CBMivwFBVV95cUxPTW4wQ3BVUFVsMG9aZkhzbVFMWkMxUGplNFNGN01ieENKVnBTOEZ5Z1RSOVVFMmdlZzZEcURtaTA0dzhrRXg4R0o4a2NlQmJKYmw0TXFfZExsaW8yNnNRV1VWOVhUMFluQW5PcEIyQ3ItLVBHQndDVVFEdU80Wk00VWpGTUFJckNjcFl5R05OR3pWYkdiT1FlMnQwOXNLS2RnOEVWMUJCMHctMTYtWE1CT1BtVzYxQ2VzUW1lZEVDYw?oc=5,2026-06-02 02:05:00,Kompas.com
30,"Penggeledahan Kejagung di Ruang Pimpinan BGN, Karyawan Dilarang Masuk - Kompas.com","<a href=""https://news.google.com/rss/articles/CBMivgFBVV95cUxOWVlxNTRCdDlZSWl2RkxyV0pMTGNaY3hDeEJQNEw0V1A3YnRod2laTWVRcGtndV9Yd2JMaUU1dFZxdEduSDlqVnFWNXByUEQ2TDZadnVQLXl2UEdQdG9vZXBSTWY3S3p5VjhjU3FuUXh4cjY0Y3BWSWZ3aWJwYjk4MkxUS1FDRG9ILVlyLVBVeW9oSTg2MGhiTHVISHJsM0VaZThsazJwV1FuMnZJdTVXVHZRdG1FeHc2WHNSOEZ3?oc=5"" target=""_blank"">Penggeledahan Kejagung di Ruang Pimpinan BGN, Karyawan Dilarang Masuk</a>&nbsp;&nbsp;<font color=""#6f6f6f"">Kompas.com</font>",https://news.google.com/rss/articles/CBMivgFBVV95cUxOWVlxNTRCdDlZSWl2RkxyV0pMTGNaY3hDeEJQNEw0V1A3YnRod2laTWVRcGtndV9Yd2JMaUU1dFZxdEduSDlqVnFWNXByUEQ2TDZadnVQLXl2UEdQdG9vZXBSTWY3S3p5VjhjU3FuUXh4cjY0Y3BWSWZ3aWJwYjk4MkxUS1FDRG9ILVlyLVBVeW9oSTg2MGhiTHVISHJsM0VaZThsazJwV1FuMnZJdTVXVHZRdG1FeHc2WHNSOEZ3?oc=5,2026-06-03 03:57:00,Kompas.com
31,"Dadan Hindayana Dicopot, Pemerintah Rombak Kepemimpinan BGN, Kualitas Makanan MBG Jadi Alasan - Kompas.com","<a href=""https://news.google.com/rss/articles/CBMi0wFBVV95cUxQdkVNWDY5cXdWbnBic2MzcDZCYXZlbzRYanRGVXUxVDc4UXFLdmxOdFc5QWsyZzFOM1NoTjJ0ekNIVlZ0Um1NOUFzQWZjdWhVUTB0Y1NDaGxxUndpbjdsMFZRN3BxcmNKQjFWT1QzTXFSZFE5S2VRT21sVlVVWmxzUkpweGIzNmg2dlJoMjBNOXljckZUZmNSVm5ra1Jfb1F3c3R3NWgyZlc5ZEVscEF2ZmlaZjhreWpWcUt2WU5UTGtkUVRQTW9NRnVhWVlSVHJOX1JZ?oc=5"" target=""_blank"">Dadan Hindayana Dicopot, Pemerintah Rombak Kepemimpinan BGN, Kualitas Makanan MBG Jadi Alasan</a>&nbsp;&nbsp;<font color=""#6f6f6f"">Kompas.com</font>",https://news.google.com/rss/articles/CBMi0wFBVV95cUxQdkVNWDY5cXdWbnBic2MzcDZCYXZlbzRYanRGVXUxVDc4UXFLdmxOdFc5QWsyZzFOM1NoTjJ0ekNIVlZ0Um1NOUFzQWZjdWhVUTB0Y1NDaGxxUndpbjdsMFZRN3BxcmNKQjFWT1QzTXFSZFE5S2VRT21sVlVVWmxzUkpweGIzNmg2dlJoMjBNOXljckZUZmNSVm5ra1Jfb1F3c3R3NWgyZlc5ZEVscEF2ZmlaZjhreWpWcUt2WU5UTGtkUVRQTW9NRnVhWVlSVHJOX1JZ?oc=5,2026-06-02 22:47:00,Kompas.com
32,"Libur Nasional Setelah Hari Lahir Pancasila, Kapan Long Weekend Lagi? - Kompas.com","<a href=""https://news.google.com/rss/articles/CBMiuwFBVV95cUxNWWlvdTY5RlNZR2ZnNEdUb0NvSnliRmdlQ3gzY2N5NnlYalJSM01Nc0N6bUE4SVJkaG8tRmtVdmNULUFRZXkwZXl2dXhqUlBPOEhXODNpMjZ5UTRzTno3VEJlckcwTnJhcjUxYXl1b1p0YUxpS1QtbFlmMUdJVHZrQnl4X0prYU80eldUUngxTi15cUs4eF9KSmFlanhIMVRUaF9XUHRCNUFpczJsbG9HbDBZWXFENEZSaDJZ?oc=5"" target=""_blank"">Libur Nasional Setelah Hari Lahir Pancasila, Kapan Long Weekend Lagi?</a>&nbsp;&nbsp;<font color=""#6f6f6f"">Kompas.com</font>",https://news.google.com/rss/articles/CBMiuwFBVV95cUxNWWlvdTY5RlNZR2ZnNEdUb0NvSnliRmdlQ3gzY2N5NnlYalJSM01Nc0N6bUE4SVJkaG8tRmtVdmNULUFRZXkwZXl2dXhqUlBPOEhXODNpMjZ5UTRzTno3VEJlckcwTnJhcjUxYXl1b1p0YUxpS1QtbFlmMUdJVHZrQnl4X0prYU80eldUUngxTi15cUs4eF9KSmFlanhIMVRUaF9XUHRCNUFpczJsbG9HbDBZWXFENEZSaDJZ?oc=5,2026-06-02 04:33:00,Kompas.com
33,Keluarga Cathlyn Tepis Isu Diskriminasi Etnis dan Terima Keputusan BPIP Terkait Seleksi Paskibraka Nasional - Kompas.com,"<a href=""https://news.google.com/rss/articles/CBMiwwFBVV95cUxOR1pQX2ZET0F0dGxGMHFMUGlHXzhZYXFJOG9ZVnY5WFhLaWl0NDlGUEhEejJwdWZXRDM5WGdnNEJMMVd4YmFXaUtwTUZSQkx0YUZvbThvT1IyLUFoU05SblBpa0FjekZwTzVGMFFGOUhaM2RaLUFySDJVUExIMUFLSlNQUzZfYjJRRTh6ZUdIZ3hqb01xWTctN0ViSl9oRHB1eEVOVjA4TFdnSHdQRkU1cTN6VkMwR2lfeW9oMjFqbWtQZVk?oc=5"" target=""_blank"">Keluarga Cathlyn Tepis Isu Diskriminasi Etnis dan Terima Keputusan BPIP Terkait Seleksi Paskibraka Nasional</a>&nbsp;&nbsp;<font color=""#6f6f6f"">Kompas.com</font>",https://news.google.com/rss/articles/CBMiwwFBVV95cUxOR1pQX2ZET0F0dGxGMHFMUGlHXzhZYXFJOG9ZVnY5WFhLaWl0NDlGUEhEejJwdWZXRDM5WGdnNEJMMVd4YmFXaUtwTUZSQkx0YUZvbThvT1IyLUFoU05SblBpa0FjekZwTzVGMFFGOUhaM2RaLUFySDJVUExIMUFLSlNQUzZfYjJRRTh6ZUdIZ3hqb01xWTctN0ViSl9oRHB1eEVOVjA4TFdnSHdQRkU1cTN6VkMwR2lfeW9oMjFqbWtQZVk?oc=5,2026-06-02 13:20:00,Kompas.com
34,Alasan Hari Lahir Pancasila Jadi Hari Libur Nasional pada Era Jokowi - Kompas.com,"<a href=""https://news.google.com/rss/articles/CBMivgFBVV95cUxNY2dDSUdLZFVSMGNnMlNKckR0eV9nYzZxVnBDOHBmdzNUaUxPSXdwM3BMVWt3R01GR2wzMG1CZ0FyVFVSbDRqSXNEak1mY1FJeEdaYUVfOVFWRGNnYl9zTWhlVjVNbE5vVXFuaWFvbC0zSFppOWZVak05ZlRvU0VSQTJhSFNBV3FQSXM4SnRqamRmUEtXeThmbUdycTBjQUl1dGFsX0hsekltYlRpSTVfQjdocUlST05wNEFmUzB3?oc=5"" target=""_blank"">Alasan Hari Lahir Pancasila Jadi Hari Libur Nasional pada Era Jokowi</a>&nbsp;&nbsp;<font color=""#6f6f6f"">Kompas.com</font>",https://news.google.com/rss/articles/CBMivgFBVV95cUxNY2dDSUdLZFVSMGNnMlNKckR0eV9nYzZxVnBDOHBmdzNUaUxPSXdwM3BMVWt3R01GR2wzMG1CZ0FyVFVSbDRqSXNEak1mY1FJeEdaYUVfOVFWRGNnYl9zTWhlVjVNbE5vVXFuaWFvbC0zSFppOWZVak05ZlRvU0VSQTJhSFNBV3FQSXM4SnRqamRmUEtXeThmbUdycTBjQUl1dGFsX0hsekltYlRpSTVfQjdocUlST05wNEFmUzB3?oc=5,2026-06-01 05:02:00,Kompas.com
35,"1 Muharram 1448 H Jatuh 16 Juni 2026, Ini Jadwal Libur Nasional - Cahaya Kompas","<a href=""https://news.google.com/rss/articles/CBMirwFBVV95cUxPSk5WOWxObkJGRjdXM0d2ODFOdl83Wk0tN3VRV2UyT2gwVm9HaWRMaHFhUWc2RkhfTjVvQVRlRmcybEROaXVqbG1HX19zYUdGZjUzd3JZTlltNkJ2dHlGWmZNQTcxRmRaLWNicXZBdmk2N0ttdkM0V1REUmJwTHVQT3JxZzAtX1p1X2I3cHp2WGhQdEpXZFVmTGE0Njh2c284ZzBaX3JwUEtHNVp4cS1j?oc=5"" target=""_blank"">1 Muharram 1448 H Jatuh 16 Juni 2026, Ini Jadwal Libur Nasional</a>&nbsp;&nbsp;<font color=""#6f6f6f"">Cahaya Kompas</font>",https://news.google.com/rss/articles/CBMirwFBVV95cUxPSk5WOWxObkJGRjdXM0d2ODFOdl83Wk0tN3VRV2UyT2gwVm9HaWRMaHFhUWc2RkhfTjVvQVRlRmcybEROaXVqbG1HX19zYUdGZjUzd3JZTlltNkJ2dHlGWmZNQTcxRmRaLWNicXZBdmk2N0ttdkM0V1REUmJwTHVQT3JxZzAtX1p1X2I3cHp2WGhQdEpXZFVmTGE0Njh2c284ZzBaX3JwUEtHNVp4cS1j?oc=5,2026-06-03 02:48:00,Kompas.com
36,Prabowo: MBG Diteruskan untuk Bangun Generasi Sehat dan Cerdas - Kompas.com,"<a href=""https://news.google.com/rss/articles/CBMitAFBVV95cUxONVh4eVl3Uy1CTzAwaGV3VFJDRnpFVlYxdkl5RjZVT0dDYlR5TDNWTml2NEZIRzFhbm9ZUHdORjNMUUhQMmZBal9Xc2t5a1U0UFZjTGdqWHYtUTFZdHdna3diR25zemR2QU1sMEdHbTlnZ3Q4ZEZQZ01TczBjOW9jb2kwMDRKMjAxTzB2M2M2Rm04NGtrVUZwZXBMUTJIYkRVWjN0cWY2cXNSb205dmh2WGNvX2M?oc=5"" target=""_blank"">Prabowo: MBG Diteruskan untuk Bangun Generasi Sehat dan Cerdas</a>&nbsp;&nbsp;<font color=""#6f6f6f"">Kompas.com</font>",https://news.google.com/rss/articles/CBMitAFBVV95cUxONVh4eVl3Uy1CTzAwaGV3VFJDRnpFVlYxdkl5RjZVT0dDYlR5TDNWTml2NEZIRzFhbm9ZUHdORjNMUUhQMmZBal9Xc2t5a1U0UFZjTGdqWHYtUTFZdHdna3diR25zemR2QU1sMEdHbTlnZ3Q4ZEZQZ01TczBjOW9jb2kwMDRKMjAxTzB2M2M2Rm04NGtrVUZwZXBMUTJIYkRVWjN0cWY2cXNSb205dmh2WGNvX2M?oc=5,2026-06-01 08:31:00,Kompas.com
37,"Jadwal Tanggal Merah, Hari Penting Nasional dan Internasional Bulan Juni 2026 - Kompas.com","<a href=""https://news.google.com/rss/articles/CBMiwwFBVV95cUxPTWFoY1piX2p0NE5uZHdDa2ZST3hRQmNKOVBZaFhIaUUwa0QtZXRFZHgtNWFMR0VWM08zMUt1NTNLOVF5cVRqX01rWWVlLTR4ekxKWG1pcUxUQkpZLXBGZWVRb0tkRE0xUEVWZXZrVUpuZWZVd0lDUHZaN3hkR0NuMXV2bVQxQTYtNHdRV01wMVVDSGo3cWwxMS1XSGpmNzVpVnpVcFpLb2FCeWFEVF9GTmFIV2dBd1Y2X21ITTNUdWRpZTDSAcMBQVVfeXFMTlVTbFZRRUJjOGpCSXR4VkJrMndYWXg0OU5fd3paMm10SE1jWk10ZUxURHVvUjRYRTFCNjVkZlpCZUR2WDBUd29lcGZPSXNjZE5Dend5TXk5RGlIaVlOemJvOHB4MnB6OHNKYUZwRXpzcndNS1dyLTY2WlVZQnFhTHF5RE9faENtdk5ON1J0UzZydFoxTFp2eTFsTDBmQU5vMTJyY0JJVDZaTU5WcmRSNXdac1VfNm5tZFFGWVJydXlRaFZN?oc=5"" target=""_blank"">Jadwal Tanggal Merah, Hari Penting Nasional dan Internasional Bulan Juni 2026</a>&nbsp;&nbsp;<font color=""#6f6f6f"">Kompas.com</font>",https://news.google.com/rss/articles/CBMiwwFBVV95cUxPTWFoY1piX2p0NE5uZHdDa2ZST3hRQmNKOVBZaFhIaUUwa0QtZXRFZHgtNWFMR0VWM08zMUt1NTNLOVF5cVRqX01rWWVlLTR4ekxKWG1pcUxUQkpZLXBGZWVRb0tkRE0xUEVWZXZrVUpuZWZVd0lDUHZaN3hkR0NuMXV2bVQxQTYtNHdRV01wMVVDSGo3cWwxMS1XSGpmNzVpVnpVcFpLb2FCeWFEVF9GTmFIV2dBd1Y2X21ITTNUdWRpZTDSAcMBQVVfeXFMTlVTbFZRRUJjOGpCSXR4VkJrMndYWXg0OU5fd3paMm10SE1jWk10ZUxURHVvUjRYRTFCNjVkZlpCZUR2WDBUd29lcGZPSXNjZE5Dend5TXk5RGlIaVlOemJvOHB4MnB6OHNKYUZwRXpzcndNS1dyLTY2WlVZQnFhTHF5RE9faENtdk5ON1J0UzZydFoxTFp2eTFsTDBmQU5vMTJyY0JJVDZaTU5WcmRSNXdac1VfNm5tZFFGWVJydXlRaFZN?oc=5,2026-06-01 06:00:00,Kompas.com
38,Kepala BGN Tunggu Restu Prabowo untuk Realisasikan MBG di Jeddah - Kompas.com,"<a href=""https://news.google.com/rss/articles/CBMiuAFBVV95cUxOY200cGRZU1RQcWFQc0YwZUZUOFR2R2dQZnJyVllDcF84UTZQUkd1cV9BbWFubnVhMXE4N0lWaFh0STZyTzhac1pFQTM3VmpjVUZ6ZjVLcHVCaDU3aFRIN0tvTHNUWjBDSE9VMEVUdUJJT2ZGbnNtSWlzZTM1V29JYlIxQ0VaODZQQ2hQN3duQUtaMm9Eakd1NlNSaEs4VGtycnIzT0gyX1NqdDUyeFVVd2lqSnJTMTI4?oc=5"" target=""_blank"">Kepala BGN Tunggu Restu Prabowo untuk Realisasikan MBG di Jeddah</a>&nbsp;&nbsp;<font color=""#6f6f6f"">Kompas.com</font>",https://news.google.com/rss/articles/CBMiuAFBVV95cUxOY200cGRZU1RQcWFQc0YwZUZUOFR2R2dQZnJyVllDcF84UTZQUkd1cV9BbWFubnVhMXE4N0lWaFh0STZyTzhac1pFQTM3VmpjVUZ6ZjVLcHVCaDU3aFRIN0tvTHNUWjBDSE9VMEVUdUJJT2ZGbnNtSWlzZTM1V29JYlIxQ0VaODZQQ2hQN3duQUtaMm9Eakd1NlNSaEs4VGtycnIzT0gyX1NqdDUyeFVVd2lqSnJTMTI4?oc=5,2026-06-01 09:58:00,Kompas.com
39,"Skandal Riset Palsu Demi Traveling ke Denmark, Ini Temuan Terbaru Pemerintah - Kompas.com","<a href=""https://news.google.com/rss/articles/CBMi0wFBVV95cUxPN2g1VF9oTWNCWFYyU0QwZWNEMVRnVEZ3MUtGb3g1VlhOZnVXaGhxZ3RQdlB5QnJFUXBTZFZMMDd6N0JhSW15Z3BpaTZ1QlRLcDJ2OVZRWWpBMUFSMjB6OFpFRFZMcFJHcnBOQVRrWWhZS1BZaGJ1eWJwTklwNndwTXN4THgzU09Qc0VYN0pjMHRJRFJLUDdudFdyNkdrYWhVZF9nZmphWUlfR05tMXJaU1J6WDV1NWNTZkhoc29vVmJQU3pnZDhSSnN4NjRWai0zX0s4?oc=5"" target=""_blank"">Skandal Riset Palsu Demi Traveling ke Denmark, Ini Temuan Terbaru Pemerintah</a>&nbsp;&nbsp;<font color=""#6f6f6f"">Kompas.com</font>",https://news.google.com/rss/articles/CBMi0wFBVV95cUxPN2g1VF9oTWNCWFYyU0QwZWNEMVRnVEZ3MUtGb3g1VlhOZnVXaGhxZ3RQdlB5QnJFUXBTZFZMMDd6N0JhSW15Z3BpaTZ1QlRLcDJ2OVZRWWpBMUFSMjB6OFpFRFZMcFJHcnBOQVRrWWhZS1BZaGJ1eWJwTklwNndwTXN4THgzU09Qc0VYN0pjMHRJRFJLUDdudFdyNkdrYWhVZF9nZmphWUlfR05tMXJaU1J6WDV1NWNTZkhoc29vVmJQU3pnZDhSSnN4NjRWai0zX0s4?oc=5,2026-06-03 02:02:00,Kompas.com
40,"Profil Sony Sonjaya, Purnawirawan Polri yang Dicopot dari Wakil Kepala BGN - Kompas.com","<a href=""https://news.google.com/rss/articles/CBMixAFBVV95cUxPTF9SMlloOUhtX083QTZRVGFVTkFNMEY3RnFub05ZT3BiZEdZcTRBNGlINkZxUFMtcEZsckdHVy1pOUVTVmtVSjlyM3NZMVpZX2s3WVFlTzBIMXpPdUVpRzV6Y1hTbXhCUkVyVmgwMUc0Q0JBWThEbTRGcmlGWVJnMG5ybTFuekZRWE40aHFsWHFyLWhBR0hZaVBSbjlBTnlHdXM0c29sOFhuSXNGaC1jdU1PbjNyajc2MDMyOU9QOW4zNEls?oc=5"" target=""_blank"">Profil Sony Sonjaya, Purnawirawan Polri yang Dicopot dari Wakil Kepala BGN</a>&nbsp;&nbsp;<font color=""#6f6f6f"">Kompas.com</font>",https://news.google.com/rss/articles/CBMixAFBVV95cUxPTF9SMlloOUhtX083QTZRVGFVTkFNMEY3RnFub05ZT3BiZEdZcTRBNGlINkZxUFMtcEZsckdHVy1pOUVTVmtVSjlyM3NZMVpZX2s3WVFlTzBIMXpPdUVpRzV6Y1hTbXhCUkVyVmgwMUc0Q0JBWThEbTRGcmlGWVJnMG5ybTFuekZRWE40aHFsWHFyLWhBR0hZaVBSbjlBTnlHdXM0c29sOFhuSXNGaC1jdU1PbjNyajc2MDMyOU9QOW4zNEls?oc=5,2026-06-02 15:07:00,Kompas.com
41,Saat Anak SMP Ngaku Bercita-cita Jadi Presiden di Depan Prabowo... - Kompas.com,"<a href=""https://news.google.com/rss/articles/CBMitwFBVV95cUxOdWhOOEtBQTBqS3VhOWdtZ2lzcmJydms1UVZVczR3dERQTHRNWnVhWU9FVjRRaVFVUnRvUk9jRm9EbXZpb21pX2I1dVlXc0xkSlUzX2NiYTF4NkJSRm9LendERnlBaHFJXzItQURTTG5zQllaTElUXzh2clRScWtHWlZtV0VrOHlSS091aEFZdHJSNUpuM0lZc2pLc1JEMThSQmM3dDl3M1Y3OUV2MlYxNUNYVGlhbWs?oc=5"" target=""_blank"">Saat Anak SMP Ngaku Bercita-cita Jadi Presiden di Depan Prabowo...</a>&nbsp;&nbsp;<font color=""#6f6f6f"">Kompas.com</font>",https://news.google.com/rss/articles/CBMitwFBVV95cUxOdWhOOEtBQTBqS3VhOWdtZ2lzcmJydms1UVZVczR3dERQTHRNWnVhWU9FVjRRaVFVUnRvUk9jRm9EbXZpb21pX2I1dVlXc0xkSlUzX2NiYTF4NkJSRm9LendERnlBaHFJXzItQURTTG5zQllaTElUXzh2clRScWtHWlZtV0VrOHlSS091aEFZdHJSNUpuM0lZc2pLc1JEMThSQmM3dDl3M1Y3OUV2MlYxNUNYVGlhbWs?oc=5,2026-06-02 09:25:00,Kompas.com
42,Prabowo: Tak Ada Bangsa yang Kasihan Sama Kita kalau Rakyat Indonesia Kelaparan - Kompas.com,"<a href=""https://news.google.com/rss/articles/CBMivgFBVV95cUxNMjRqUlFWT2Izd2JSNVhZbmdvaDBtd29Rbk5RWGdIU3lTRkFQUktfRzNMdWRScDNURU90WUhGeUd0QXJhTDFxRDIwVVlqeDRKMHlCRUpYZUg2SURNYUFPOHRRZ1NsSlhiZTFndzFjeVNJVnJ5V1NjMUNRUFMtZnI4QWxlTW5MZXdxRWh0Z2tIaUNzb2ptdVhiRFA3Rm4wd3hLM1dIQ2ZvdUFNMHRsTGdWM3k4Rng1OU1BZjhULWpn?oc=5"" target=""_blank"">Prabowo: Tak Ada Bangsa yang Kasihan Sama Kita kalau Rakyat Indonesia Kelaparan</a>&nbsp;&nbsp;<font color=""#6f6f6f"">Kompas.com</font>",https://news.google.com/rss/articles/CBMivgFBVV95cUxNMjRqUlFWT2Izd2JSNVhZbmdvaDBtd29Rbk5RWGdIU3lTRkFQUktfRzNMdWRScDNURU90WUhGeUd0QXJhTDFxRDIwVVlqeDRKMHlCRUpYZUg2SURNYUFPOHRRZ1NsSlhiZTFndzFjeVNJVnJ5V1NjMUNRUFMtZnI4QWxlTW5MZXdxRWh0Z2tIaUNzb2ptdVhiRFA3Rm4wd3hLM1dIQ2ZvdUFNMHRsTGdWM3k4Rng1OU1BZjhULWpn?oc=5,2026-06-01 03:47:00,Kompas.com
43,Kemendikdasmen Umumkan Hasil Asesmen Nasional Bersamaan dengan PISA - Kompas.com,"<a href=""https://news.google.com/rss/articles/CBMivAFBVV95cUxNbzJnakY0YnhlcHltNGNOcWM2ei0zVnlSU3JGZjdYWDRTUkV6NGVFdGtNYlBaSUx0NENhWEpLMEZGUWlPMHhPb1dic1FTcXZYWXNXVWh1NjB4dDhFYnhCbmwxSnRRNWp1bWI5UG5lVEJ2NWR2QmoyYnhXa0k0WjQtSHliMVNQaWJCeTlxdXVHaDVDaEpudjZaRk5nSGF3XzVGclRXbWs0QVRURENuTVBPLUlZTTJ5ZDdhbzBuaw?oc=5"" target=""_blank"">Kemendikdasmen Umumkan Hasil Asesmen Nasional Bersamaan dengan PISA</a>&nbsp;&nbsp;<font color=""#6f6f6f"">Kompas.com</font>",https://news.google.com/rss/articles/CBMivAFBVV95cUxNbzJnakY0YnhlcHltNGNOcWM2ei0zVnlSU3JGZjdYWDRTUkV6NGVFdGtNYlBaSUx0NENhWEpLMEZGUWlPMHhPb1dic1FTcXZYWXNXVWh1NjB4dDhFYnhCbmwxSnRRNWp1bWI5UG5lVEJ2NWR2QmoyYnhXa0k0WjQtSHliMVNQaWJCeTlxdXVHaDVDaEpudjZaRk5nSGF3XzVGclRXbWs0QVRURENuTVBPLUlZTTJ5ZDdhbzBuaw?oc=5,2026-05-31 06:01:00,Kompas.com
44,"Berompi Pink dan Diborgol, Eks Kepala BGN Dadan Hindayana Digiring ke Mobil Tahanan - Kompas.com","<a href=""https://news.google.com/rss/articles/CBMixgFBVV95cUxPWnRuYVllS2ctSGEyRFh0dGN5aTZwbEFKZFpxSzhDc0ZLRjZITEFWVmRETkIzMFg4UHlXXzRZNE10aTBrMloyQWtJUlBQaWo5WUZ5UTItMUctdVJ1M2IxenJKcUtJLWRxbWFILThYLU13LWRJVzR4T0NoYmFCS2lVakxyRExRTTRndXVnRkdCaXc0cTktcktIRkhzTEoxNi14VGxiV3FvOWxhSGxXdTkybXo5Y1U1NG9QNHEwbnNqZUp1aGNPSHc?oc=5"" target=""_blank"">Berompi Pink dan Diborgol, Eks Kepala BGN Dadan Hindayana Digiring ke Mobil Tahanan</a>&nbsp;&nbsp;<font color=""#6f6f6f"">Kompas.com</font>",https://news.google.com/rss/articles/CBMixgFBVV95cUxPWnRuYVllS2ctSGEyRFh0dGN5aTZwbEFKZFpxSzhDc0ZLRjZITEFWVmRETkIzMFg4UHlXXzRZNE10aTBrMloyQWtJUlBQaWo5WUZ5UTItMUctdVJ1M2IxenJKcUtJLWRxbWFILThYLU13LWRJVzR4T0NoYmFCS2lVakxyRExRTTRndXVnRkdCaXc0cTktcktIRkhzTEoxNi14VGxiV3FvOWxhSGxXdTkybXo5Y1U1NG9QNHEwbnNqZUp1aGNPSHc?oc=5,2026-06-03 10:24:00,Kompas.com
45,Xavi Hernandez Sebut Pep Guardiola Perlu Latih Tim Nasional - Kompas.com,"<a href=""https://news.google.com/rss/articles/CBMirAFBVV95cUxPcjBfbjd3Xy01aXBVYWQxNV9vRjVVdzFHSHZUOTFXbEpOYktsUU5iSGtIX2lOMGdiMUljTGpra0pFVmtLblZCU1FhMm9zWWVMbGxKZXNWR0ZRaVJUUnhNamlwbnZQVE5pWTFFT0ZSV3V3NG92WDlNUjRfX1BOaEd3ZnpqVHlxSzJBZndRZFdiQTFKeEJsVktzU2tMR2VCcm9HanVDVHc2WXRXXzhT?oc=5"" target=""_blank"">Xavi Hernandez Sebut Pep Guardiola Perlu Latih Tim Nasional</a>&nbsp;&nbsp;<font color=""#6f6f6f"">Kompas.com</font>",https://news.google.com/rss/articles/CBMirAFBVV95cUxPcjBfbjd3Xy01aXBVYWQxNV9vRjVVdzFHSHZUOTFXbEpOYktsUU5iSGtIX2lOMGdiMUljTGpra0pFVmtLblZCU1FhMm9zWWVMbGxKZXNWR0ZRaVJUUnhNamlwbnZQVE5pWTFFT0ZSV3V3NG92WDlNUjRfX1BOaEd3ZnpqVHlxSzJBZndRZFdiQTFKeEJsVktzU2tMR2VCcm9HanVDVHc2WXRXXzhT?oc=5,2026-05-31 07:47:00,Kompas.com
46,"Alasan Prabowo Copot Dadan dari Kepala BGN, Salah Satunya Kualitas Makanan - Kompas.com","<a href=""https://news.google.com/rss/articles/CBMixAFBVV95cUxPZ0dPek41b0VQam5QRGRUdlNmTE8tRFdwREtoQ2tjcXdtZnk5WmVsRjlSNnhXWHgyOUY2bGhHZndhc2J4V0szSVRDLWpiR2k2NVBtTE4tdDNPZ0x3NGdsT1dUZWY4Qlk4UGZPU1YxRjQ1bnJOZ1JMSGs3OTMxd1RfSUVHUWdpS2tOckZ3bWUxdDR1YVFTaEhaRmY4NUM0bjZUZEpCOXNjaExPdnExYjVjTDREWTg0ZlpZTGlUcFZUT0RFcUNf?oc=5"" target=""_blank"">Alasan Prabowo Copot Dadan dari Kepala BGN, Salah Satunya Kualitas Makanan</a>&nbsp;&nbsp;<font color=""#6f6f6f"">Kompas.com</font>",https://news.google.com/rss/articles/CBMixAFBVV95cUxPZ0dPek41b0VQam5QRGRUdlNmTE8tRFdwREtoQ2tjcXdtZnk5WmVsRjlSNnhXWHgyOUY2bGhHZndhc2J4V0szSVRDLWpiR2k2NVBtTE4tdDNPZ0x3NGdsT1dUZWY4Qlk4UGZPU1YxRjQ1bnJOZ1JMSGs3OTMxd1RfSUVHUWdpS2tOckZ3bWUxdDR1YVFTaEhaRmY4NUM0bjZUZEpCOXNjaExPdnExYjVjTDREWTg0ZlpZTGlUcFZUT0RFcUNf?oc=5,2026-06-02 14:45:00,Kompas.com
47,"Profil Lodewyk Pusung, Eks Pangdam yang Dicopot dari Wakil Kepala BGN - Kompas.com","<a href=""https://news.google.com/rss/articles/CBMivgFBVV95cUxQTktfUU83dTl2a2NDTGRvalV6RlBVQ245cE1Zb0xnRHBNXzJuVWowWEpZU3dxMGRhNzRLa0RHZnRiZVNUNWx2allXTlFLSVlJaTRMZ2cySnZETTUwN0hMODh1TEwzUmVCVHpSUHZxQ1ZheHY3ZzVMM2tYeU8xNmJyRlJ1LWxCQkpaSHZJM2tHUnR1bnJaeFhRUEZzX2FFRWZfVUpvWDFvUDJOR0xZVTVZOWZqV3ZLWHVEeW1TMnlR?oc=5"" target=""_blank"">Profil Lodewyk Pusung, Eks Pangdam yang Dicopot dari Wakil Kepala BGN</a>&nbsp;&nbsp;<font color=""#6f6f6f"">Kompas.com</font>",https://news.google.com/rss/articles/CBMivgFBVV95cUxQTktfUU83dTl2a2NDTGRvalV6RlBVQ245cE1Zb0xnRHBNXzJuVWowWEpZU3dxMGRhNzRLa0RHZnRiZVNUNWx2allXTlFLSVlJaTRMZ2cySnZETTUwN0hMODh1TEwzUmVCVHpSUHZxQ1ZheHY3ZzVMM2tYeU8xNmJyRlJ1LWxCQkpaSHZJM2tHUnR1bnJaeFhRUEZzX2FFRWZfVUpvWDFvUDJOR0xZVTVZOWZqV3ZLWHVEeW1TMnlR?oc=5,2026-06-02 15:29:00,Kompas.com
48,Kalender Juni 2026: Catat 2 Hari Libur Nasional dan Peluang Long Weekend - Kompas.com,"<a href=""https://news.google.com/rss/articles/CBMiwwFBVV95cUxPenVzTlJMdXFSM1g2TVJadDVYaW1Qd0hULUdGYktRQVpzMUJPV3ZRTHM0S3M0alVseWMtQmRKN093Sy1YNjhWd19kYTNyN0d4dXFuc09udHdic0NPSXVsb2VZVHBhN01vN3ZGSHhiTDd1aG5Ea1NjU1pfM1R4WUtBR3N2dTI0UXc5WXItZmlxZEE2eGtsNkZjSWwzX0dkZF9xY2cxTXFsS0VSMWRqYVBtOHhEZlZHcTJialVBNDRsMEtiMXc?oc=5"" target=""_blank"">Kalender Juni 2026: Catat 2 Hari Libur Nasional dan Peluang Long Weekend</a>&nbsp;&nbsp;<font color=""#6f6f6f"">Kompas.com</font>",https://news.google.com/rss/articles/CBMiwwFBVV95cUxPenVzTlJMdXFSM1g2TVJadDVYaW1Qd0hULUdGYktRQVpzMUJPV3ZRTHM0S3M0alVseWMtQmRKN093Sy1YNjhWd19kYTNyN0d4dXFuc09udHdic0NPSXVsb2VZVHBhN01vN3ZGSHhiTDd1aG5Ea1NjU1pfM1R4WUtBR3N2dTI0UXc5WXItZmlxZEE2eGtsNkZjSWwzX0dkZF9xY2cxTXFsS0VSMWRqYVBtOHhEZlZHcTJialVBNDRsMEtiMXc?oc=5,2026-05-31 04:00:00,Kompas.com
49,Kalender Juni 2026: Siap-siap Temui 2 Hari Libur Nasional dan Potensi Long Weekend 4 Hari - Kompas.com,"<a href=""https://news.google.com/rss/articles/CBMixwFBVV95cUxPNGJWM3pubEhBWmdKbVJ4b21jMERJc1dsWnBQdW1RZmVYZHVteDRHSDExZG0wVkszMXdsVVR4QWJpUDFlc0syQ1pybTJvQXlhWi1UTVJNbEFZeUh5bVJyRURNY2F6RzJvMFRmOEctc2ZZaGZTLVJJaURVN1gyRjdDNTU4MjQyVGFCZVhXTF84aW5xWXhSLUczTEZIZzk0b3hsSndNQVhBMTJ1UkpRdmp0UHZCQ1hkdDRLNmlJWVBVV01iS1BLMTFV0gHHAUFVX3lxTE1uS0Fmd2ltallFRkRQaXU1ZXM4YVFmTWtYR3hVU3JFbi1DNnhXTHV1M3BfYmFiR2RYSjB1UkJMMlJKc3J0MnN6YkdiQmZSc3RZUlB5RS1rRDYzUHBuWkoxU3ZEM2NRVXRvX2JDalIxZW9CUTlzaFpkXzRYSS1KNzJFdzl3LTc5SnVjd18yWnp1X2dyRlhtTXYzM3R4SkhnYlFYcFljbTJrYV9fQ2RTMlB1eGp5R1pneVNubDJBVWFFOHNqWlpFUWs?oc=5"" target=""_blank"">Kalender Juni 2026: Siap-siap Temui 2 Hari Libur Nasional dan Potensi Long Weekend 4 Hari</a>&nbsp;&nbsp;<font color=""#6f6f6f"">Kompas.com</font>",https://news.google.com/rss/articles/CBMixwFBVV95cUxPNGJWM3pubEhBWmdKbVJ4b21jMERJc1dsWnBQdW1RZmVYZHVteDRHSDExZG0wVkszMXdsVVR4QWJpUDFlc0syQ1pybTJvQXlhWi1UTVJNbEFZeUh5bVJyRURNY2F6RzJvMFRmOEctc2ZZaGZTLVJJaURVN1gyRjdDNTU4MjQyVGFCZVhXTF84aW5xWXhSLUczTEZIZzk0b3hsSndNQVhBMTJ1UkpRdmp0UHZCQ1hkdDRLNmlJWVBVV01iS1BLMTFV0gHHAUFVX3lxTE1uS0Fmd2ltallFRkRQaXU1ZXM4YVFmTWtYR3hVU3JFbi1DNnhXTHV1M3BfYmFiR2RYSjB1UkJMMlJKc3J0MnN6YkdiQmZSc3RZUlB5RS1rRDYzUHBuWkoxU3ZEM2NRVXRvX2JDalIxZW9CUTlzaFpkXzRYSS1KNzJFdzl3LTc5SnVjd18yWnp1X2dyRlhtTXYzM3R4SkhnYlFYcFljbTJrYV9fQ2RTMlB1eGp5R1pneVNubDJBVWFFOHNqWlpFUWs?oc=5,2026-05-31 01:00:00,Kompas.com
50,"Pergantian Kepemimpinan, BGN Diharapkan Perbaiki Komunikasi Publik - Kompas.com","<a href=""https://news.google.com/rss/articles/CBMiugFBVV95cUxPMUJUdFlERk9mUkFrQnpPWm1PQkFtUlFtQlNBV3F6TGJBeXd4NUxJYUZsSjlxM1VjZk5WeTh3SGhuWUV1by1vcER3c1ktVkR1VHM4eXVqcnFGckVyUU0wX0taMXQ2dTlaWndWTVo3VlJ3VUxsS0FndnVPZ19hQ1ozNnRKNzR5Wnh6OGVmeUVfVkdmNDVPaXRWbnJoT1d5bEJWT2ZFQjJwV2VQYjd3dFJHSFdWWk1kOWxBV0E?oc=5"" target=""_blank"">Pergantian Kepemimpinan, BGN Diharapkan Perbaiki Komunikasi Publik</a>&nbsp;&nbsp;<font color=""#6f6f6f"">Kompas.com</font>",https://news.google.com/rss/articles/CBMiugFBVV95cUxPMUJUdFlERk9mUkFrQnpPWm1PQkFtUlFtQlNBV3F6TGJBeXd4NUxJYUZsSjlxM1VjZk5WeTh3SGhuWUV1by1vcER3c1ktVkR1VHM4eXVqcnFGckVyUU0wX0taMXQ2dTlaWndWTVo3VlJ3VUxsS0FndnVPZ19hQ1ozNnRKNzR5Wnh6OGVmeUVfVkdmNDVPaXRWbnJoT1d5bEJWT2ZFQjJwV2VQYjd3dFJHSFdWWk1kOWxBV0E?oc=5,2026-06-03 07:37:00,Kompas.com
51,Prabowo: Sudah Terlalu Lama Kekayaan Alam Kita Ditentukan Negara Lain... - Kompas.com,"<a href=""https://news.google.com/rss/articles/CBMivgFBVV95cUxNRjI4MUtwVkdzOWdPZWpjbzUwS2V6REUxcHQzM3NCZlJjcmJzTktSaHplbFNNRFlYXzN5OUZ5TEFKU0NGVFBMcGEtTTFFeTZ6T25mTlZ0S00zUkszTUdtX3FRNXdLcEkzTG52cjBRUU12VEpobExtckxJd29xQzQwSGZPMVdjOXZlZ19YcEhXUnlCQTl6U3lqRnlhc18tN0dyYU9lcEtLY25HV0JSZVFIcnZrS2tUR2xrdmo5al9R?oc=5"" target=""_blank"">Prabowo: Sudah Terlalu Lama Kekayaan Alam Kita Ditentukan Negara Lain...</a>&nbsp;&nbsp;<font color=""#6f6f6f"">Kompas.com</font>",https://news.google.com/rss/articles/CBMivgFBVV95cUxNRjI4MUtwVkdzOWdPZWpjbzUwS2V6REUxcHQzM3NCZlJjcmJzTktSaHplbFNNRFlYXzN5OUZ5TEFKU0NGVFBMcGEtTTFFeTZ6T25mTlZ0S00zUkszTUdtX3FRNXdLcEkzTG52cjBRUU12VEpobExtckxJd29xQzQwSGZPMVdjOXZlZ19YcEhXUnlCQTl6U3lqRnlhc18tN0dyYU9lcEtLY25HV0JSZVFIcnZrS2tUR2xrdmo5al9R?oc=5,2026-06-01 04:57:00,Kompas.com
52,"Rencana MBG Meluncur ke Luar Negeri, Anak PMI di Jeddah Jadi Sasaran - Kompas.com","<a href=""https://news.google.com/rss/articles/CBMiyAFBVV95cUxQd2NTZVFFZ21FX05PMEF4QW1KTVVBang3QVUtZWRPM1JEOUFBZE5faEkxcy1NYjUyLTJudVl6czRHV0pkOGczeHNGUUpEY3BkbjhJSG4wRFZ1WVpMREgxNVU2WkNyMHc5d0FIeGR1SXdLaVBsMDFNWHVXdjloUTdMY2JndkpSZVZMOUdUSGNnNFpHRTMtUjR3NUxBRTEtU0dHbkgwcUVPWFA0VlBmbkloY3Z6aVhHcVEyVnZIcmFlLUJldUE2b1hPRw?oc=5"" target=""_blank"">Rencana MBG Meluncur ke Luar Negeri, Anak PMI di Jeddah Jadi Sasaran</a>&nbsp;&nbsp;<font color=""#6f6f6f"">Kompas.com</font>",https://news.google.com/rss/articles/CBMiyAFBVV95cUxQd2NTZVFFZ21FX05PMEF4QW1KTVVBang3QVUtZWRPM1JEOUFBZE5faEkxcy1NYjUyLTJudVl6czRHV0pkOGczeHNGUUpEY3BkbjhJSG4wRFZ1WVpMREgxNVU2WkNyMHc5d0FIeGR1SXdLaVBsMDFNWHVXdjloUTdMY2JndkpSZVZMOUdUSGNnNFpHRTMtUjR3NUxBRTEtU0dHbkgwcUVPWFA0VlBmbkloY3Z6aVhHcVEyVnZIcmFlLUJldUE2b1hPRw?oc=5,2026-06-02 00:05:00,Kompas.com
53,Penggeledahan Kantor BGN Sudah Sejak Pukul 2 Pagi - Kompas.com,"<a href=""https://news.google.com/rss/articles/CBMipAFBVV95cUxNU0h4aDgxQUhlN05FRUM5ZDVNQVNqT016RkFITzg3ZERGVS1GTjFESlhxVjNPNFJMdFlTRnhTNlAyU0tHY3dqWmN1NkMxRlpEejg2ckx1VmVYTVhqdHZuZ1R3bnBxdzZtQXY1VEpzSVZJckdGMEtfNUtNRTJPejNRYzRxMjEyako2TnBrTDlremZpMC0wT1R3cmttWVphaDlRMkNPQQ?oc=5"" target=""_blank"">Penggeledahan Kantor BGN Sudah Sejak Pukul 2 Pagi</a>&nbsp;&nbsp;<font color=""#6f6f6f"">Kompas.com</font>",https://news.google.com/rss/articles/CBMipAFBVV95cUxNU0h4aDgxQUhlN05FRUM5ZDVNQVNqT016RkFITzg3ZERGVS1GTjFESlhxVjNPNFJMdFlTRnhTNlAyU0tHY3dqWmN1NkMxRlpEejg2ckx1VmVYTVhqdHZuZ1R3bnBxdzZtQXY1VEpzSVZJckdGMEtfNUtNRTJPejNRYzRxMjEyako2TnBrTDlremZpMC0wT1R3cmttWVphaDlRMkNPQQ?oc=5,2026-06-03 05:03:00,Kompas.com
54,Wamen Imipas Silmy Karim Menyerahkan Diri ke KPK Menjelang Tengah Malam - Kompas.com,"<a href=""https://news.google.com/rss/articles/CBMizgFBVV95cUxQdm55MG8tdjFlZEpaUTVCZFd6RFhnYUY1U2JiUlNBRW11NmxadkRUa2hsai01NHJKOE5COTE1dExKaUZXS2x5dkx4OFBuUVoxTFdpaXZnTmREVFV1YmJqRjNfYUMtanBjdGNpZXFBQjItRVpvdkdBNGVRQi02MkQ3M1Aybm1MRTFBX3VCMkg2dUZsWVNDMzVGTVVoSEN3c0pySTNISGNmMzBjUVpOTWRQRjFPcUdqeWNHQnp4cG1IVkpqM0d1TDZPcHNJak5nZw?oc=5"" target=""_blank"">Wamen Imipas Silmy Karim Menyerahkan Diri ke KPK Menjelang Tengah Malam</a>&nbsp;&nbsp;<font color=""#6f6f6f"">Kompas.com</font>",https://news.google.com/rss/articles/CBMizgFBVV95cUxQdm55MG8tdjFlZEpaUTVCZFd6RFhnYUY1U2JiUlNBRW11NmxadkRUa2hsai01NHJKOE5COTE1dExKaUZXS2x5dkx4OFBuUVoxTFdpaXZnTmREVFV1YmJqRjNfYUMtanBjdGNpZXFBQjItRVpvdkdBNGVRQi02MkQ3M1Aybm1MRTFBX3VCMkg2dUZsWVNDMzVGTVVoSEN3c0pySTNISGNmMzBjUVpOTWRQRjFPcUdqeWNHQnp4cG1IVkpqM0d1TDZPcHNJak5nZw?oc=5,2026-06-03 15:54:00,Kompas.com
55,"Kejagung Tahan Eks Kepala BGN Dadan Hindayana, Sony Sanjaya dan Lodewyk di Rutan Salemba - Kompas.com","<a href=""https://news.google.com/rss/articles/CBMixAFBVV95cUxNdDFpb1JYeFNzOFRwaF9MM0dQOWZ2SzkxRlhWbWNmRHM1Q1kwT2VyU3o0cHk2aFhRV19yZ2ExRXgzT2FqUTVRazViRGRpQmxXUEZuOXRrbkRScU1VaUhudHdXcE4tMUxYNDNDOVZEeXUtY0taYUlSZFBWR2NZS21NOXBJYnphajN6ekR3Rk5LbmItWWNfLXVieFJGY2Q0akJ1QjBIQmhXTzhfN2NpNkZWWU1FV19BQ3VIaHJWZ3R0WEt0R1Yw?oc=5"" target=""_blank"">Kejagung Tahan Eks Kepala BGN Dadan Hindayana, Sony Sanjaya dan Lodewyk di Rutan Salemba</a>&nbsp;&nbsp;<font color=""#6f6f6f"">Kompas.com</font>",https://news.google.com/rss/articles/CBMixAFBVV95cUxNdDFpb1JYeFNzOFRwaF9MM0dQOWZ2SzkxRlhWbWNmRHM1Q1kwT2VyU3o0cHk2aFhRV19yZ2ExRXgzT2FqUTVRazViRGRpQmxXUEZuOXRrbkRScU1VaUhudHdXcE4tMUxYNDNDOVZEeXUtY0taYUlSZFBWR2NZS21NOXBJYnphajN6ekR3Rk5LbmItWWNfLXVieFJGY2Q0akJ1QjBIQmhXTzhfN2NpNkZWWU1FV19BQ3VIaHJWZ3R0WEt0R1Yw?oc=5,2026-06-03 11:01:00,Kompas.com
56,"Dicoret dari Calon Paskibraka Nasional, Siswi Makassar Ini Dapat Tawaran Beasiswa Kuliah - Kompas.com","<a href=""https://news.google.com/rss/articles/CBMizwFBVV95cUxNUS1DcXI0dm1qZENzTkFnS3JfOFJIb1ZSNFRIWXd2dS1LSHViUWlScG9wMk5vMXQ1bEkzSTFsdmdqeVd5X1dJN0VLYmlLcjZad3dnMnE0aGl1b1JZVGR0ODVDSUxic3pJN1J2MVBiQW1VSjh3X0FjZzd6ZHV2SjFfV0RVNGxGV01TUkNpeUNkLUdHbFhUUWs1SDdxbjRqMUdOM05GTTl1d0lzeXMwRHFuV2xtbXZXNk10TVk0ZlRtRFhPYjJwaVZNZFBwYmhnZWPSAcMBQVVfeXFMTXNVWF9mdzZyN3pUVEdXN2tibElhZDEzWWgwckhTQmNVbV8tM2tVSV8xaDZlMjUtRmJ1ajA2cnBGTTh6dmNZVlhlUW4xVUM0a2JBQ190MEtGTV9HZUszZlVfS0VJNU1NS0RqQzlkcWdIT2hZQ0NtZmxBUzlZNTE2clpPY3ZDU0FJdDJUbnI3QkJSSUUxNHU1SXI2bFBNN1lHUnJXdTlzd0JGbGRDUU5ld3BHN0xYek1fRk92dk5zbWUxblpz?oc=5"" target=""_blank"">Dicoret dari Calon Paskibraka Nasional, Siswi Makassar Ini Dapat Tawaran Beasiswa Kuliah</a>&nbsp;&nbsp;<font color=""#6f6f6f"">Kompas.com</font>",https://news.google.com/rss/articles/CBMizwFBVV95cUxNUS1DcXI0dm1qZENzTkFnS3JfOFJIb1ZSNFRIWXd2dS1LSHViUWlScG9wMk5vMXQ1bEkzSTFsdmdqeVd5X1dJN0VLYmlLcjZad3dnMnE0aGl1b1JZVGR0ODVDSUxic3pJN1J2MVBiQW1VSjh3X0FjZzd6ZHV2SjFfV0RVNGxGV01TUkNpeUNkLUdHbFhUUWs1SDdxbjRqMUdOM05GTTl1d0lzeXMwRHFuV2xtbXZXNk10TVk0ZlRtRFhPYjJwaVZNZFBwYmhnZWPSAcMBQVVfeXFMTXNVWF9mdzZyN3pUVEdXN2tibElhZDEzWWgwckhTQmNVbV8tM2tVSV8xaDZlMjUtRmJ1ajA2cnBGTTh6dmNZVlhlUW4xVUM0a2JBQ190MEtGTV9HZUszZlVfS0VJNU1NS0RqQzlkcWdIT2hZQ0NtZmxBUzlZNTE2clpPY3ZDU0FJdDJUbnI3QkJSSUUxNHU1SXI2bFBNN1lHUnJXdTlzd0JGbGRDUU5ld3BHN0xYek1fRk92dk5zbWUxblpz?oc=5,2026-05-29 11:00:00,Kompas.com
57,Prabowo Kumpulkan 12 Ribu Penggerak MBG: Terima Kasih atas Kesetiaan Kalian! - Kompas.com,"<a href=""https://news.google.com/rss/articles/CBMixgFBVV95cUxPYWRPN2s2Tl9Dc1dRRGdQNUJxTUwwb2JmT3VLMTRpLUgzQlhDZC1HVVE5UGZFRmhtcFc5a3gzRF83N040emM0aDF6RnlEa1c1Q1pwV0RsaDh4d3RxUlZNOWVYNmFGM1lOdUJhN3ByeUdxU3dWVGZibzNHVkFUMkZWRmZTdjBtSWFlaGRuZDVTeGh0ZGtTbWNqSnlmZU9nNkstNkFNX0pqVlVzMm5BNFpUa1lTV0JfOVhUWHl4TUZ4bVZoRXo2RVE?oc=5"" target=""_blank"">Prabowo Kumpulkan 12 Ribu Penggerak MBG: Terima Kasih atas Kesetiaan Kalian!</a>&nbsp;&nbsp;<font color=""#6f6f6f"">Kompas.com</font>",https://news.google.com/rss/articles/CBMixgFBVV95cUxPYWRPN2s2Tl9Dc1dRRGdQNUJxTUwwb2JmT3VLMTRpLUgzQlhDZC1HVVE5UGZFRmhtcFc5a3gzRF83N040emM0aDF6RnlEa1c1Q1pwV0RsaDh4d3RxUlZNOWVYNmFGM1lOdUJhN3ByeUdxU3dWVGZibzNHVkFUMkZWRmZTdjBtSWFlaGRuZDVTeGh0ZGtTbWNqSnlmZU9nNkstNkFNX0pqVlVzMm5BNFpUa1lTV0JfOVhUWHl4TUZ4bVZoRXo2RVE?oc=5,2026-06-03 11:59:00,Kompas.com
58,"Eks Wakil Kepala BGN Lodewyk Pusung Punya Harta Kekayaan Rp 60,5 Miliar - Kompas.com","<a href=""https://news.google.com/rss/articles/CBMiwAFBVV95cUxNZE5QMG5LdmdzVHRiOFByV2oxQnVodnR2OEplb01oaEJCZ0V4VkF0OENSS2NyaEl1ZnhKTVF6LVBBMGJFXzRiTEVvSWZNaTU4NlV3dndEQk9BSWVTNXlUM1Vyc01tOUliUzVWM1R4elo3c3V4Z041Ym1RdVJtVFI4WjNib2x3cnZHUG9RS0d0RGpNUWgyaERxZU5yRzVWRFRzdTV6S2pieHhEcDhMQU55dlhHNmJVVEEtWXRoWm5jbng?oc=5"" target=""_blank"">Eks Wakil Kepala BGN Lodewyk Pusung Punya Harta Kekayaan Rp 60,5 Miliar</a>&nbsp;&nbsp;<font color=""#6f6f6f"">Kompas.com</font>",https://news.google.com/rss/articles/CBMiwAFBVV95cUxNZE5QMG5LdmdzVHRiOFByV2oxQnVodnR2OEplb01oaEJCZ0V4VkF0OENSS2NyaEl1ZnhKTVF6LVBBMGJFXzRiTEVvSWZNaTU4NlV3dndEQk9BSWVTNXlUM1Vyc01tOUliUzVWM1R4elo3c3V4Z041Ym1RdVJtVFI4WjNib2x3cnZHUG9RS0d0RGpNUWgyaERxZU5yRzVWRFRzdTV6S2pieHhEcDhMQU55dlhHNmJVVEEtWXRoWm5jbng?oc=5,2026-06-03 12:34:00,Kompas.com
59,Foto : BREAKING NEWS: Nanik S Deyang Diangkat Jadi Kepala BGN Gantikan Dadan Halaman 1 - Kompas.com,"<a href=""https://news.google.com/rss/articles/CBMiyAFBVV95cUxNYWNlSWlTVkVrM1NNRUR4MTRlSV9hZThmM2F5WlVwNGVkMlJseEJWUDVyR2NXb055S1g3LWRWZFpwTjZhVzRSV3U2cW9PcWFuMjVSUW1lS3p0V2RYVGNEWVF5bFdiZHRGUG9XWEYyNTlYdzlWWW93bGxtOHFlcFc0Q0JsdjE4aVE2dnM2akF1RFNTWnFhRGs5aE9qQ2FPcU5NS3NibTlxODk4cmRlZms4aVlGWUxjTG5RbHFOemFYeTdEbDZWb0lUNg?oc=5"" target=""_blank"">Foto : BREAKING NEWS: Nanik S Deyang Diangkat Jadi Kepala BGN Gantikan Dadan Halaman 1</a>&nbsp;&nbsp;<font color=""#6f6f6f"">Kompas.com</font>",https://news.google.com/rss/articles/CBMiyAFBVV95cUxNYWNlSWlTVkVrM1NNRUR4MTRlSV9hZThmM2F5WlVwNGVkMlJseEJWUDVyR2NXb055S1g3LWRWZFpwTjZhVzRSV3U2cW9PcWFuMjVSUW1lS3p0V2RYVGNEWVF5bFdiZHRGUG9XWEYyNTlYdzlWWW93bGxtOHFlcFc0Q0JsdjE4aVE2dnM2akF1RFNTWnFhRGs5aE9qQ2FPcU5NS3NibTlxODk4cmRlZms4aVlGWUxjTG5RbHFOemFYeTdEbDZWb0lUNg?oc=5,2026-06-02 14:12:40,Kompas.com
60,Menhan Sjafrie Pimpin Upacara Pemakaman Militer Ryamizard Ryacudu - Kompas.com,"<a href=""https://news.google.com/rss/articles/CBMiugFBVV95cUxNYktEdjRkTDRNa1VUdllrcVN2VXplTjUwYzhnTGxkSlFDc3gxUGdqakxpVG82elRhd3ZyQ3NGYWxrTnAyRHNTOXhPMDRjUVdpTnQ4cG9tMFdacUllNVpLbjh5NHAyYThlbnFISnUzcXJfZVlQNW5nNGE5WUZZbjREZ1g4MUlRdHJtaXRUdXppYV9OX29ZN25KSi1mbmRWYXY2VWxzUXFGemIzVlNhVWR2WUdTOGVYU2kyU0E?oc=5"" target=""_blank"">Menhan Sjafrie Pimpin Upacara Pemakaman Militer Ryamizard Ryacudu</a>&nbsp;&nbsp;<font color=""#6f6f6f"">Kompas.com</font>",https://news.google.com/rss/articles/CBMiugFBVV95cUxNYktEdjRkTDRNa1VUdllrcVN2VXplTjUwYzhnTGxkSlFDc3gxUGdqakxpVG82elRhd3ZyQ3NGYWxrTnAyRHNTOXhPMDRjUVdpTnQ4cG9tMFdacUllNVpLbjh5NHAyYThlbnFISnUzcXJfZVlQNW5nNGE5WUZZbjREZ1g4MUlRdHJtaXRUdXppYV9OX29ZN25KSi1mbmRWYXY2VWxzUXFGemIzVlNhVWR2WUdTOGVYU2kyU0E?oc=5,2026-06-01 05:24:00,Kompas.com
61,Ini Evaluasi Prabowo yang Bikin Dadan Dicopot dari Kepala BGN - Kompas.com,"<a href=""https://news.google.com/rss/articles/CBMitAFBVV95cUxPS2djelVmaTFxU29raHpUSWRxVHBseVRhVHh4cXlaaTBqQVRMeHV6dUwzejJQWkNnaUdUMGI0Mk9CUVprR2dwTDJTV3hScThvVWdYRFlfYjFfdkJEMjQ0enUtYmU4UENkVTFrM1NHRGNaYVp6U3Q2bHBHY05vRlM4TmdzRUhzajBWd0JoTTM4dTRuTV90Q1liMGtMemZKRkNGd3k5WURORjFfS0g2WmNwQ1NZakc?oc=5"" target=""_blank"">Ini Evaluasi Prabowo yang Bikin Dadan Dicopot dari Kepala BGN</a>&nbsp;&nbsp;<font color=""#6f6f6f"">Kompas.com</font>",https://news.google.com/rss/articles/CBMitAFBVV95cUxPS2djelVmaTFxU29raHpUSWRxVHBseVRhVHh4cXlaaTBqQVRMeHV6dUwzejJQWkNnaUdUMGI0Mk9CUVprR2dwTDJTV3hScThvVWdYRFlfYjFfdkJEMjQ0enUtYmU4UENkVTFrM1NHRGNaYVp6U3Q2bHBHY05vRlM4TmdzRUhzajBWd0JoTTM4dTRuTV90Q1liMGtMemZKRkNGd3k5WURORjFfS0g2WmNwQ1NZakc?oc=5,2026-06-02 14:45:00,Kompas.com
62,Kalender Juni 2026: Daftar 4 Tanggal Merah dan 2 Hari Libur Nasional - Kompas.com,"<a href=""https://news.google.com/rss/articles/CBMiwwFBVV95cUxNSTRxb29Iczg5VEx5ejUxLWFCcmRZOGVESGRiX1JZMHBuZ0JJR0ZEMWF4QzN3T2Q3N2FJT3Baa21GM3BTc3Y1U1ZCZmNmNGtvTW9QdGkzbW42eUJyR1Brbm5iTkRKUjZ5aFA3UzRCTXFNQi0zX3hKSVJlQkFtSTI1MmIxR3dvRWw2WkFDdzFfZThzV0p4bGJrWTE5YWswMUkySjRoV1JGcGREUnFwYUEwTEJ3XzhsS085T1FIcU9WanluZGs?oc=5"" target=""_blank"">Kalender Juni 2026: Daftar 4 Tanggal Merah dan 2 Hari Libur Nasional</a>&nbsp;&nbsp;<font color=""#6f6f6f"">Kompas.com</font>",https://news.google.com/rss/articles/CBMiwwFBVV95cUxNSTRxb29Iczg5VEx5ejUxLWFCcmRZOGVESGRiX1JZMHBuZ0JJR0ZEMWF4QzN3T2Q3N2FJT3Baa21GM3BTc3Y1U1ZCZmNmNGtvTW9QdGkzbW42eUJyR1Brbm5iTkRKUjZ5aFA3UzRCTXFNQi0zX3hKSVJlQkFtSTI1MmIxR3dvRWw2WkFDdzFfZThzV0p4bGJrWTE5YWswMUkySjRoV1JGcGREUnFwYUEwTEJ3XzhsS085T1FIcU9WanluZGs?oc=5,2026-05-29 11:00:00,Kompas.com
63,Wali Kota Baubau Ungkap Strategi Tekan Pengangguran hingga Masuk Nominasi Nasional - Kompas.com,"<a href=""https://news.google.com/rss/articles/CBMixgFBVV95cUxPNnJIRE12VDZ4a21yS2RubDdGWUliVS03aDNnVGY0clRPaFFaZWlGN1JVdDlyZ0lneFBDZ1ItWTFOaXVCV0syVmtIX0lIRUFiNExxc0dKSGp3ZEU3T2NodFQ4OE1lLWMwTkNNY3ZRYlNwbFlQUll6TWJDWThDM0Q1RFVycmFWNUNIakpPSWpGb25kQy1FTFVabDA0WVhJSGJJTlBSWU9xd2dXQUR2a01wanBMRGMyZHo5OExueGJyWnRvMlo0SGc?oc=5"" target=""_blank"">Wali Kota Baubau Ungkap Strategi Tekan Pengangguran hingga Masuk Nominasi Nasional</a>&nbsp;&nbsp;<font color=""#6f6f6f"">Kompas.com</font>",https://news.google.com/rss/articles/CBMixgFBVV95cUxPNnJIRE12VDZ4a21yS2RubDdGWUliVS03aDNnVGY0clRPaFFaZWlGN1JVdDlyZ0lneFBDZ1ItWTFOaXVCV0syVmtIX0lIRUFiNExxc0dKSGp3ZEU3T2NodFQ4OE1lLWMwTkNNY3ZRYlNwbFlQUll6TWJDWThDM0Q1RFVycmFWNUNIakpPSWpGb25kQy1FTFVabDA0WVhJSGJJTlBSWU9xd2dXQUR2a01wanBMRGMyZHo5OExueGJyWnRvMlo0SGc?oc=5,2026-05-29 12:33:00,Kompas.com
64,BPIP soal Isu Siswi Makassar Dicoret dari Paskibraka Nasional: Tak Ada Diskriminasi - Kompas.com,"<a href=""https://news.google.com/rss/articles/CBMivwFBVV95cUxNdkxSdGxfSDgxRXpiZ3pCTjltTEpCMzdXSnM1N1JWUWp4UnQ1dEdkUFFCaFVUS0dxeDluTTdFc0E5YXpNV2h1cy01VzJZV3FNRWZZTkZBQmxHeHIzR0FYSS1mY3JjclplSzRtMEVQcjQ3d25oMk41bFVlS2pWaElXLTEtZ04tMGRaWDhTbFh2NTRXT1JrTFE3TnhzbXdIajlBMkhqN0k4U0JUWXc0VE9RX2tuOUsyQTBBYVJGTWlqYw?oc=5"" target=""_blank"">BPIP soal Isu Siswi Makassar Dicoret dari Paskibraka Nasional: Tak Ada Diskriminasi</a>&nbsp;&nbsp;<font color=""#6f6f6f"">Kompas.com</font>",https://news.google.com/rss/articles/CBMivwFBVV95cUxNdkxSdGxfSDgxRXpiZ3pCTjltTEpCMzdXSnM1N1JWUWp4UnQ1dEdkUFFCaFVUS0dxeDluTTdFc0E5YXpNV2h1cy01VzJZV3FNRWZZTkZBQmxHeHIzR0FYSS1mY3JjclplSzRtMEVQcjQ3d25oMk41bFVlS2pWaElXLTEtZ04tMGRaWDhTbFh2NTRXT1JrTFE3TnhzbXdIajlBMkhqN0k4U0JUWXc0VE9RX2tuOUsyQTBBYVJGTWlqYw?oc=5,2026-05-29 04:17:00,Kompas.com
65,Tak Cukup Langkah Pencopotan Tiga Pimpinan BGN - Kompas.com,"<a href=""https://news.google.com/rss/articles/CBMirAFBVV95cUxOR2VzSlI0Ukx0dklXZUd2UHloRDJQaUtmLWpDSmtXQU9JU3Atdm03enJfSVlFX3BlYUdUWjVRQk0wVTdtZ2VOc29YcHN0VnNzUkVNREx3NUpob3pqR0l0TnBjVUFfWU5DSlNPOHdTNC00NlBQRmQtSzV1akJFSFhJSWN2b3JkcXFCWTd6T1ZSTElRMTdEanliNGhpOGRhQTF0cEdzV0xMWWJRODhD?oc=5"" target=""_blank"">Tak Cukup Langkah Pencopotan Tiga Pimpinan BGN</a>&nbsp;&nbsp;<font color=""#6f6f6f"">Kompas.com</font>",https://news.google.com/rss/articles/CBMirAFBVV95cUxOR2VzSlI0Ukx0dklXZUd2UHloRDJQaUtmLWpDSmtXQU9JU3Atdm03enJfSVlFX3BlYUdUWjVRQk0wVTdtZ2VOc29YcHN0VnNzUkVNREx3NUpob3pqR0l0TnBjVUFfWU5DSlNPOHdTNC00NlBQRmQtSzV1akJFSFhJSWN2b3JkcXFCWTd6T1ZSTElRMTdEanliNGhpOGRhQTF0cEdzV0xMWWJRODhD?oc=5,2026-06-02 22:49:00,Kompas.com
66,"Perpanjangan Usia Pensiun Anggota Polri Dikhawatirkan Picu ""Bottleneck"" Karier - Kompas.com","<a href=""https://news.google.com/rss/articles/CBMiyAFBVV95cUxPbG5qUEFmbkM2dGF3ZWlnd1Z0MTVfNFVtbGVlS3d4aHBqZ295SzNQOEZ6a0xHSkY3YW1Va3JPczBhN2dZU3RCRDV3aUpPMlpWT2RRdjVXVmpTeHlsVEpTVXgtVTI1V3ZIWDY2SzZQTWtZLVdoNE1OZDh5bVdTN3FVcnFhQ2FRY0FmM05rWkREUUdtYk9VZ1N4UDBDbG9qWVd0TmhzRlZyUHZOOTljSW1BTW92bnlxUWphVm1IWEptVXh1d09pYUpGcA?oc=5"" target=""_blank"">Perpanjangan Usia Pensiun Anggota Polri Dikhawatirkan Picu ""Bottleneck"" Karier</a>&nbsp;&nbsp;<font color=""#6f6f6f"">Kompas.com</font>",https://news.google.com/rss/articles/CBMiyAFBVV95cUxPbG5qUEFmbkM2dGF3ZWlnd1Z0MTVfNFVtbGVlS3d4aHBqZ295SzNQOEZ6a0xHSkY3YW1Va3JPczBhN2dZU3RCRDV3aUpPMlpWT2RRdjVXVmpTeHlsVEpTVXgtVTI1V3ZIWDY2SzZQTWtZLVdoNE1OZDh5bVdTN3FVcnFhQ2FRY0FmM05rWkREUUdtYk9VZ1N4UDBDbG9qWVd0TmhzRlZyUHZOOTljSW1BTW92bnlxUWphVm1IWEptVXh1d09pYUpGcA?oc=5,2026-06-02 06:37:00,Kompas.com
67,Akademisi Hukum Usulkan Kompolnas Jadi Badan Penasihat Strategis Polri - Kompas.com,"<a href=""https://news.google.com/rss/articles/CBMiwAFBVV95cUxNSDdSX1ZSbXFXb3VBbWUzS1dJTzZnUVIwbXRNVG5ablJNMGIzM3MxSDVUcDc4Um5XZVdPVVpSVUdpV0tReDlEUmU3aTU3ell2X2pGNENHTzVIRDVicHVHbUtzT0ItY3BKQW1fMUhBOF8wQ2VVZzRzeGQ2ajJuUi1sc09TRjRxZ0dodXhnVEtTYXAxRVhtb1dzdHVmbTAwMWRiOHlEVXV3OUQtN2ZRQ20tamp5YXNGRFNkbWZ2LW9qUUs?oc=5"" target=""_blank"">Akademisi Hukum Usulkan Kompolnas Jadi Badan Penasihat Strategis Polri</a>&nbsp;&nbsp;<font color=""#6f6f6f"">Kompas.com</font>",https://news.google.com/rss/articles/CBMiwAFBVV95cUxNSDdSX1ZSbXFXb3VBbWUzS1dJTzZnUVIwbXRNVG5ablJNMGIzM3MxSDVUcDc4Um5XZVdPVVpSVUdpV0tReDlEUmU3aTU3ell2X2pGNENHTzVIRDVicHVHbUtzT0ItY3BKQW1fMUhBOF8wQ2VVZzRzeGQ2ajJuUi1sc09TRjRxZ0dodXhnVEtTYXAxRVhtb1dzdHVmbTAwMWRiOHlEVXV3OUQtN2ZRQ20tamp5YXNGRFNkbWZ2LW9qUUs?oc=5,2026-06-03 09:26:00,Kompas.com
68,Kejagung: Yayasan Mitra MBG Terafiliasi Dadan Dkk Nikmati Insentif Miliaran Rupiah Per Hari - Kompas.com,"<a href=""https://news.google.com/rss/articles/CBMixgFBVV95cUxNejlyNTY0RlRmeTZ1OXJacXJ6c0ZoVm84eXJnT0t1S1BIa1VpbmhtZEZUQm5LUjZhaUtNQjNaUWNlNnExYU16cjRRSXppVjVYeE1PcTdPa2lKTC04MEk5SXVXbzNQVzFscXRtcFJtRzRndFBZREJGLTR6VmJOX2d5Q3loN0xVcXQwLWNvTnZYYy1QRThUTnJmc1hrY2FiYXpJenVVTE5IUURWNms2NFdVRWtEQkk1bDFDODI2RmFtNmpJSE9GUHc?oc=5"" target=""_blank"">Kejagung: Yayasan Mitra MBG Terafiliasi Dadan Dkk Nikmati Insentif Miliaran Rupiah Per Hari</a>&nbsp;&nbsp;<font color=""#6f6f6f"">Kompas.com</font>",https://news.google.com/rss/articles/CBMixgFBVV95cUxNejlyNTY0RlRmeTZ1OXJacXJ6c0ZoVm84eXJnT0t1S1BIa1VpbmhtZEZUQm5LUjZhaUtNQjNaUWNlNnExYU16cjRRSXppVjVYeE1PcTdPa2lKTC04MEk5SXVXbzNQVzFscXRtcFJtRzRndFBZREJGLTR6VmJOX2d5Q3loN0xVcXQwLWNvTnZYYy1QRThUTnJmc1hrY2FiYXpJenVVTE5IUURWNms2NFdVRWtEQkk1bDFDODI2RmFtNmpJSE9GUHc?oc=5,2026-06-03 11:32:00,Kompas.com
69,"Profil Dadan Hindayana, Kepala BGN yang Dicopot Prabowo - Kompas.com","<a href=""https://news.google.com/rss/articles/CBMitwFBVV95cUxQNXJ1X2dLWWJXT2xtWFY4OF84WHVpZDNtWm1paEl4ckh2ZVlVNlpJMVlRZDlSWnVaLXNhanVvOVRmbHVTbGoySmZmRGk4bXRacEJnSGtnYmkwOXZqN0pFM2xoZGV6aWllQjByRWxhb2NWUHVOcF9WZ3hpNE0tWVJmbDdoNXB1YWRRUUVCWXFpcDZIMEozNXZuajZ1NXI4UGFsMlZ6czkzM0xtYUl0VURpQVpfZHdmNmc?oc=5"" target=""_blank"">Profil Dadan Hindayana, Kepala BGN yang Dicopot Prabowo</a>&nbsp;&nbsp;<font color=""#6f6f6f"">Kompas.com</font>",https://news.google.com/rss/articles/CBMitwFBVV95cUxQNXJ1X2dLWWJXT2xtWFY4OF84WHVpZDNtWm1paEl4ckh2ZVlVNlpJMVlRZDlSWnVaLXNhanVvOVRmbHVTbGoySmZmRGk4bXRacEJnSGtnYmkwOXZqN0pFM2xoZGV6aWllQjByRWxhb2NWUHVOcF9WZ3hpNE0tWVJmbDdoNXB1YWRRUUVCWXFpcDZIMEozNXZuajZ1NXI4UGFsMlZ6czkzM0xtYUl0VURpQVpfZHdmNmc?oc=5,2026-06-02 13:53:00,Kompas.com
70,Kejagung Bawa Box Kontainer dan Berkas dari Kantor BGN Usai Penggeledahan 15 Jam - Kompas.com,"<a href=""https://news.google.com/rss/articles/CBMiyAFBVV95cUxQVG0waF9lVmE0QV80bmpRTWk0cjB3bEh1ZkFOU2dxQVhocnhzMFp1NDh1cTJVNTUxbXd5dkRZcjluaE5JdGREUmVqNmQ5d1BhTG1IN3RhSXY2WU9CR1RHRm9TS2FUSVRLWGZudXF3VTBNZVA0SDJlcTkxWm1WcDNqay1WWVhHalZ4VnpqQ0JZRTFiamJwY3ZWLUJyUFFSeUpUTnBPVFI2bXdZLVlSTklTcEZxcFJVb2ZYOFltbWczMFhtNDFRSDZ0Qw?oc=5"" target=""_blank"">Kejagung Bawa Box Kontainer dan Berkas dari Kantor BGN Usai Penggeledahan 15 Jam</a>&nbsp;&nbsp;<font color=""#6f6f6f"">Kompas.com</font>",https://news.google.com/rss/articles/CBMiyAFBVV95cUxQVG0waF9lVmE0QV80bmpRTWk0cjB3bEh1ZkFOU2dxQVhocnhzMFp1NDh1cTJVNTUxbXd5dkRZcjluaE5JdGREUmVqNmQ5d1BhTG1IN3RhSXY2WU9CR1RHRm9TS2FUSVRLWGZudXF3VTBNZVA0SDJlcTkxWm1WcDNqay1WWVhHalZ4VnpqQ0JZRTFiamJwY3ZWLUJyUFFSeUpUTnBPVFI2bXdZLVlSTklTcEZxcFJVb2ZYOFltbWczMFhtNDFRSDZ0Qw?oc=5,2026-06-03 11:08:00,Kompas.com
71,"Selain Dadan, 2 Eks Wakil Kepala BGN Juga Jadi Tersangka Korupsi MBG - Kompas.com","<a href=""https://news.google.com/rss/articles/CBMivAFBVV95cUxPcmNkX2NHQV9NMEVhYVRHTXc1cG9DWGtXSFkxMW80ekViYzIwQmJFbE1WNTdrdEktVW9QUXQ0cEU3OXFfb3V2Z1M4R2dRNUVtR2hsdUxqX0hqX0dFWkc1Wmo2S3R2UDlCWEszQlgtdFJ2NDV4WjAwZVZfeWRCdmViYkhqUGdGNURuWk16YmJNYlZjUjRPbnNpZVFZaWpZTDl0aVE1MlMtN2Y1RDZ1d2VmUTBDemhYNVIwRzh0WQ?oc=5"" target=""_blank"">Selain Dadan, 2 Eks Wakil Kepala BGN Juga Jadi Tersangka Korupsi MBG</a>&nbsp;&nbsp;<font color=""#6f6f6f"">Kompas.com</font>",https://news.google.com/rss/articles/CBMivAFBVV95cUxPcmNkX2NHQV9NMEVhYVRHTXc1cG9DWGtXSFkxMW80ekViYzIwQmJFbE1WNTdrdEktVW9QUXQ0cEU3OXFfb3V2Z1M4R2dRNUVtR2hsdUxqX0hqX0dFWkc1Wmo2S3R2UDlCWEszQlgtdFJ2NDV4WjAwZVZfeWRCdmViYkhqUGdGNURuWk16YmJNYlZjUjRPbnNpZVFZaWpZTDl0aVE1MlMtN2Y1RDZ1d2VmUTBDemhYNVIwRzh0WQ?oc=5,2026-06-03 10:57:00,Kompas.com
72,"Dadan Hindayana Jadi Tersangka, Apa yang Didapat Kejagung dari Penggeledahan Kantor BGN? - Kompas.com","<a href=""https://news.google.com/rss/articles/CBMixwFBVV95cUxQYUdYMTJQNlA2VGZwd010RzJvVWV5azFNVzRDWmUtUFFFYzBHRGlYZDlXMXhMLWk3Z0ZjeDZ0VDdPTUNnYTB1VHk2TnZRcmU1Rjh5cjF3MTRfSXNxTmloYWRvT1VKeXVCYUs4TjlyRGJORzBvNUpRNE9QM1BNX1Nlb3UweTdSeldmRVdMUGpGUlVwQnhPUEtGMjAzbGpyRXpPb1JINVNBV2dTMmpsWUN3NmJ1NnJuMWlQUnlwSzY5QVR6U2h2dGxN?oc=5"" target=""_blank"">Dadan Hindayana Jadi Tersangka, Apa yang Didapat Kejagung dari Penggeledahan Kantor BGN?</a>&nbsp;&nbsp;<font color=""#6f6f6f"">Kompas.com</font>",https://news.google.com/rss/articles/CBMixwFBVV95cUxQYUdYMTJQNlA2VGZwd010RzJvVWV5azFNVzRDWmUtUFFFYzBHRGlYZDlXMXhMLWk3Z0ZjeDZ0VDdPTUNnYTB1VHk2TnZRcmU1Rjh5cjF3MTRfSXNxTmloYWRvT1VKeXVCYUs4TjlyRGJORzBvNUpRNE9QM1BNX1Nlb3UweTdSeldmRVdMUGpGUlVwQnhPUEtGMjAzbGpyRXpPb1JINVNBV2dTMmpsWUN3NmJ1NnJuMWlQUnlwSzY5QVR6U2h2dGxN?oc=5,2026-06-04 01:59:00,Kompas.com
73,Kekayaan Eks Wakil Kepala BGN Sony Sonjaya Naik Rp 12 M dalam Setahun - Kompas.com,"<a href=""https://news.google.com/rss/articles/CBMiywFBVV95cUxPc0w3Sk1sTjF3VG91bnhLMU93RGtkekpTWVM3RmlramhxRlZEaGx5U3dJR3RWcTd1eE43a24zSFFnUG1USDlwZlNVSUVVVGEyWFBrVk5jV012QlRBLTZGMmVNQTVlQ250THFRYW1rcGpKRFk3bGpDYnIwRWJjS0haMk1TWlJEaEJrNEkwbC1QamlSaE53by15ZVhrWE4xRGxuRkd4UnNjQm1aRGEwZzZCVU5QZ0Zod1EwaGhRdVdDT2RiOVQ5bW9aUVJUdw?oc=5"" target=""_blank"">Kekayaan Eks Wakil Kepala BGN Sony Sonjaya Naik Rp 12 M dalam Setahun</a>&nbsp;&nbsp;<font color=""#6f6f6f"">Kompas.com</font>",https://news.google.com/rss/articles/CBMiywFBVV95cUxPc0w3Sk1sTjF3VG91bnhLMU93RGtkekpTWVM3RmlramhxRlZEaGx5U3dJR3RWcTd1eE43a24zSFFnUG1USDlwZlNVSUVVVGEyWFBrVk5jV012QlRBLTZGMmVNQTVlQ250THFRYW1rcGpKRFk3bGpDYnIwRWJjS0haMk1TWlJEaEJrNEkwbC1QamlSaE53by15ZVhrWE4xRGxuRkd4UnNjQm1aRGEwZzZCVU5QZ0Zod1EwaGhRdVdDT2RiOVQ5bW9aUVJUdw?oc=5,2026-06-03 12:14:00,Kompas.com
74,"Soal Siswi Makassar Dicoret dari Paskibraka Nasional, Pemprov Sulsel: Tak Bisa Diintervensi - Kompas.com","<a href=""https://news.google.com/rss/articles/CBMiwwFBVV95cUxPZG5ONUt3WG5Jc1k3ejl1M2MyaXN3XzIzRHBvTVNxWk1icFlJM1NWa2JEbFVaV3kxeGRncDlqREJuTDNzYmFBc0NhcjBDY3RLVXZoOHhYb1Z5eFpEMC1GaGtGUlduc193R0EwcmtUcjYwN0lrQ2xmZW1DVzRSeWtWSmZpYnNGR2FfTEY5bFVOQnB3ZzJUamp4RVhVTkE3aDBxbXd4dXZaWmtULUhoVlMwbWFKRDdWMGpiSUV5WFl5elhZRlE?oc=5"" target=""_blank"">Soal Siswi Makassar Dicoret dari Paskibraka Nasional, Pemprov Sulsel: Tak Bisa Diintervensi</a>&nbsp;&nbsp;<font color=""#6f6f6f"">Kompas.com</font>",https://news.google.com/rss/articles/CBMiwwFBVV95cUxPZG5ONUt3WG5Jc1k3ejl1M2MyaXN3XzIzRHBvTVNxWk1icFlJM1NWa2JEbFVaV3kxeGRncDlqREJuTDNzYmFBc0NhcjBDY3RLVXZoOHhYb1Z5eFpEMC1GaGtGUlduc193R0EwcmtUcjYwN0lrQ2xmZW1DVzRSeWtWSmZpYnNGR2FfTEY5bFVOQnB3ZzJUamp4RVhVTkE3aDBxbXd4dXZaWmtULUhoVlMwbWFKRDdWMGpiSUV5WFl5elhZRlE?oc=5,2026-05-28 09:22:00,Kompas.com
75,"Gantikan Dadan Hindayana Jadi Kepala BGN, Nanik S Deyang Minta Dukungan Publik - Kompas.com","<a href=""https://news.google.com/rss/articles/CBMiwAFBVV95cUxOTS1ISjZBdWxXVzZkcjA2djMwMUJLQk5walNwLXo4eE5NRWY3cDJmeVNTcHY5b1hKWkVyMEUxdGZPa0NfNFp6OEg1blRuazhhLTB3TmdSb04wWFVFTF9XZHBVRkU2Y1RXSzhheGdRY3AtWTJYUk5VNFM5eHNVNTNFTElxYU81Yy1UaUtaYTNVa1hYRHlaWThvSXZVdnY3SFdQdkUxNFNucWdNazJCb1NfdDJFV1FZb3E4T254WXZDZDg?oc=5"" target=""_blank"">Gantikan Dadan Hindayana Jadi Kepala BGN, Nanik S Deyang Minta Dukungan Publik</a>&nbsp;&nbsp;<font color=""#6f6f6f"">Kompas.com</font>",https://news.google.com/rss/articles/CBMiwAFBVV95cUxOTS1ISjZBdWxXVzZkcjA2djMwMUJLQk5walNwLXo4eE5NRWY3cDJmeVNTcHY5b1hKWkVyMEUxdGZPa0NfNFp6OEg1blRuazhhLTB3TmdSb04wWFVFTF9XZHBVRkU2Y1RXSzhheGdRY3AtWTJYUk5VNFM5eHNVNTNFTElxYU81Yy1UaUtaYTNVa1hYRHlaWThvSXZVdnY3SFdQdkUxNFNucWdNazJCb1NfdDJFV1FZb3E4T254WXZDZDg?oc=5,2026-06-03 01:48:00,Kompas.com
76,Kemenperin Dorong IKM Masuk Rantai Pasok Kendaraan Listrik Nasional - Kompas.com,"<a href=""https://news.google.com/rss/articles/CBMivgFBVV95cUxNbWhfYVNKMVhPN2FkWk9BeXAtUWJCVk9CSGVKckJ2V1NPaFkzZnRmUnRZTE9WVHJqMlczUG5xLXViMEg1bE01azVmeWthUUxIbGE1elpkWTVCOHg3cDgwV3VzcUFDSnJuejZLR29sMDI3WjE1alBOQjV2UjI0NVhVSEhpR2ZGX0xEbUNQX1BSZmZrMkJ3V2oyVHNjQjNjb3dpY1BiUlg5YWtYcGsweE01Vjd4SXhjRmFYcmFBVFdB?oc=5"" target=""_blank"">Kemenperin Dorong IKM Masuk Rantai Pasok Kendaraan Listrik Nasional</a>&nbsp;&nbsp;<font color=""#6f6f6f"">Kompas.com</font>",https://news.google.com/rss/articles/CBMivgFBVV95cUxNbWhfYVNKMVhPN2FkWk9BeXAtUWJCVk9CSGVKckJ2V1NPaFkzZnRmUnRZTE9WVHJqMlczUG5xLXViMEg1bE01azVmeWthUUxIbGE1elpkWTVCOHg3cDgwV3VzcUFDSnJuejZLR29sMDI3WjE1alBOQjV2UjI0NVhVSEhpR2ZGX0xEbUNQX1BSZmZrMkJ3V2oyVHNjQjNjb3dpY1BiUlg5YWtYcGsweE01Vjd4SXhjRmFYcmFBVFdB?oc=5,2026-05-28 10:01:00,Kompas.com
77,"Kemenag Gelar Pesta Paduan Suara Gerejawi di Papua Barat, Bawa Pesan Damai - Kompas.com","<a href=""https://news.google.com/rss/articles/CBMixAFBVV95cUxQblpleVFSc3I4cGtrLUVVdU9CbWVWY1pHRmgyWmxNM3NfVDNIRUt2djlzejMxTXlDUm9xQVdpS2EtZVhUR1hVUl9kT2prekNacld6MHotLU9tRkwwb0xaYl9jbmliUDh1WmJ6bXZ6dmNvNmtZMWlpMGVaM1hhaS1pclNKNGx2MmZ1alBrMWVhVUhoYjdMVEZxZzhHdEFZcnJHSU1ac1l3a0lXQklFMHphZzNvUGNjSjktbWRaVHIwMTA4Nk5M?oc=5"" target=""_blank"">Kemenag Gelar Pesta Paduan Suara Gerejawi di Papua Barat, Bawa Pesan Damai</a>&nbsp;&nbsp;<font color=""#6f6f6f"">Kompas.com</font>",https://news.google.com/rss/articles/CBMixAFBVV95cUxQblpleVFSc3I4cGtrLUVVdU9CbWVWY1pHRmgyWmxNM3NfVDNIRUt2djlzejMxTXlDUm9xQVdpS2EtZVhUR1hVUl9kT2prekNacld6MHotLU9tRkwwb0xaYl9jbmliUDh1WmJ6bXZ6dmNvNmtZMWlpMGVaM1hhaS1pclNKNGx2MmZ1alBrMWVhVUhoYjdMVEZxZzhHdEFZcnJHSU1ac1l3a0lXQklFMHphZzNvUGNjSjktbWRaVHIwMTA4Nk5M?oc=5,2026-06-02 09:06:00,Kompas.com
78,"Prabowo Copot Kepala BGN, Pimpinan DPR: Pemerintah Dengarkan Aspirasi Rakyat - Kompas.com","<a href=""https://news.google.com/rss/articles/CBMixgFBVV95cUxQT0oxWVdsazc4Rm9BTDhpVHZENlg2d0tXZWdOQzc5MU5INWVYVGdEX2RaLWw4WmVBMlRvdVdDNU9yQklPTGRlRHdnMDZXM0c2TGxDNW5zcnk1cXVDdl9yMzR2ckhRY2RkUmlCckhaVGRmM0U2a0RjWGtRRkR0SUZnTTVUcm81QXV2WWFteDdpN2xuLTNKV3pyUi1IUmhhZXQ5TWlNVUZiUndFb2FQWDRVVlpIR0F6Z0pBbVh5X2tRQ3Y4N2NSQXc?oc=5"" target=""_blank"">Prabowo Copot Kepala BGN, Pimpinan DPR: Pemerintah Dengarkan Aspirasi Rakyat</a>&nbsp;&nbsp;<font color=""#6f6f6f"">Kompas.com</font>",https://news.google.com/rss/articles/CBMixgFBVV95cUxQT0oxWVdsazc4Rm9BTDhpVHZENlg2d0tXZWdOQzc5MU5INWVYVGdEX2RaLWw4WmVBMlRvdVdDNU9yQklPTGRlRHdnMDZXM0c2TGxDNW5zcnk1cXVDdl9yMzR2ckhRY2RkUmlCckhaVGRmM0U2a0RjWGtRRkR0SUZnTTVUcm81QXV2WWFteDdpN2xuLTNKV3pyUi1IUmhhZXQ5TWlNVUZiUndFb2FQWDRVVlpIR0F6Z0pBbVh5X2tRQ3Y4N2NSQXc?oc=5,2026-06-02 14:18:00,Kompas.com
79,Anggota DPR Minta Pemerintah Lindungi Petani hingga Nelayan di Tengah Melemahnya Rupiah - Kompas.com,"<a href=""https://news.google.com/rss/articles/CBMivwFBVV95cUxORzlLbmdZYjRQSWdRQ241UkNXY1NDRzkwUjhEamhWM2JCcU04NlZPYWIxQzFSOVVUUEdsNFFyeVBObENlZEVva3J4T2NhY0U0MGJhMzdmVjJDcWtfNlFscjc1eDNOalVIb0ZhY2dQVnEyZWRjU2swMW5qaENrNDdMeXVBT1A0MEVBZnpadkpkNUdiU0FQclo1MlpNTzRmNzVjQnJrZGJCdkhuVHJ3M3BSU0dxR241dDZtUmoxbTd1NA?oc=5"" target=""_blank"">Anggota DPR Minta Pemerintah Lindungi Petani hingga Nelayan di Tengah Melemahnya Rupiah</a>&nbsp;&nbsp;<font color=""#6f6f6f"">Kompas.com</font>",https://news.google.com/rss/articles/CBMivwFBVV95cUxORzlLbmdZYjRQSWdRQ241UkNXY1NDRzkwUjhEamhWM2JCcU04NlZPYWIxQzFSOVVUUEdsNFFyeVBObENlZEVva3J4T2NhY0U0MGJhMzdmVjJDcWtfNlFscjc1eDNOalVIb0ZhY2dQVnEyZWRjU2swMW5qaENrNDdMeXVBT1A0MEVBZnpadkpkNUdiU0FQclo1MlpNTzRmNzVjQnJrZGJCdkhuVHJ3M3BSU0dxR241dDZtUmoxbTd1NA?oc=5,2026-06-03 15:20:00,Kompas.com
80,"Dadan dkk Jadi Tersangka, Pimpinan Komisi IX DPR: Momen Benahi MBG - Kompas.com","<a href=""https://news.google.com/rss/articles/CBMiuAFBVV95cUxQbHR1c185a2ZwTmNoMEk0ZUxwWEVxS0lOa3I0a3RrYjd4VV85RWlPcHNFX3FMZVd3WDl5THgzczBlSFZVYmk2Y2lwZEZNNFhZaW1DTndFTklLSHlvZDR5N2dXVUVNOWg3dWN2UkI0YnVYVnNvRmIySlcyQnd1a1hJY2YxaVcwUlQtRndmRGZkY1NaMUhERnBFdWRLTnpTaW5wb25pY2NvY3VZblNBWUtVY2syLUtjYlYt?oc=5"" target=""_blank"">Dadan dkk Jadi Tersangka, Pimpinan Komisi IX DPR: Momen Benahi MBG</a>&nbsp;&nbsp;<font color=""#6f6f6f"">Kompas.com</font>",https://news.google.com/rss/articles/CBMiuAFBVV95cUxQbHR1c185a2ZwTmNoMEk0ZUxwWEVxS0lOa3I0a3RrYjd4VV85RWlPcHNFX3FMZVd3WDl5THgzczBlSFZVYmk2Y2lwZEZNNFhZaW1DTndFTklLSHlvZDR5N2dXVUVNOWg3dWN2UkI0YnVYVnNvRmIySlcyQnd1a1hJY2YxaVcwUlQtRndmRGZkY1NaMUhERnBFdWRLTnpTaW5wb25pY2NvY3VZblNBWUtVY2syLUtjYlYt?oc=5,2026-06-03 12:27:00,Kompas.com
81,Kejagung Geledah Ruang Pimpinan BGN yang Berlokasi di Lantai 2 - Kompas.com,"<a href=""https://news.google.com/rss/articles/CBMitgFBVV95cUxPdmo1VFJsTHk3THFCdnJnVWR1NVdSUTlQOC1aVGJDZ1JPblJ4WlFsUUI1RVQ0MUUxMG5kSU9sMmVtaTVxQl9zUmhPY0ZnZHc0cW9ZS1UybTAwdnpRcFRGclJuSkwwT1ZGLVJucGJQTFdFdWNKeWNNdXQ0SkRUYUhnZG1Cdm10UEdOUVhjamZyd3cxNHJJcnQyMUN5VkZ3d1QtRVVseWdiX1pSUFZoNmw2QVJfQWVHdw?oc=5"" target=""_blank"">Kejagung Geledah Ruang Pimpinan BGN yang Berlokasi di Lantai 2</a>&nbsp;&nbsp;<font color=""#6f6f6f"">Kompas.com</font>",https://news.google.com/rss/articles/CBMitgFBVV95cUxPdmo1VFJsTHk3THFCdnJnVWR1NVdSUTlQOC1aVGJDZ1JPblJ4WlFsUUI1RVQ0MUUxMG5kSU9sMmVtaTVxQl9zUmhPY0ZnZHc0cW9ZS1UybTAwdnpRcFRGclJuSkwwT1ZGLVJucGJQTFdFdWNKeWNNdXQ0SkRUYUhnZG1Cdm10UEdOUVhjamZyd3cxNHJJcnQyMUN5VkZ3d1QtRVVseWdiX1pSUFZoNmw2QVJfQWVHdw?oc=5,2026-06-03 04:38:00,Kompas.com
82,Mimpi Buruk Jika Dolar Tembus Rp 25.000 - Kompas.com,"<a href=""https://news.google.com/rss/articles/CBMilwFBVV95cUxPLUtyQnhlNC1tNEJTeG5aeUdCVUZnTE82ZHo1cHJLUEctc3RVMEFreXl4ei1jeUVQZktKd00xb01tcHpjejd3N0VlWkMtbWMxWWRhWUd5aFBtTGg0Um9vLTFGZXQ2TUMtWDg5cmozZmxsclRvZEFaOVJsemxaQWJxeDJkbkdaczF1enRQNEtaTmlOb241UTBZ?oc=5"" target=""_blank"">Mimpi Buruk Jika Dolar Tembus Rp 25.000</a>&nbsp;&nbsp;<font color=""#6f6f6f"">Kompas.com</font>",https://news.google.com/rss/articles/CBMilwFBVV95cUxPLUtyQnhlNC1tNEJTeG5aeUdCVUZnTE82ZHo1cHJLUEctc3RVMEFreXl4ei1jeUVQZktKd00xb01tcHpjejd3N0VlWkMtbWMxWWRhWUd5aFBtTGg0Um9vLTFGZXQ2TUMtWDg5cmozZmxsclRvZEFaOVJsemxaQWJxeDJkbkdaczF1enRQNEtaTmlOb241UTBZ?oc=5,2026-06-03 02:02:00,Kompas.com
83,"Dulu Wanti-wanti Modus Penipuan SPPG, Kini Eks Pimpinan BGN Tersangka Kasus MBG - Kompas.com","<a href=""https://news.google.com/rss/articles/CBMixgFBVV95cUxPNEJvWnZTdGpMUXhSRjFXaTdZUGxqSW05VlNSMzZ4Zl9ENlJNaUt4b0s1OTVTWmZMaWFMZWNON2FWdXlrQWVyd2YydW9ldTVUczZvM0R4SmswZ19mWGxSSUJXNGZ0LWRRa3J5QUVmNG5BYUk0NEM4MFJsOVoxdXMya2xNRUpSdTBzS293eG5SV0w1R2JybHpVYU1LaTYySGRnNWNXOXJzRHZZN2plb18yTXJPcXZKYVNJN2ZSbmRXdEhtV28yMUE?oc=5"" target=""_blank"">Dulu Wanti-wanti Modus Penipuan SPPG, Kini Eks Pimpinan BGN Tersangka Kasus MBG</a>&nbsp;&nbsp;<font color=""#6f6f6f"">Kompas.com</font>",https://news.google.com/rss/articles/CBMixgFBVV95cUxPNEJvWnZTdGpMUXhSRjFXaTdZUGxqSW05VlNSMzZ4Zl9ENlJNaUt4b0s1OTVTWmZMaWFMZWNON2FWdXlrQWVyd2YydW9ldTVUczZvM0R4SmswZ19mWGxSSUJXNGZ0LWRRa3J5QUVmNG5BYUk0NEM4MFJsOVoxdXMya2xNRUpSdTBzS293eG5SV0w1R2JybHpVYU1LaTYySGRnNWNXOXJzRHZZN2plb18yTXJPcXZKYVNJN2ZSbmRXdEhtV28yMUE?oc=5,2026-06-03 11:23:00,Kompas.com
84,"Daftar Mantan Presiden-Wapres Hadiri Upacara Hari Pancasila, Ada Megawati, Jokowi-SBY Absen - Kompas.com","<a href=""https://news.google.com/rss/articles/CBMiwwFBVV95cUxQV2RXWFB3TzM5bHVRb09uV3FhMEVzQzBCQTFSV1ExdUUxMjlBNWlzT1duQnFYTjk2ZzJ3NDhCS2w2NE5nb0p4QXBBX2lVZERObzQxTDVBV0tqdmdLMDE2bnJ4bGEyWWVWMGhQSUswa0wwdmhMWm9aX2h2NWNJckFIUVlGT3hUSzMyN1ZySEVKaXFOd1BNMWp0STBjV3YwMXpOMmZFSTNVNVhxOTBRT3BfdEZhV3FwdzE0Q2h1TlYwM1dVbDg?oc=5"" target=""_blank"">Daftar Mantan Presiden-Wapres Hadiri Upacara Hari Pancasila, Ada Megawati, Jokowi-SBY Absen</a>&nbsp;&nbsp;<font color=""#6f6f6f"">Kompas.com</font>",https://news.google.com/rss/articles/CBMiwwFBVV95cUxQV2RXWFB3TzM5bHVRb09uV3FhMEVzQzBCQTFSV1ExdUUxMjlBNWlzT1duQnFYTjk2ZzJ3NDhCS2w2NE5nb0p4QXBBX2lVZERObzQxTDVBV0tqdmdLMDE2bnJ4bGEyWWVWMGhQSUswa0wwdmhMWm9aX2h2NWNJckFIUVlGT3hUSzMyN1ZySEVKaXFOd1BNMWp0STBjV3YwMXpOMmZFSTNVNVhxOTBRT3BfdEZhV3FwdzE0Q2h1TlYwM1dVbDg?oc=5,2026-06-01 03:35:00,Kompas.com
85,"Kolonel (Inf) Didin Nasruddin Diminta Menghadap Prabowo, Siapa Dia? - Kompas.com","<a href=""https://news.google.com/rss/articles/CBMitwFBVV95cUxQVUFXZ2I2WVZucE1sVUwzaGsxM2Q3QmJyMkhLQ0xRbkRrOEJta09ZTVhkMVZiWU10UUFFLThqTTNWMkw0S3hpNWtHV2laRzFEYTY0V055b0FVLTdSNUJaQ2paNGcwcVRab0hNamZjMy03eW1LaFRjNFk0MXZ6MDVESmJLQ3ltOTI5dkRCMVZXZTRFU3dzczZIZWxJLVlJbUtCTEZYTFFBVTNuT09pQVlYbktUUm9PVVk?oc=5"" target=""_blank"">Kolonel (Inf) Didin Nasruddin Diminta Menghadap Prabowo, Siapa Dia?</a>&nbsp;&nbsp;<font color=""#6f6f6f"">Kompas.com</font>",https://news.google.com/rss/articles/CBMitwFBVV95cUxQVUFXZ2I2WVZucE1sVUwzaGsxM2Q3QmJyMkhLQ0xRbkRrOEJta09ZTVhkMVZiWU10UUFFLThqTTNWMkw0S3hpNWtHV2laRzFEYTY0V055b0FVLTdSNUJaQ2paNGcwcVRab0hNamZjMy03eW1LaFRjNFk0MXZ6MDVESmJLQ3ltOTI5dkRCMVZXZTRFU3dzczZIZWxJLVlJbUtCTEZYTFFBVTNuT09pQVlYbktUUm9PVVk?oc=5,2026-06-01 05:43:00,Kompas.com
86,"Ryamizard Ryacudu Meninggal, Megawati Menangis: Selamat Jalan, Temanku... - Kompas.com","<a href=""https://news.google.com/rss/articles/CBMivAFBVV95cUxPMzZWU25TTDRQZXQ0T1NBTF9SenlvZzA5Z0hUN0xvRG1BOWtxUy1RV05uRWs0dUlaNU45VkZlRDMxWEEzTnVrRnVBSVFaN3NfM2h0VHRSTEhQX0pfRndxeUpaOU5SUDBGQVhFS0tJRERiNU11bE9seWxSZGZDa3FHMjR1ZWw4ZEhaakowMGhMN2lvQ3cxNTJfcGRrUTVkOTlTNVpSUTBFRTV1VkRZVUd4ZVlGY0tfNkY0Ty1oSQ?oc=5"" target=""_blank"">Ryamizard Ryacudu Meninggal, Megawati Menangis: Selamat Jalan, Temanku...</a>&nbsp;&nbsp;<font color=""#6f6f6f"">Kompas.com</font>",https://news.google.com/rss/articles/CBMivAFBVV95cUxPMzZWU25TTDRQZXQ0T1NBTF9SenlvZzA5Z0hUN0xvRG1BOWtxUy1RV05uRWs0dUlaNU45VkZlRDMxWEEzTnVrRnVBSVFaN3NfM2h0VHRSTEhQX0pfRndxeUpaOU5SUDBGQVhFS0tJRERiNU11bE9seWxSZGZDa3FHMjR1ZWw4ZEhaakowMGhMN2lvQ3cxNTJfcGRrUTVkOTlTNVpSUTBFRTV1VkRZVUd4ZVlGY0tfNkY0Ty1oSQ?oc=5,2026-05-31 15:20:00,Kompas.com
87,"Teddy Bongkar Alasan Prabowo Kerap ke Luar Negeri: Dunia sedang Krisis, Harus Dekat dengan Pemimpin Dunia - Kompas.com","<a href=""https://news.google.com/rss/articles/CBMixwFBVV95cUxPU2J4bWRuQmd4Ylh5WklUOHg0VlM3ODhjYWJUSWh1RG1GNzRxLXNCSEJFVVM2dFZOSWM0dUlDaG5YVXpXdUdfczdDNi1UclZuZG1KaFpmMFNwWVdkNldIQjBDMVZNblE3UjlFUjZGRlFGbWw4a0p0bVJoaVJIWEdiUGQ0bmkzMi1Zb0l2QjN3WXVndWNjb28xQlVFTWV1cXNEQWV4M3lCb3dZc3k1eWVyWkV1U05wQ3V2cDQwcjNfU0JJY210Y2xF?oc=5"" target=""_blank"">Teddy Bongkar Alasan Prabowo Kerap ke Luar Negeri: Dunia sedang Krisis, Harus Dekat dengan Pemimpin Dunia</a>&nbsp;&nbsp;<font color=""#6f6f6f"">Kompas.com</font>",https://news.google.com/rss/articles/CBMixwFBVV95cUxPU2J4bWRuQmd4Ylh5WklUOHg0VlM3ODhjYWJUSWh1RG1GNzRxLXNCSEJFVVM2dFZOSWM0dUlDaG5YVXpXdUdfczdDNi1UclZuZG1KaFpmMFNwWVdkNldIQjBDMVZNblE3UjlFUjZGRlFGbWw4a0p0bVJoaVJIWEdiUGQ0bmkzMi1Zb0l2QjN3WXVndWNjb28xQlVFTWV1cXNEQWV4M3lCb3dZc3k1eWVyWkV1U05wQ3V2cDQwcjNfU0JJY210Y2xF?oc=5,2026-06-01 14:13:00,Kompas.com
88,BRIN Minta Maaf Gunakan Lambang Garuda Pancasila yang Tidak Sesuai - Kompas.com,"<a href=""https://news.google.com/rss/articles/CBMiuwFBVV95cUxNU1ZnRGpBSlc1VGFhNTJxZFZCeUhCQ0dIRlp5azZMckJHUldmSUxGcGtsTWo3S05JVk1rOEVQaE9jNXZKQ3dNTEcwSTd0R2E0UUZsdm1yNFhCOUZOdUtTNlN6SjFKS010UUZxcTJFMWN0LTBGODNReWlWTl9na1k0YzliYlQ1TmxsUzVVZnQ0NVZuZGJ4ejNTYl9rLWI5R09oSUFTOVB0SHp0bHlRRm03VGlXNHJjdFNibmZ3?oc=5"" target=""_blank"">BRIN Minta Maaf Gunakan Lambang Garuda Pancasila yang Tidak Sesuai</a>&nbsp;&nbsp;<font color=""#6f6f6f"">Kompas.com</font>",https://news.google.com/rss/articles/CBMiuwFBVV95cUxNU1ZnRGpBSlc1VGFhNTJxZFZCeUhCQ0dIRlp5azZMckJHUldmSUxGcGtsTWo3S05JVk1rOEVQaE9jNXZKQ3dNTEcwSTd0R2E0UUZsdm1yNFhCOUZOdUtTNlN6SjFKS010UUZxcTJFMWN0LTBGODNReWlWTl9na1k0YzliYlQ1TmxsUzVVZnQ0NVZuZGJ4ejNTYl9rLWI5R09oSUFTOVB0SHp0bHlRRm03VGlXNHJjdFNibmZ3?oc=5,2026-06-02 01:09:00,Kompas.com
89,KPK Tangkap Kepala Imigrasi Jakarta Barat Ronald Arman Saat OTT - Kompas.com,"<a href=""https://news.google.com/rss/articles/CBMitwFBVV95cUxPb01VNmwxVUVsWXlIeVd4LXltQVFGOXdYZ2RoZzk0QmRtdTNlc0lNNjhEWE5rcllCWUdRdE5OTFVrenR5NlI2emhWUXJGdkVDbG4xSHRUc0tvMmRwcHpFa096NTlPV3BFUF9Ba2tIcGNaa0ZUNXI3TUlJNWxhV0JCdGdWN21jcEE0cFZEZ3ZoYi1ldTBudzNOckdFTGZTTTJEMG9OdUxZT1htSmRnaFJTUkVzMGpBVlE?oc=5"" target=""_blank"">KPK Tangkap Kepala Imigrasi Jakarta Barat Ronald Arman Saat OTT</a>&nbsp;&nbsp;<font color=""#6f6f6f"">Kompas.com</font>",https://news.google.com/rss/articles/CBMitwFBVV95cUxPb01VNmwxVUVsWXlIeVd4LXltQVFGOXdYZ2RoZzk0QmRtdTNlc0lNNjhEWE5rcllCWUdRdE5OTFVrenR5NlI2emhWUXJGdkVDbG4xSHRUc0tvMmRwcHpFa096NTlPV3BFUF9Ba2tIcGNaa0ZUNXI3TUlJNWxhV0JCdGdWN21jcEE0cFZEZ3ZoYi1ldTBudzNOckdFTGZTTTJEMG9OdUxZT1htSmRnaFJTUkVzMGpBVlE?oc=5,2026-06-03 05:10:00,Kompas.com
90,Menag: Pesparawi untuk Sakralkan Lagi Kehidupan Beragama yang Kini Hambar - Kompas.com,"<a href=""https://news.google.com/rss/articles/CBMiwwFBVV95cUxPeTVlWFY3UDMtVXFnc01tMktuU0pyNllmd05lNzI5QjkyMkVkU3FGUXJzdVRMS09MbWdhbDJ1MmRfSmRtZm44WFc4Mm5JOEZ6aHBPTHFyUDJ1SHRaRWg0d01QZy1mVzFBWElCZUJReVV6NjhMT1FBbzdOV2VjUHhnM1FMdFRLM2E4V1V3Qkd0TDZKVDNfVXFuSWZQTWtVdVdGSVBIWXE2NEtaYVAwSVBQdTRIcDMtUFFDbG1OaUlwZk83Qmc?oc=5"" target=""_blank"">Menag: Pesparawi untuk Sakralkan Lagi Kehidupan Beragama yang Kini Hambar</a>&nbsp;&nbsp;<font color=""#6f6f6f"">Kompas.com</font>",https://news.google.com/rss/articles/CBMiwwFBVV95cUxPeTVlWFY3UDMtVXFnc01tMktuU0pyNllmd05lNzI5QjkyMkVkU3FGUXJzdVRMS09MbWdhbDJ1MmRfSmRtZm44WFc4Mm5JOEZ6aHBPTHFyUDJ1SHRaRWg0d01QZy1mVzFBWElCZUJReVV6NjhMT1FBbzdOV2VjUHhnM1FMdFRLM2E4V1V3Qkd0TDZKVDNfVXFuSWZQTWtVdVdGSVBIWXE2NEtaYVAwSVBQdTRIcDMtUFFDbG1OaUlwZk83Qmc?oc=5,2026-06-02 11:05:00,Kompas.com
91,"Eks Kepala BGN Dadan: Dulu Prabowo Puji, Sekarang Masuk Jeruji - Kompas.com","<a href=""https://news.google.com/rss/articles/CBMisgFBVV95cUxNQ2VOeDVZWkZOdDdhd2ZzbzNyWXdEZFlKTmdxSTdNWGpFVVZPRGcxRW5KeTdkZjlTQk5xTUhoTmQ4TnozLVo5VlZ3QmhrN3FZeHdsTnZmMnNMV01wVmF6WXFSVWVpVWRsY2VnZ25La1RKYmxuVmUwTzVlVlR2X3BhM0M0aUdaWkRPYUlsYlRTejg4ZjZ1Z0NudzY5enVGaDRmQmtOdTNFU0x1TnQyOHU1bHNR?oc=5"" target=""_blank"">Eks Kepala BGN Dadan: Dulu Prabowo Puji, Sekarang Masuk Jeruji</a>&nbsp;&nbsp;<font color=""#6f6f6f"">Kompas.com</font>",https://news.google.com/rss/articles/CBMisgFBVV95cUxNQ2VOeDVZWkZOdDdhd2ZzbzNyWXdEZFlKTmdxSTdNWGpFVVZPRGcxRW5KeTdkZjlTQk5xTUhoTmQ4TnozLVo5VlZ3QmhrN3FZeHdsTnZmMnNMV01wVmF6WXFSVWVpVWRsY2VnZ25La1RKYmxuVmUwTzVlVlR2X3BhM0M0aUdaWkRPYUlsYlRTejg4ZjZ1Z0NudzY5enVGaDRmQmtOdTNFU0x1TnQyOHU1bHNR?oc=5,2026-06-03 11:48:00,Kompas.com
92,Kemenhan Buka Komcad ASN Gelombang Kedua pada Agustus 2026 - Kompas.com,"<a href=""https://news.google.com/rss/articles/CBMisAFBVV95cUxQUldPSG10V085X2puWjAyLWwzODktRDllNEJ1dHh0b3R6a3JuLW9ZU25qeDhfYjJQODRncnVjY2lNWHZJTmQzNmJsN1htNG80LXVKSDI2QThTSFB1MEU3alMtVHN2RUdhWFlWaUw2T0FIVHpIUUs1U21BOHN5VUFWS1JDejJnSHF3MVljOVE2cmx6bERfMTJUVnJhWDlCUG9TT3VHSmJIS1pnNlFiR0JKMg?oc=5"" target=""_blank"">Kemenhan Buka Komcad ASN Gelombang Kedua pada Agustus 2026</a>&nbsp;&nbsp;<font color=""#6f6f6f"">Kompas.com</font>",https://news.google.com/rss/articles/CBMisAFBVV95cUxQUldPSG10V085X2puWjAyLWwzODktRDllNEJ1dHh0b3R6a3JuLW9ZU25qeDhfYjJQODRncnVjY2lNWHZJTmQzNmJsN1htNG80LXVKSDI2QThTSFB1MEU3alMtVHN2RUdhWFlWaUw2T0FIVHpIUUs1U21BOHN5VUFWS1JDejJnSHF3MVljOVE2cmx6bERfMTJUVnJhWDlCUG9TT3VHSmJIS1pnNlFiR0JKMg?oc=5,2026-06-03 07:50:00,Kompas.com
93,Foto : Kejagung Benarkan Geledah Kantor BGN Halaman 1 - Kompas.com,"<a href=""https://news.google.com/rss/articles/CBMingFBVV95cUxQclF6ZG40blZFOFNJTGZKSVRxN2loV2ZKOTdBT1k4VEFSaWx5SW0zUGZEc0RfMnM4WFBNNnJ2WVRPY3JsdHppem5KWWlLd0JnZnk0Y0RXaVJQUU5GTTUxMUEwYW5sdDVHTUx3M2dwc3cwRHc0dFRXbXctR1FRNUVxWW1PTnFVTGhXZE9hcVpWX2lqNnBTQUI3cWh1WHY0Zw?oc=5"" target=""_blank"">Foto : Kejagung Benarkan Geledah Kantor BGN Halaman 1</a>&nbsp;&nbsp;<font color=""#6f6f6f"">Kompas.com</font>",https://news.google.com/rss/articles/CBMingFBVV95cUxQclF6ZG40blZFOFNJTGZKSVRxN2loV2ZKOTdBT1k4VEFSaWx5SW0zUGZEc0RfMnM4WFBNNnJ2WVRPY3JsdHppem5KWWlLd0JnZnk0Y0RXaVJQUU5GTTUxMUEwYW5sdDVHTUx3M2dwc3cwRHc0dFRXbXctR1FRNUVxWW1PTnFVTGhXZE9hcVpWX2lqNnBTQUI3cWh1WHY0Zw?oc=5,2026-06-03 03:33:07,Kompas.com
94,BGN Diminta Berbenah Setelah Dadan Hindayana Dicopot - Kompas.com,"<a href=""https://news.google.com/rss/articles/CBMiqAFBVV95cUxQOHA0RzNBbWNYaEt2cWM2eXFPdlh4RkRGZ19IZExxSkhNRnlwYjI0TmtQQlZsekxlMkszQXAxVVh4UEhFSFRzdHhOSXZZNjg4VW9KNFBtWnpMaHNQdDk2d0dWV3BhR2hoUUtkLXNJQUpBVTVPYzN5Tzc0WGJEQm9rZHBZdUZGaUl0TFdFRTh0ei1wMUpCbnB6dHhuMXNQalRsX1kzNFdTbVA?oc=5"" target=""_blank"">BGN Diminta Berbenah Setelah Dadan Hindayana Dicopot</a>&nbsp;&nbsp;<font color=""#6f6f6f"">Kompas.com</font>",https://news.google.com/rss/articles/CBMiqAFBVV95cUxQOHA0RzNBbWNYaEt2cWM2eXFPdlh4RkRGZ19IZExxSkhNRnlwYjI0TmtQQlZsekxlMkszQXAxVVh4UEhFSFRzdHhOSXZZNjg4VW9KNFBtWnpMaHNQdDk2d0dWV3BhR2hoUUtkLXNJQUpBVTVPYzN5Tzc0WGJEQm9rZHBZdUZGaUl0TFdFRTh0ei1wMUpCbnB6dHhuMXNQalRsX1kzNFdTbVA?oc=5,2026-06-02 15:52:00,Kompas.com
95,Kemhan Bakal Bentuk Komcad di Papua Selatan untuk Dukung Ketahanan Pangan - Kompas.com,"<a href=""https://news.google.com/rss/articles/CBMixAFBVV95cUxPTUdDbnBORXBVejVJc3ZScm9SQkd6WnVpUllkSjdBOUwzTWllcnRza1dNOEJ1RUpfejBxMEpEZDRxRmxmNjVvWm1od2xUNzhGa2ZWQVI5SWtad1BQZ1VjYzFJSDRaaGJiLVpGa0ttZWoxLVduY1I2X012ei1DQ0JuLU5LUzRiZ2pBa2lRWlJYVm8yVmpUZFVDNTIyOUpWRmVWMG5Fd0xzNXRaWkt2NlpaVU1OT1pJR0tMbzIzbkk4LTNaTVNC?oc=5"" target=""_blank"">Kemhan Bakal Bentuk Komcad di Papua Selatan untuk Dukung Ketahanan Pangan</a>&nbsp;&nbsp;<font color=""#6f6f6f"">Kompas.com</font>",https://news.google.com/rss/articles/CBMixAFBVV95cUxPTUdDbnBORXBVejVJc3ZScm9SQkd6WnVpUllkSjdBOUwzTWllcnRza1dNOEJ1RUpfejBxMEpEZDRxRmxmNjVvWm1od2xUNzhGa2ZWQVI5SWtad1BQZ1VjYzFJSDRaaGJiLVpGa0ttZWoxLVduY1I2X012ei1DQ0JuLU5LUzRiZ2pBa2lRWlJYVm8yVmpUZFVDNTIyOUpWRmVWMG5Fd0xzNXRaWkt2NlpaVU1OT1pJR0tMbzIzbkk4LTNaTVNC?oc=5,2026-06-03 07:32:00,Kompas.com
96,Ryamizard Dimakamkan Dekat 2 Menteri Era Orde Baru di TMP Kalibata - Kompas.com,"<a href=""https://news.google.com/rss/articles/CBMiuwFBVV95cUxPNmUyOGc5ZFdXLUpWMDBtaDh4a191bFR0blpLYVRLdF9mX3ZzMHRIdVhfdkZmeVlIVmZOWXlXTzJpTEstblVYMmRWWWNhNWNVT0lVbzRyTVZTQ0hsMnd3ZVNIQm1hNi0zS0d1QkZiOXB5cmZocEx1VFAzUk8wRHQzMER3LXA5czJSMmJ2SnoyemxCdllXeTczVWU2VVpjRVkxVXVTRXQ5Zy1Jb3puRkMyV2MzcEVjV3JtelR3?oc=5"" target=""_blank"">Ryamizard Dimakamkan Dekat 2 Menteri Era Orde Baru di TMP Kalibata</a>&nbsp;&nbsp;<font color=""#6f6f6f"">Kompas.com</font>",https://news.google.com/rss/articles/CBMiuwFBVV95cUxPNmUyOGc5ZFdXLUpWMDBtaDh4a191bFR0blpLYVRLdF9mX3ZzMHRIdVhfdkZmeVlIVmZOWXlXTzJpTEstblVYMmRWWWNhNWNVT0lVbzRyTVZTQ0hsMnd3ZVNIQm1hNi0zS0d1QkZiOXB5cmZocEx1VFAzUk8wRHQzMER3LXA5czJSMmJ2SnoyemxCdllXeTczVWU2VVpjRVkxVXVTRXQ5Zy1Jb3puRkMyV2MzcEVjV3JtelR3?oc=5,2026-06-01 06:07:00,Kompas.com
97,"KSP Dudung Ungkap Banyak Laporan soal BGN, Termasuk Jual Beli Titik SPPG - Kompas.com","<a href=""https://news.google.com/rss/articles/CBMiwgFBVV95cUxObkJRSnVyOFFzNURGTU5nVFNfQmZfQ3cxYzNOZHFybEJlU0U1T210MXhuVU5sdU1GY2otRlRwcVJ6UHNpOU1rWnJhbmJtNWZzR3ZuaUR6Y2l3VG1CbjVaVmpUT3ZqX0drV0F1UDZyeENWblRjT1VMUENOalZDRXNRWTdHRno0OTdqa2FEZ29nUVBYTWlFTVpOMjVLbGdDTjdrRkJXQlYwaHhBYmFSUDh3UXo0ZDJYcE4wV2UwdVhfSlg5UQ?oc=5"" target=""_blank"">KSP Dudung Ungkap Banyak Laporan soal BGN, Termasuk Jual Beli Titik SPPG</a>&nbsp;&nbsp;<font color=""#6f6f6f"">Kompas.com</font>",https://news.google.com/rss/articles/CBMiwgFBVV95cUxObkJRSnVyOFFzNURGTU5nVFNfQmZfQ3cxYzNOZHFybEJlU0U1T210MXhuVU5sdU1GY2otRlRwcVJ6UHNpOU1rWnJhbmJtNWZzR3ZuaUR6Y2l3VG1CbjVaVmpUT3ZqX0drV0F1UDZyeENWblRjT1VMUENOalZDRXNRWTdHRno0OTdqa2FEZ29nUVBYTWlFTVpOMjVLbGdDTjdrRkJXQlYwaHhBYmFSUDh3UXo0ZDJYcE4wV2UwdVhfSlg5UQ?oc=5,2026-06-03 06:52:00,Kompas.com
98,Gerindra Puji Megawati Punya Sikap Elegan-Negarawan Meski PDI-P di Luar Pemerintah - Kompas.com,"<a href=""https://news.google.com/rss/articles/CBMiwgFBVV95cUxObkVGOHhMdkFKNnJlZDh4dEJ3XzRXNFU2WERMYVpBc2R2Yjk4dTZPNG9PaXhsTHRncVlTZHMwRElja2k3WHhVTTlNM2lYSUY2TUNPOXZCSnVHZE8ydnRTWHRNV0pJR0dVUUs4SlJDakp5bm5qY1lpb2RNS1RWd1BCRWpQUkJ3WDBuU09pNFBoaGZyODNKZFhTNnRGSmw0T1ltUlpNWXBzSFd4WVhxbEIwOF9scVpUdzRtV0FsZzNveG04UQ?oc=5"" target=""_blank"">Gerindra Puji Megawati Punya Sikap Elegan-Negarawan Meski PDI-P di Luar Pemerintah</a>&nbsp;&nbsp;<font color=""#6f6f6f"">Kompas.com</font>",https://news.google.com/rss/articles/CBMiwgFBVV95cUxObkVGOHhMdkFKNnJlZDh4dEJ3XzRXNFU2WERMYVpBc2R2Yjk4dTZPNG9PaXhsTHRncVlTZHMwRElja2k3WHhVTTlNM2lYSUY2TUNPOXZCSnVHZE8ydnRTWHRNV0pJR0dVUUs4SlJDakp5bm5qY1lpb2RNS1RWd1BCRWpQUkJ3WDBuU09pNFBoaGZyODNKZFhTNnRGSmw0T1ltUlpNWXBzSFd4WVhxbEIwOF9scVpUdzRtV0FsZzNveG04UQ?oc=5,2026-06-02 05:30:00,Kompas.com
99,"Usai Dadan Dicopot, Anggota DPR Minta Kepala BGN Baru Benahi Tata Kelola MBG - Kompas.com","<a href=""https://news.google.com/rss/articles/CBMixwFBVV95cUxNRm5nU2c3SXR0NFpqalNVcGI5dmVWTVo2Vy0za1pEaUhac0d0VDl3NGE5Q3dsaTNOS2xRSGdaM0VzYkwyUXRicnBDRE5KM2hGUllnTXpDU1lMOTFna1FHRUl5Z0ZzUVdOX2xIeDJSOERnSXVTY3lMQkJtMmZkU1k4Q1IyQm9hcTcyREFYUWRnVmUyUFFwMEpUeTZsdmN6NGVXUG53c0xfWEMtZ0ZSQW9fdGp3NFJaX3VJbkJROU9WTHhZT0ZCMHU0?oc=5"" target=""_blank"">Usai Dadan Dicopot, Anggota DPR Minta Kepala BGN Baru Benahi Tata Kelola MBG</a>&nbsp;&nbsp;<font color=""#6f6f6f"">Kompas.com</font>",https://news.google.com/rss/articles/CBMixwFBVV95cUxNRm5nU2c3SXR0NFpqalNVcGI5dmVWTVo2Vy0za1pEaUhac0d0VDl3NGE5Q3dsaTNOS2xRSGdaM0VzYkwyUXRicnBDRE5KM2hGUllnTXpDU1lMOTFna1FHRUl5Z0ZzUVdOX2xIeDJSOERnSXVTY3lMQkJtMmZkU1k4Q1IyQm9hcTcyREFYUWRnVmUyUFFwMEpUeTZsdmN6NGVXUG53c0xfWEMtZ0ZSQW9fdGp3NFJaX3VJbkJROU9WTHhZT0ZCMHU0?oc=5,2026-06-03 02:14:00,Kompas.com
100,Komisi IX DPR Kirim Evaluasi soal BGN ke Pemerintah Sebelum Dadan Dicopot - Kompas.com,"<a href=""https://news.google.com/rss/articles/CBMixAFBVV95cUxOTWI4dFUyQi1qRWpQVU5nVW5iYldVQktGSTJ3NUFZWEdZaTUwWXRLQWVlZ3NRdG02dW9qU3AxUmx5SGt3WDlvT3lHY1ZhSEMtS0lfMkJWcm5HeGFfTkljYnFEanhnQzdLeVhMQ3NieXVfVXRWTHFfbHNGS2swS1FSUkxrcVVPN3ZZZDlSTHBPc2F2WVpadUpLcWN6UTB0S1RyT19GY1I5eDV0MDNYdkxGU1BuNUFVUXVMek9LaVc3VW9lVzZW?oc=5"" target=""_blank"">Komisi IX DPR Kirim Evaluasi soal BGN ke Pemerintah Sebelum Dadan Dicopot</a>&nbsp;&nbsp;<font color=""#6f6f6f"">Kompas.com</font>",https://news.google.com/rss/articles/CBMixAFBVV95cUxOTWI4dFUyQi1qRWpQVU5nVW5iYldVQktGSTJ3NUFZWEdZaTUwWXRLQWVlZ3NRdG02dW9qU3AxUmx5SGt3WDlvT3lHY1ZhSEMtS0lfMkJWcm5HeGFfTkljYnFEanhnQzdLeVhMQ3NieXVfVXRWTHFfbHNGS2swS1FSUkxrcVVPN3ZZZDlSTHBPc2F2WVpadUpLcWN6UTB0S1RyT19GY1I5eDV0MDNYdkxGU1BuNUFVUXVMek9LaVc3VW9lVzZW?oc=5,2026-06-02 15:17:00,Kompas.com
101,Kejagung Jemput Paksa Dadan Hindayana Sebelum Ditetapkan Tersangka - Kompas.com,"<a href=""https://news.google.com/rss/articles/CBMiuwFBVV95cUxOSDFoekFXTnJiSXBoVlRVMzNBN0doanFGc05DSWE3Z21mNlR0VjVhWjczVUVaU01aeGxhTTJVTk52a0RvRHFiS2U1Q2pFRDJWX2RGVklTTUtGcmtvNmZRMTZ3RDFTbC1oa18tY3RFU1Z1RktTcmpJZEJZdmhFNU1vSUNDOVVVZ2ZfSTJYZG4xcDBSQUpYLUkzU2tBQXZpcEJiMk84YmIzSXBBZEk3Uk9Vam9Da3ZucV9mUW9j?oc=5"" target=""_blank"">Kejagung Jemput Paksa Dadan Hindayana Sebelum Ditetapkan Tersangka</a>&nbsp;&nbsp;<font color=""#6f6f6f"">Kompas.com</font>",https://news.google.com/rss/articles/CBMiuwFBVV95cUxOSDFoekFXTnJiSXBoVlRVMzNBN0doanFGc05DSWE3Z21mNlR0VjVhWjczVUVaU01aeGxhTTJVTk52a0RvRHFiS2U1Q2pFRDJWX2RGVklTTUtGcmtvNmZRMTZ3RDFTbC1oa18tY3RFU1Z1RktTcmpJZEJZdmhFNU1vSUNDOVVVZ2ZfSTJYZG4xcDBSQUpYLUkzU2tBQXZpcEJiMk84YmIzSXBBZEk3Uk9Vam9Da3ZucV9mUW9j?oc=5,2026-06-03 13:05:00,Kompas.com
102,"Ekonomi Lesu, Sopir Logistik Protes Pembatasan ODOL Kemenhub - Kompas.com","<a href=""https://news.google.com/rss/articles/CBMiswFBVV95cUxOMDY3Nm1BbDZvc29uNzk5NjRBM0JseE9qWHpPQlFSU3RlemJBZzd5Q1luSjNjWTZtMmxUX2hPWnNnNlE4ZkRBcTU4WkplVFdzUW5LS0FCc1pUOXlMU1RMeS1kcVhjZlNudndKQkJZMjIwakhXZFppVjJsaFdPMWhVeTV3V09IY2I4SVJ4RWotTTZPUnlhRUpLMHdSRy1sOVdvMzlYbmtoaXJIWTZJM3JDYXI4Yw?oc=5"" target=""_blank"">Ekonomi Lesu, Sopir Logistik Protes Pembatasan ODOL Kemenhub</a>&nbsp;&nbsp;<font color=""#6f6f6f"">Kompas.com</font>",https://news.google.com/rss/articles/CBMiswFBVV95cUxOMDY3Nm1BbDZvc29uNzk5NjRBM0JseE9qWHpPQlFSU3RlemJBZzd5Q1luSjNjWTZtMmxUX2hPWnNnNlE4ZkRBcTU4WkplVFdzUW5LS0FCc1pUOXlMU1RMeS1kcVhjZlNudndKQkJZMjIwakhXZFppVjJsaFdPMWhVeTV3V09IY2I4SVJ4RWotTTZPUnlhRUpLMHdSRy1sOVdvMzlYbmtoaXJIWTZJM3JDYXI4Yw?oc=5,2026-06-03 23:49:00,Kompas.com
103,Ironi Pak Mujiran di Pusaran Euforia Jargon Pertumbuhan Ekonomi - Kompas.com,"<a href=""https://news.google.com/rss/articles/CBMitwFBVV95cUxOM1BEVzRFdENjQS12bTI3WVNxUklKeTRHelpGSXdWQ1F6X0MwRHJpWWMwX052OXphd3ZTWjVYWjFrb1RpY3oyWUZhS3NYbHBTd1BfcG9aVTF5SnF6b0hsZGlfOE55TnI5QlVrUFh5R1dydGM5bGRHVUJkeEJDLTFXdnd4TGFWbEtmUWgtc2x0Skw4a3Z3eXp5MG9Bc2toc0ZuR1VmMk5oc01lMGdsQmlGd3VKckVEUGs?oc=5"" target=""_blank"">Ironi Pak Mujiran di Pusaran Euforia Jargon Pertumbuhan Ekonomi</a>&nbsp;&nbsp;<font color=""#6f6f6f"">Kompas.com</font>",https://news.google.com/rss/articles/CBMitwFBVV95cUxOM1BEVzRFdENjQS12bTI3WVNxUklKeTRHelpGSXdWQ1F6X0MwRHJpWWMwX052OXphd3ZTWjVYWjFrb1RpY3oyWUZhS3NYbHBTd1BfcG9aVTF5SnF6b0hsZGlfOE55TnI5QlVrUFh5R1dydGM5bGRHVUJkeEJDLTFXdnd4TGFWbEtmUWgtc2x0Skw4a3Z3eXp5MG9Bc2toc0ZuR1VmMk5oc01lMGdsQmlGd3VKckVEUGs?oc=5,2026-06-03 09:55:00,Kompas.com
104,"Ekonomi Australia Melambat, PDB Kuartal I 2026 Hanya Tumbuh 0,3 Persen - Kompas.com","<a href=""https://news.google.com/rss/articles/CBMiuwFBVV95cUxNVU0yX3ZBb1ZWUjRGOVBjVGpWYmNpYlRXc2FFdUJnSW1tUmdnd0ZkdEFVMmViamRDNWx2d1puaWZmQ3NZOE9Jd29Kb0Nmbm0tdmQ1cDJjQnlQdUdyY3pNRUVpbW5JYVR0TDdrNzRpV3NCSERWa2VFVnZWWWt5OW1neWNLSXZhblIycmV5dEZNZ2thUVlfRHU0YmNEY25mcVM0dWFIME9ERFpocDNsS0FmOEhiOElQdXEyWjhj?oc=5"" target=""_blank"">Ekonomi Australia Melambat, PDB Kuartal I 2026 Hanya Tumbuh 0,3 Persen</a>&nbsp;&nbsp;<font color=""#6f6f6f"">Kompas.com</font>",https://news.google.com/rss/articles/CBMiuwFBVV95cUxNVU0yX3ZBb1ZWUjRGOVBjVGpWYmNpYlRXc2FFdUJnSW1tUmdnd0ZkdEFVMmViamRDNWx2d1puaWZmQ3NZOE9Jd29Kb0Nmbm0tdmQ1cDJjQnlQdUdyY3pNRUVpbW5JYVR0TDdrNzRpV3NCSERWa2VFVnZWWWt5OW1neWNLSXZhblIycmV5dEZNZ2thUVlfRHU0YmNEY25mcVM0dWFIME9ERFpocDNsS0FmOEhiOElQdXEyWjhj?oc=5,2026-06-03 15:50:00,Kompas.com
105,Foto : Ironi Pak Mujiran di Pusaran Euforia Jargon Pertumbuhan Ekonomi - Kompas.com,"<a href=""https://news.google.com/rss/articles/CBMiuAFBVV95cUxNM1JWLVR2U2R1RExGMkZYNXVTSV9sTTY5TzdRN3dLd1NoMV93QUR5TmZMeVpQSzRpWTdUZFNtc0hBVW1CZG12UjdOY1Y1WVpwRDJMNF9hZXpMaEtRWTFXdUpDR01USENwYlRCUzRRNkIxMXRHUVJmQjJpT0dzb3ZVT1lnT280ZmpZOU15cWMxSkVXZm8taXY0ZnZ4TWpHLVdtQ2VNWnVsQlFfUVhocmxadTg2U3ltRnRm?oc=5"" target=""_blank"">Foto : Ironi Pak Mujiran di Pusaran Euforia Jargon Pertumbuhan Ekonomi</a>&nbsp;&nbsp;<font color=""#6f6f6f"">Kompas.com</font>",https://news.google.com/rss/articles/CBMiuAFBVV95cUxNM1JWLVR2U2R1RExGMkZYNXVTSV9sTTY5TzdRN3dLd1NoMV93QUR5TmZMeVpQSzRpWTdUZFNtc0hBVW1CZG12UjdOY1Y1WVpwRDJMNF9hZXpMaEtRWTFXdUpDR01USENwYlRCUzRRNkIxMXRHUVJmQjJpT0dzb3ZVT1lnT280ZmpZOU15cWMxSkVXZm8taXY0ZnZ4TWpHLVdtQ2VNWnVsQlFfUVhocmxadTg2U3ltRnRm?oc=5,2026-06-03 11:35:53,Kompas.com
106,"Rupiah Melemah, Apa Dampaknya bagi Harga Barang dan Ekonomi? - Kompas.com","<a href=""https://news.google.com/rss/articles/CBMiugFBVV95cUxNM3dmb3dfcXFXNmNiZWNUTU1JU0dWbmdYMnNmMi1SbDhkRmxVSGhVMHVnYTlHQlhuWFZpckpPdlo1MXFHeTc4eVdGclRxVS1BYi1rMEZsMjYxU0tpbG5SMkM5VU50cThXcGFuNXI1Nk5pRzBYNzEzRU9RbElYODBCNF9WVzF4d2RUYlM0czRNaGhHNmNhS0FqdmxYeGZFZ21CSTZqR0NXbkY5eDFWRVdCel95STdxRjVYa1E?oc=5"" target=""_blank"">Rupiah Melemah, Apa Dampaknya bagi Harga Barang dan Ekonomi?</a>&nbsp;&nbsp;<font color=""#6f6f6f"">Kompas.com</font>",https://news.google.com/rss/articles/CBMiugFBVV95cUxNM3dmb3dfcXFXNmNiZWNUTU1JU0dWbmdYMnNmMi1SbDhkRmxVSGhVMHVnYTlHQlhuWFZpckpPdlo1MXFHeTc4eVdGclRxVS1BYi1rMEZsMjYxU0tpbG5SMkM5VU50cThXcGFuNXI1Nk5pRzBYNzEzRU9RbElYODBCNF9WVzF4d2RUYlM0czRNaGhHNmNhS0FqdmxYeGZFZ21CSTZqR0NXbkY5eDFWRVdCel95STdxRjVYa1E?oc=5,2026-06-03 07:22:00,Kompas.com
107,Pemerintah Akan Keluarkan Perpres Bisnis HAM untuk Penguatan Ekonomi - Kompas.com,"<a href=""https://news.google.com/rss/articles/CBMivgFBVV95cUxORllzX28yZGxBeG1ndXdPVTQ2YWRqLTN4UmRMSVg0Z2FBSVQ2S3N1Rm0wUFJRTkxXQUlxREc5UFpOaThIaUtpeS15OUNKb2hGS25yWGVUZzhDLUFuOE9NYTNHdDNPS0VadEFSbGVwVlpMZjI5eXJfQ1FWQVJVejZMZTR0UG1ScFVCeU5HVkxzSXQ4WnBrWS12MnFCYzRLZnNBTGtSUDNROUNlTUtfVkU1YXlfZFlnUkRBRDRHR3JB?oc=5"" target=""_blank"">Pemerintah Akan Keluarkan Perpres Bisnis HAM untuk Penguatan Ekonomi</a>&nbsp;&nbsp;<font color=""#6f6f6f"">Kompas.com</font>",https://news.google.com/rss/articles/CBMivgFBVV95cUxORllzX28yZGxBeG1ndXdPVTQ2YWRqLTN4UmRMSVg0Z2FBSVQ2S3N1Rm0wUFJRTkxXQUlxREc5UFpOaThIaUtpeS15OUNKb2hGS25yWGVUZzhDLUFuOE9NYTNHdDNPS0VadEFSbGVwVlpMZjI5eXJfQ1FWQVJVejZMZTR0UG1ScFVCeU5HVkxzSXQ4WnBrWS12MnFCYzRLZnNBTGtSUDNROUNlTUtfVkU1YXlfZFlnUkRBRDRHR3JB?oc=5,2026-06-03 03:11:00,Kompas.com
108,"Dorong Pembangunan Berkelanjutan, IKA Unpad Luncurkan Forum Ekonomi Hijau - Kompas.com","<a href=""https://news.google.com/rss/articles/CBMiwwFBVV95cUxQcE9IY0lOSXVqWWRCcUprVGc1WW5lSXkyUC1PMk9hMGVzMDhwN3J0NHk0V3R4NkhqUG9td25TNjIzZnY4b3NXLXh4Mld2MTNHMEdya0g5RFdiX1EzQlZYT0I1Q0lTdFVmMVpoLWt6dUpnaEdEVjhmNzJKUUZ0Wmpmel8yWVpNNnhuR2lMMGVfckFkUlpZZWxobUJCUnk4dVlFV25lTEVxYWRjalYxdWNkSjY5blZtT0RxY3RWa0paYXd5WGM?oc=5"" target=""_blank"">Dorong Pembangunan Berkelanjutan, IKA Unpad Luncurkan Forum Ekonomi Hijau</a>&nbsp;&nbsp;<font color=""#6f6f6f"">Kompas.com</font>",https://news.google.com/rss/articles/CBMiwwFBVV95cUxQcE9IY0lOSXVqWWRCcUprVGc1WW5lSXkyUC1PMk9hMGVzMDhwN3J0NHk0V3R4NkhqUG9td25TNjIzZnY4b3NXLXh4Mld2MTNHMEdya0g5RFdiX1EzQlZYT0I1Q0lTdFVmMVpoLWt6dUpnaEdEVjhmNzJKUUZ0Wmpmel8yWVpNNnhuR2lMMGVfckFkUlpZZWxobUJCUnk4dVlFV25lTEVxYWRjalYxdWNkSjY5blZtT0RxY3RWa0paYXd5WGM?oc=5,2026-06-03 03:24:00,Kompas.com
109,Dimensi Ekonomi Kunjungan Berkali-kali Presiden ke Luar Negeri - Kompas.com,"<a href=""https://news.google.com/rss/articles/CBMivwFBVV95cUxQdE01cFN2QTI3RXpYUGI3WVJ5TW1SQmp0TTVxSTdvbThIZ0NiaUtWZ2NjSjhvdE9vZ19oMUM3MzRucXF2dk95dGJuQlUyU21PaVdoQ1A5dUNGOWExb2lTVXI4UGVMclVCR2xZdzl0ZWtpWWFwRHpyWjF2dmlDY25sbU1DMTJIdHFUNl9fY29kV0xaQXhwOC1PMVBTMFZrWFZJSXowcVM1STBHWGd0NzFxczNLeVVJbWhIWHNDQng1Yw?oc=5"" target=""_blank"">Dimensi Ekonomi Kunjungan Berkali-kali Presiden ke Luar Negeri</a>&nbsp;&nbsp;<font color=""#6f6f6f"">Kompas.com</font>",https://news.google.com/rss/articles/CBMivwFBVV95cUxQdE01cFN2QTI3RXpYUGI3WVJ5TW1SQmp0TTVxSTdvbThIZ0NiaUtWZ2NjSjhvdE9vZ19oMUM3MzRucXF2dk95dGJuQlUyU21PaVdoQ1A5dUNGOWExb2lTVXI4UGVMclVCR2xZdzl0ZWtpWWFwRHpyWjF2dmlDY25sbU1DMTJIdHFUNl9fY29kV0xaQXhwOC1PMVBTMFZrWFZJSXowcVM1STBHWGd0NzFxczNLeVVJbWhIWHNDQng1Yw?oc=5,2026-06-03 04:30:00,Kompas.com
110,Pesta Babi dan Ekonomi Pancasila - Kompas.com,"<a href=""https://news.google.com/rss/articles/CBMimgFBVV95cUxNclU4a3lFMUUzTjh2RWE5Snc1dWduU0x2S0dhQmhQSmJTWjdyMFMydTFqUENSekVwNG5qNUQ2VHhLSXl6bmxRVGxYV2NRZVdaaEpid2d5RVJYcFlCWnF1ZC1XSHB6cjBhRjJ4SnpoN0FWdzFDeEN2dklodk5LR212Yl9lRVJxcm9UVmNMcWx1STdYUWdHcndpbVdn?oc=5"" target=""_blank"">Pesta Babi dan Ekonomi Pancasila</a>&nbsp;&nbsp;<font color=""#6f6f6f"">Kompas.com</font>",https://news.google.com/rss/articles/CBMimgFBVV95cUxNclU4a3lFMUUzTjh2RWE5Snc1dWduU0x2S0dhQmhQSmJTWjdyMFMydTFqUENSekVwNG5qNUQ2VHhLSXl6bmxRVGxYV2NRZVdaaEpid2d5RVJYcFlCWnF1ZC1XSHB6cjBhRjJ4SnpoN0FWdzFDeEN2dklodk5LR212Yl9lRVJxcm9UVmNMcWx1STdYUWdHcndpbVdn?oc=5,2026-06-03 00:53:00,Kompas.com
111,"Saat Vietnam Memanen, Indonesia Masih Menanam - Kompas.com","<a href=""https://news.google.com/rss/articles/CBMimwFBVV95cUxNaTBwUTBuY3pZcU1Xa3M4WDdDLUhtbGdzMzBTTFBDdnhtZXZ4c3BEcFlRMkRtbmk0OHBITEJ5OXA0UmN2Z1FOVDloNkx6bkliQlV1dFd1a1VKS2N3aUV0V3RvWGNhMW5vWXMtYUJvMTU5NTluemlmRlNVRUw3dnFrdjFGRlZxSXJKalpOdDFZMXo2TS1rZ1RHeXR0cw?oc=5"" target=""_blank"">Saat Vietnam Memanen, Indonesia Masih Menanam</a>&nbsp;&nbsp;<font color=""#6f6f6f"">Kompas.com</font>",https://news.google.com/rss/articles/CBMimwFBVV95cUxNaTBwUTBuY3pZcU1Xa3M4WDdDLUhtbGdzMzBTTFBDdnhtZXZ4c3BEcFlRMkRtbmk0OHBITEJ5OXA0UmN2Z1FOVDloNkx6bkliQlV1dFd1a1VKS2N3aUV0V3RvWGNhMW5vWXMtYUJvMTU5NTluemlmRlNVRUw3dnFrdjFGRlZxSXJKalpOdDFZMXo2TS1rZ1RHeXR0cw?oc=5,2026-06-03 05:25:00,Kompas.com
112,"Gandeng Multidisiplin Ilmu, ITB Siap Sulap Tempe Jadi Produk Bernilai Ekonomi Tinggi - Kompas.com","<a href=""https://news.google.com/rss/articles/CBMiyAFBVV95cUxPNWp6bFRQem11WnEtUUNRcm82VkZRc2NBX2VkemZMRHNscmNhckRnMDYybm0yRW9acklFNFJ2bFVBN0d6QS03VHYtbmlYRkRvOEFBYVJYaXgwRUJtRk1sMHltWmlUdnZoOUZqTEE3cnI4YW1aZ295NDA1N3d6SmFia3E0bmZ4UE1CYU1VREhyOGxSdkZ5VWltODNvNU05VXNwalhHNHN0cnBxRkg0bXQwREZtOGVNZXZwVXBUaVBuMko1VEJJSUc1Qg?oc=5"" target=""_blank"">Gandeng Multidisiplin Ilmu, ITB Siap Sulap Tempe Jadi Produk Bernilai Ekonomi Tinggi</a>&nbsp;&nbsp;<font color=""#6f6f6f"">Kompas.com</font>",https://news.google.com/rss/articles/CBMiyAFBVV95cUxPNWp6bFRQem11WnEtUUNRcm82VkZRc2NBX2VkemZMRHNscmNhckRnMDYybm0yRW9acklFNFJ2bFVBN0d6QS03VHYtbmlYRkRvOEFBYVJYaXgwRUJtRk1sMHltWmlUdnZoOUZqTEE3cnI4YW1aZ295NDA1N3d6SmFia3E0bmZ4UE1CYU1VREhyOGxSdkZ5VWltODNvNU05VXNwalhHNHN0cnBxRkg0bXQwREZtOGVNZXZwVXBUaVBuMko1VEJJSUc1Qg?oc=5,2026-06-02 23:00:00,Kompas.com
113,Kekhawatiran Krisis Ekonomi Global Benamkan Saham Dunia - bisniskeuangan.kompas.com,"<a href=""https://news.google.com/rss/articles/CBMiugFBVV95cUxNdUZWYmRBWGhodzRVX3RyWEd6R01rZFRXSDNPbGhvVUZhUXd6TzVqd3RIZGcxRG5hbjZIQnRkaUtjZERyRk80XzNDYmRhNTQwSUFNTUlKTUswOFlWRTRfNkZ3S1BESnJZRVlLQkpNY2xMcTFJYUFJMi1HQkNDeEg0OUV4WXotRGs1XzRGOHB6MkVvRGg3eW1KRER6OUsxbC1tajR6Qzh6WEgyUnZORTNMLXNLZUlWZERuN1E?oc=5"" target=""_blank"">Kekhawatiran Krisis Ekonomi Global Benamkan Saham Dunia</a>&nbsp;&nbsp;<font color=""#6f6f6f"">bisniskeuangan.kompas.com</font>",https://news.google.com/rss/articles/CBMiugFBVV95cUxNdUZWYmRBWGhodzRVX3RyWEd6R01rZFRXSDNPbGhvVUZhUXd6TzVqd3RIZGcxRG5hbjZIQnRkaUtjZERyRk80XzNDYmRhNTQwSUFNTUlKTUswOFlWRTRfNkZ3S1BESnJZRVlLQkpNY2xMcTFJYUFJMi1HQkNDeEg0OUV4WXotRGs1XzRGOHB6MkVvRGg3eW1KRER6OUsxbC1tajR6Qzh6WEgyUnZORTNMLXNLZUlWZERuN1E?oc=5,2008-10-02 07:00:00,Kompas.com
114,Bappenas Proyeksikan Kerugian Ekonomi akibat Krisis Iklim Capai Rp 2.005 Triliun - Kompas.com,"<a href=""https://news.google.com/rss/articles/CBMiwwFBVV95cUxPc0x0RFh5YUdOZXNFTXpUY1k3aWd1U3ZneG5mclczMGpXaUFUdGZqMklpQnJPUzAwOGExNl9lUERoazloXzNOemRsRG9vS2U3bWlzQjl4TmtwSUVRNV9zUTdXNzd2M3dnbkJhc1p4RFlCOXZlVXVTREpTazlCMTRoOG1TQlVGS1Y4ZnB6MW9JbGZpa1B5RW1BU1Z2ektzWFBXazlXdmp1VF90c1ZSZHVIT05Yemc3b3YyU002VEloZWNzUlk?oc=5"" target=""_blank"">Bappenas Proyeksikan Kerugian Ekonomi akibat Krisis Iklim Capai Rp 2.005 Triliun</a>&nbsp;&nbsp;<font color=""#6f6f6f"">Kompas.com</font>",https://news.google.com/rss/articles/CBMiwwFBVV95cUxPc0x0RFh5YUdOZXNFTXpUY1k3aWd1U3ZneG5mclczMGpXaUFUdGZqMklpQnJPUzAwOGExNl9lUERoazloXzNOemRsRG9vS2U3bWlzQjl4TmtwSUVRNV9zUTdXNzd2M3dnbkJhc1p4RFlCOXZlVXVTREpTazlCMTRoOG1TQlVGS1Y4ZnB6MW9JbGZpa1B5RW1BU1Z2ektzWFBXazlXdmp1VF90c1ZSZHVIT05Yemc3b3YyU002VEloZWNzUlk?oc=5,2026-06-02 13:06:00,Kompas.com
115,"Tanpa China, Bisakah Ekonomi Korea Utara Bertahan? - Kompas.com","<a href=""https://news.google.com/rss/articles/CBMitAFBVV95cUxQWWxNNUtEeE15WWRvUWlEUDdzaTlFZ3RhVW9mSzVUcjVMTnRLcjkzNnktbkhJZk51eV93bWJ1S21jc0N2SW1jQkxzNTFscmFZMV9rYXRFTm1IXy1UdE9vcXI4ZXdVT2NmZmFMVU1qeW5Oal9sMm85dk5jSTNSSGFiSmxkaWc4SjdEZUJ2eWM3TERXTWUwVHZIUmxYNHhnLURRN2ExOHdJcUZHaGYxNDZULUV3Qmk?oc=5"" target=""_blank"">Tanpa China, Bisakah Ekonomi Korea Utara Bertahan?</a>&nbsp;&nbsp;<font color=""#6f6f6f"">Kompas.com</font>",https://news.google.com/rss/articles/CBMitAFBVV95cUxQWWxNNUtEeE15WWRvUWlEUDdzaTlFZ3RhVW9mSzVUcjVMTnRLcjkzNnktbkhJZk51eV93bWJ1S21jc0N2SW1jQkxzNTFscmFZMV9rYXRFTm1IXy1UdE9vcXI4ZXdVT2NmZmFMVU1qeW5Oal9sMm85dk5jSTNSSGFiSmxkaWc4SjdEZUJ2eWM3TERXTWUwVHZIUmxYNHhnLURRN2ExOHdJcUZHaGYxNDZULUV3Qmk?oc=5,2026-06-02 11:21:00,Kompas.com
116,"Es Goyang Bukan Sekadar Jajanan, tapi Aset Ekonomi Kerakyatan Jakarta - Kompas.com","<a href=""https://news.google.com/rss/articles/CBMiwgFBVV95cUxOcUFvQnd4U3hEQ1hFd2l4M2FDZ2N4R09SdWlvNFQwZ0pSelRyMldOQURlRUZyNEFja2lub3RIZVlrT2JhRFJ0NklrS3hiNVEzMU5uVnVqRm1hNzFjTEowQURoUGlwMWtlaXczR3JZYkg4eEdWbDh1djEzblJsejlWS3czejdSTV9VZE12elhVUHotMXgzM1k4Q3lrRnExeEF1NUZNT0xDWm1DZGFSaE51OXI1R3RBdjFSeXo4d25ja3ZjQQ?oc=5"" target=""_blank"">Es Goyang Bukan Sekadar Jajanan, tapi Aset Ekonomi Kerakyatan Jakarta</a>&nbsp;&nbsp;<font color=""#6f6f6f"">Kompas.com</font>",https://news.google.com/rss/articles/CBMiwgFBVV95cUxOcUFvQnd4U3hEQ1hFd2l4M2FDZ2N4R09SdWlvNFQwZ0pSelRyMldOQURlRUZyNEFja2lub3RIZVlrT2JhRFJ0NklrS3hiNVEzMU5uVnVqRm1hNzFjTEowQURoUGlwMWtlaXczR3JZYkg4eEdWbDh1djEzblJsejlWS3czejdSTV9VZE12elhVUHotMXgzM1k4Q3lrRnExeEF1NUZNT0xDWm1DZGFSaE51OXI1R3RBdjFSeXo4d25ja3ZjQQ?oc=5,2026-06-02 09:29:00,Kompas.com
117,"Soroti Komunitas Akar Rumput di Magelang, Wamenekraf: Pertumbuhan Ekonomi Harus dari Desa - Kompas.com","<a href=""https://news.google.com/rss/articles/CBMizwFBVV95cUxQRWd1YXd0V0xHOFdNbHhqNlBvYzRFSFZnTGtyMWNJNEVydWk1Y3VISzRFbGM1eG1TX0NwQzhmUERjVE16Smg2X3NlSF9XUmhNRjBPQ19YSnIwcnNmdWoxZl9PcGF3M3NHT1FRTHNvRnh1MlN2eGx0Y0RPQjhPMUVIRkt4T3BZUTc4U3ptS3N5am9NS1Z3WW9UOUJxUmZCYkp6aERzcnZ3VzczVXhzRGVFRGNKc3ROVF9xdVBEaFBFNUZQS3dlWWZlNXNFeEN4a0U?oc=5"" target=""_blank"">Soroti Komunitas Akar Rumput di Magelang, Wamenekraf: Pertumbuhan Ekonomi Harus dari Desa</a>&nbsp;&nbsp;<font color=""#6f6f6f"">Kompas.com</font>",https://news.google.com/rss/articles/CBMizwFBVV95cUxQRWd1YXd0V0xHOFdNbHhqNlBvYzRFSFZnTGtyMWNJNEVydWk1Y3VISzRFbGM1eG1TX0NwQzhmUERjVE16Smg2X3NlSF9XUmhNRjBPQ19YSnIwcnNmdWoxZl9PcGF3M3NHT1FRTHNvRnh1MlN2eGx0Y0RPQjhPMUVIRkt4T3BZUTc4U3ptS3N5am9NS1Z3WW9UOUJxUmZCYkp6aERzcnZ3VzczVXhzRGVFRGNKc3ROVF9xdVBEaFBFNUZQS3dlWWZlNXNFeEN4a0U?oc=5,2026-06-02 07:28:00,Kompas.com
118,Daya Beli Melemah dan Masa Depan Kelas Menengah - Kompas.com,"<a href=""https://news.google.com/rss/articles/CBMiqwFBVV95cUxPVk8tUlpOS3NQbnpJZmlBUWpuZ1RJQlRkOWsyUW96UWNmYXM5TEtvODRHT3dCM09INk9IR3hrMHNvV1l5LWR5V1c3VGFkWVJ1S2lJTFNycE1CMnVIcXJPb1hqSmtfM3BqRlhBSDFhT2RPWG95TFZNRGhyalNkSlFPQlk3NkhNRjRoNVp3VEVpLXdrRmRkaXB5bFp0QUVIY0dQVHNycUs3bWh4M0k?oc=5"" target=""_blank"">Daya Beli Melemah dan Masa Depan Kelas Menengah</a>&nbsp;&nbsp;<font color=""#6f6f6f"">Kompas.com</font>",https://news.google.com/rss/articles/CBMiqwFBVV95cUxPVk8tUlpOS3NQbnpJZmlBUWpuZ1RJQlRkOWsyUW96UWNmYXM5TEtvODRHT3dCM09INk9IR3hrMHNvV1l5LWR5V1c3VGFkWVJ1S2lJTFNycE1CMnVIcXJPb1hqSmtfM3BqRlhBSDFhT2RPWG95TFZNRGhyalNkSlFPQlk3NkhNRjRoNVp3VEVpLXdrRmRkaXB5bFp0QUVIY0dQVHNycUs3bWh4M0k?oc=5,2026-06-02 06:04:00,Kompas.com
119,"Es Goyang Bukan Sekadar Jajanan, tapi Aset Ekonomi Kerakyatan Jakarta Halaman 1 - Kompas.com","<a href=""https://news.google.com/rss/articles/CBMizAFBVV95cUxPVThQS1dnVnBFdTV2bmo3aUk4eWpjQ2ZHSjY1Zm9KNjF0SXNUSklMdFdMV21Iazhwdl8wNkduN010WlJGZmdEd1htUzhRTmdsX3hzRHdHOE9rRVVjMFV2WTdxa2N4RTdmZFFTTkZaUHhSc2tNc2Z4a1AtaEZFOFFpRXZ1SFl4LVY4bF9hMERqUFBJYkw5UXhDbG83bjA3azlTbFFuLUVZaXlrYWZMV2c2TXlneWMya3hQX2RjZG5Cb2NXZ2RkVFlYc21LTnQ?oc=5"" target=""_blank"">Es Goyang Bukan Sekadar Jajanan, tapi Aset Ekonomi Kerakyatan Jakarta Halaman 1</a>&nbsp;&nbsp;<font color=""#6f6f6f"">Kompas.com</font>",https://news.google.com/rss/articles/CBMizAFBVV95cUxPVThQS1dnVnBFdTV2bmo3aUk4eWpjQ2ZHSjY1Zm9KNjF0SXNUSklMdFdMV21Iazhwdl8wNkduN010WlJGZmdEd1htUzhRTmdsX3hzRHdHOE9rRVVjMFV2WTdxa2N4RTdmZFFTTkZaUHhSc2tNc2Z4a1AtaEZFOFFpRXZ1SFl4LVY4bF9hMERqUFBJYkw5UXhDbG83bjA3azlTbFFuLUVZaXlrYWZMV2c2TXlneWMya3hQX2RjZG5Cb2NXZ2RkVFlYc21LTnQ?oc=5,2026-06-02 10:09:09,Kompas.com
120,"Gajah dan Harimau Sumatera Mati, Pakar IPB: Ekologi Dikalahkan Kepentingan Ekonomi - Kompas.com","<a href=""https://news.google.com/rss/articles/CBMixwFBVV95cUxPZExwSEZKazltZGlVUldSZ2MtX2NSWl9Da3RrdDBWbHFNM3R5WFQybk5IaFJ3VmVSVGVGb18zcDNxQUZPbktxaDlWMWNDLU91UTZENENONGhjUTJKN005QjIzZmRCZ3A5VHZteWJhTk1yR3NvemhXRVZOcGs5Y1NqVl9NM0JhNXljd2Y0Vk9YTUU2cFFhUVZ0TlhWbnYtT1Bva0Y4cFhrUHlhNXVEMUVfcGNZcDRqUlFXWjd4bWhEOVR4bjQzZWZJ?oc=5"" target=""_blank"">Gajah dan Harimau Sumatera Mati, Pakar IPB: Ekologi Dikalahkan Kepentingan Ekonomi</a>&nbsp;&nbsp;<font color=""#6f6f6f"">Kompas.com</font>",https://news.google.com/rss/articles/CBMixwFBVV95cUxPZExwSEZKazltZGlVUldSZ2MtX2NSWl9Da3RrdDBWbHFNM3R5WFQybk5IaFJ3VmVSVGVGb18zcDNxQUZPbktxaDlWMWNDLU91UTZENENONGhjUTJKN005QjIzZmRCZ3A5VHZteWJhTk1yR3NvemhXRVZOcGs5Y1NqVl9NM0JhNXljd2Y0Vk9YTUU2cFFhUVZ0TlhWbnYtT1Bva0Y4cFhrUHlhNXVEMUVfcGNZcDRqUlFXWjd4bWhEOVR4bjQzZWZJ?oc=5,2026-06-02 11:36:00,Kompas.com
121,"Es Goyang Bukan Sekadar Jajanan, tapi Aset Ekonomi Kerakyatan Jakarta Halaman 2 - Kompas.com","<a href=""https://news.google.com/rss/articles/CBMizAFBVV95cUxNSXBWNzFUVVFkanlGWnViNUFCXzl2WjVEUjBuc3Jkam5ubGFxd085cW1CX2lXcVQzVDJaMVNpbmo4elhvMGdRVnlmYjBlenNYRDd2OHpudHBDLWp6S0FkRTVVUXNMN25ZS1F4TEY0S3hUbW9oQ2tLM3RyLXpjc0ZPTXBpc3pIUWNmVTN4Zl9SR1FUN0paTDA4WFFoZFc5Sk15VWZweHJCSVJ2RG00NzM4SXdaU2x4YWZ0SV9YVjFJcENjeHdobXpfemFMa2g?oc=5"" target=""_blank"">Es Goyang Bukan Sekadar Jajanan, tapi Aset Ekonomi Kerakyatan Jakarta Halaman 2</a>&nbsp;&nbsp;<font color=""#6f6f6f"">Kompas.com</font>",https://news.google.com/rss/articles/CBMizAFBVV95cUxNSXBWNzFUVVFkanlGWnViNUFCXzl2WjVEUjBuc3Jkam5ubGFxd085cW1CX2lXcVQzVDJaMVNpbmo4elhvMGdRVnlmYjBlenNYRDd2OHpudHBDLWp6S0FkRTVVUXNMN25ZS1F4TEY0S3hUbW9oQ2tLM3RyLXpjc0ZPTXBpc3pIUWNmVTN4Zl9SR1FUN0paTDA4WFFoZFc5Sk15VWZweHJCSVJ2RG00NzM4SXdaU2x4YWZ0SV9YVjFJcENjeHdobXpfemFMa2g?oc=5,2026-06-02 10:09:09,Kompas.com
122,"Es Goyang Bukan Sekadar Jajanan, tapi Aset Ekonomi Kerakyatan Jakarta Halaman 3 - Kompas.com","<a href=""https://news.google.com/rss/articles/CBMizAFBVV95cUxOYXNRQzZEVVY5QXFHVGxGOTRJcHF0ZTRMeFJnXzQ1RnUtX3NrcGVYeHdFN3g0am05Y281UlAydS1KamVZNDFqMUpTNGhxWTdmVHppNWFVZkpLQjdUTTBVVlFPWUJPWHd1MTVIVzBPWmJaWFlEa2hiOC1zMGRiSG9tNFpNb08teTBETm1IVTVDLUp4bktsYmo2TnJWR2EzU3JhUFNCMTBfYVhsaHd0MDRfN3VIUGtMcXBlMTVxZERtMGZweTJXNHJXbmk4NnA?oc=5"" target=""_blank"">Es Goyang Bukan Sekadar Jajanan, tapi Aset Ekonomi Kerakyatan Jakarta Halaman 3</a>&nbsp;&nbsp;<font color=""#6f6f6f"">Kompas.com</font>",https://news.google.com/rss/articles/CBMizAFBVV95cUxOYXNRQzZEVVY5QXFHVGxGOTRJcHF0ZTRMeFJnXzQ1RnUtX3NrcGVYeHdFN3g0am05Y281UlAydS1KamVZNDFqMUpTNGhxWTdmVHppNWFVZkpLQjdUTTBVVlFPWUJPWHd1MTVIVzBPWmJaWFlEa2hiOC1zMGRiSG9tNFpNb08teTBETm1IVTVDLUp4bktsYmo2TnJWR2EzU3JhUFNCMTBfYVhsaHd0MDRfN3VIUGtMcXBlMTVxZERtMGZweTJXNHJXbmk4NnA?oc=5,2026-06-02 10:09:09,Kompas.com
123,"Ekonomi Lesu, Perhotelan di Kota Batu Tak Bisa Maksimalkan Room Rate Saat Libur Panjang - Kompas.com","<a href=""https://news.google.com/rss/articles/CBMixAFBVV95cUxPemJHOU8tbVp2ZzNFMmVTYU1WRmNEd0czdTNZOTVSWFRNeGhpa01FUGR5Q0J1Qm5yLXBQdnppd3dFZXg5R0huNkFUdFU5MmxmbHFXb1VqS19xazdad29yR21JdXdJTHdXbGttZkEtVUQ3LXQtTkZGQnpkZFlBaGVuc0kzS1RRR0V2aWwtUjI0eTlzTGpxbGlBdUhoODIyZkozLVZFZkFLOEpNR1NVUHlXd1NqLUJMV0tFcFZfREx4d09nOXBo?oc=5"" target=""_blank"">Ekonomi Lesu, Perhotelan di Kota Batu Tak Bisa Maksimalkan Room Rate Saat Libur Panjang</a>&nbsp;&nbsp;<font color=""#6f6f6f"">Kompas.com</font>",https://news.google.com/rss/articles/CBMixAFBVV95cUxPemJHOU8tbVp2ZzNFMmVTYU1WRmNEd0czdTNZOTVSWFRNeGhpa01FUGR5Q0J1Qm5yLXBQdnppd3dFZXg5R0huNkFUdFU5MmxmbHFXb1VqS19xazdad29yR21JdXdJTHdXbGttZkEtVUQ3LXQtTkZGQnpkZFlBaGVuc0kzS1RRR0V2aWwtUjI0eTlzTGpxbGlBdUhoODIyZkozLVZFZkFLOEpNR1NVUHlXd1NqLUJMV0tFcFZfREx4d09nOXBo?oc=5,2026-06-02 07:04:00,Kompas.com
124,Prabowo Bicara Ekonomi Pancasila dan Cita-cita yang Lebih Berani - Kompas.com,"<a href=""https://news.google.com/rss/articles/CBMixAFBVV95cUxOeXliWVNGRFhhajlvYktubHZfZ0RubExESkoxYzlDTDlXT1h3bXBtejE3bVBfTHQtZnhPeE9kZFBmOXJYR1ZmbTNBOVc5OG1rSTI1amxIWGZPR3pBQ1k2NndzdTMzb3FYS3hUWmVsQjBOb0xlVnNGV1JSM2RNYm82X2pleTNrZHhDR1E3ZFVVR3RIbGpDVWNiNnVSRlNXNGR2Vk9tRlV4dWVhbDA4V250R3VwY3hwMEtfQmZzbUJ1S2c1RV9t?oc=5"" target=""_blank"">Prabowo Bicara Ekonomi Pancasila dan Cita-cita yang Lebih Berani</a>&nbsp;&nbsp;<font color=""#6f6f6f"">Kompas.com</font>",https://news.google.com/rss/articles/CBMixAFBVV95cUxOeXliWVNGRFhhajlvYktubHZfZ0RubExESkoxYzlDTDlXT1h3bXBtejE3bVBfTHQtZnhPeE9kZFBmOXJYR1ZmbTNBOVc5OG1rSTI1amxIWGZPR3pBQ1k2NndzdTMzb3FYS3hUWmVsQjBOb0xlVnNGV1JSM2RNYm82X2pleTNrZHhDR1E3ZFVVR3RIbGpDVWNiNnVSRlNXNGR2Vk9tRlV4dWVhbDA4V250R3VwY3hwMEtfQmZzbUJ1S2c1RV9t?oc=5,2026-06-02 01:38:00,Kompas.com
125,"DSI, B50, dan Mahalnya Menjaga Rupiah - Kompas.com","<a href=""https://news.google.com/rss/articles/CBMimwFBVV95cUxQUmVjelB6SnAtVkpkUWdMNE4yYlhPV2Y1QW8wZ2FKdUw0XzE4T05aVW1RRlkzUi04aHhZdGVWaDBDSHpQcUFFbXNwWHhic3o1VDBsZ2ZERkY3SkhfdURoenBQTVVNSEtqbU5YZ0pkTUlTX1RZOG1MU1cxZ2JCRFBUTDBELUZYYUZzdElXVk4yR2lIeHMwbDJNSFY0VQ?oc=5"" target=""_blank"">DSI, B50, dan Mahalnya Menjaga Rupiah</a>&nbsp;&nbsp;<font color=""#6f6f6f"">Kompas.com</font>",https://news.google.com/rss/articles/CBMimwFBVV95cUxQUmVjelB6SnAtVkpkUWdMNE4yYlhPV2Y1QW8wZ2FKdUw0XzE4T05aVW1RRlkzUi04aHhZdGVWaDBDSHpQcUFFbXNwWHhic3o1VDBsZ2ZERkY3SkhfdURoenBQTVVNSEtqbU5YZ0pkTUlTX1RZOG1MU1cxZ2JCRFBUTDBELUZYYUZzdElXVk4yR2lIeHMwbDJNSFY0VQ?oc=5,2026-06-02 04:05:00,Kompas.com
126,"Ekonomi Tegal Selatan Menggeliat, Penumpang Stasiun Prupuk Melonjak 21,96 Persen - Kompas.com","<a href=""https://news.google.com/rss/articles/CBMiwwFBVV95cUxNTTFnMkVtQXpkbUo1TmhmN19rTThIZjZ3dUlLSnlzY0VqZ0FCZEF1RzVQSjQwc08yanBJMWVKanZyVXZzWG1XS2hOT1B3bXh6NTVNdTVtWGM0c0xMQnVWSDI4aUZUZlp4eTZQTUduQmlhc2FTdnUyczNqYU1LMVRmR1JQbXhvdDV4N1RLd3VOYi1Ham81ckJrak9RRTRvejYtWjgwajhxNklwV2Vva1E5Qk9kZnk2RGNYTEEyZFpyQ3piQ28?oc=5"" target=""_blank"">Ekonomi Tegal Selatan Menggeliat, Penumpang Stasiun Prupuk Melonjak 21,96 Persen</a>&nbsp;&nbsp;<font color=""#6f6f6f"">Kompas.com</font>",https://news.google.com/rss/articles/CBMiwwFBVV95cUxNTTFnMkVtQXpkbUo1TmhmN19rTThIZjZ3dUlLSnlzY0VqZ0FCZEF1RzVQSjQwc08yanBJMWVKanZyVXZzWG1XS2hOT1B3bXh6NTVNdTVtWGM0c0xMQnVWSDI4aUZUZlp4eTZQTUduQmlhc2FTdnUyczNqYU1LMVRmR1JQbXhvdDV4N1RLd3VOYi1Ham81ckJrak9RRTRvejYtWjgwajhxNklwV2Vva1E5Qk9kZnk2RGNYTEEyZFpyQ3piQ28?oc=5,2026-06-02 01:10:00,Kompas.com
127,Kondisi Ekonomi Kita - Kompas.com,"<a href=""https://news.google.com/rss/articles/CBMiigFBVV95cUxNd1VxcE1RTXhwZE4zTVlvLVVhSUVvcnFiMm9tbDExTDJfNzdvZ1ZHT2Y4Y0w2OTQ1azNyZjA1TmhYRmV0MHA5MWREWlBUR3daTUkwdUVaeDBzM191YUk1RjRtQXZOd2pDQ1Z1UkRiSHE0aVhCVGNWSzloUUxHMnNzTFFTN19waFNHTnc?oc=5"" target=""_blank"">Kondisi Ekonomi Kita</a>&nbsp;&nbsp;<font color=""#6f6f6f"">Kompas.com</font>",https://news.google.com/rss/articles/CBMiigFBVV95cUxNd1VxcE1RTXhwZE4zTVlvLVVhSUVvcnFiMm9tbDExTDJfNzdvZ1ZHT2Y4Y0w2OTQ1azNyZjA1TmhYRmV0MHA5MWREWlBUR3daTUkwdUVaeDBzM191YUk1RjRtQXZOd2pDQ1Z1UkRiSHE0aVhCVGNWSzloUUxHMnNzTFFTN19waFNHTnc?oc=5,2026-06-01 22:50:00,Kompas.com
128,Diler Ungkap Alasan Mobil Listrik Tetap Laris Saat Ekonomi Lesu - Kompas.com,"<a href=""https://news.google.com/rss/articles/CBMiuAFBVV95cUxNT3k5VHRaTjZsdTFsRndBQWtVb19ibWRIZ0xlOEVyX1hDcDdyMlN5M0g4NUhlTlo5bFBueDNzaTY5RzdkRFR5SGxYY0pNdURhNGxWX0hrRVFHbHVtU19ObkxHN3NDVnJZcDdVWm9WVEV6S1ZtZVREb0tWWnNPUmNEQVgyQ0ZYcXFsTkppaUQ5Vk9lTjBJRWpKWTlkYmdmX2RWMjZmenlYWTlReUFFU2pwM3Q0RUNVLUFP?oc=5"" target=""_blank"">Diler Ungkap Alasan Mobil Listrik Tetap Laris Saat Ekonomi Lesu</a>&nbsp;&nbsp;<font color=""#6f6f6f"">Kompas.com</font>",https://news.google.com/rss/articles/CBMiuAFBVV95cUxNT3k5VHRaTjZsdTFsRndBQWtVb19ibWRIZ0xlOEVyX1hDcDdyMlN5M0g4NUhlTlo5bFBueDNzaTY5RzdkRFR5SGxYY0pNdURhNGxWX0hrRVFHbHVtU19ObkxHN3NDVnJZcDdVWm9WVEV6S1ZtZVREb0tWWnNPUmNEQVgyQ0ZYcXFsTkppaUQ5Vk9lTjBJRWpKWTlkYmdmX2RWMjZmenlYWTlReUFFU2pwM3Q0RUNVLUFP?oc=5,2026-06-02 00:02:00,Kompas.com
129,"Curhat Korban Bencana Aceh: Senang Dapat Hewan Kurban, Sedih Ekonomi Belum Pulih - Kompas.com","<a href=""https://news.google.com/rss/articles/CBMixgFBVV95cUxNY0YxcUhPRjJWVHl2VnpFV29xWmcwRTN0WmJ1dEZLUkx6c0RaN1dXZkRvUEJ6MXpFd1dlYUh4RkpETUdPbVlSOFpkbVNETzhaSnhTWWdhb04tWWVGR0JUM2NuVUNjbWFGSUtra2pPdG9zUGQwdER6NEkwaUEzQnBkUXNwQVBhcWlRUUNSU3ZuQ0ppSjdrdG9RVHQ5cUxvWUVqQVctQ25vdFNrdkpwamZSbktOTzdiak4wWUgxYnRVa0lGZnBBN2c?oc=5"" target=""_blank"">Curhat Korban Bencana Aceh: Senang Dapat Hewan Kurban, Sedih Ekonomi Belum Pulih</a>&nbsp;&nbsp;<font color=""#6f6f6f"">Kompas.com</font>",https://news.google.com/rss/articles/CBMixgFBVV95cUxNY0YxcUhPRjJWVHl2VnpFV29xWmcwRTN0WmJ1dEZLUkx6c0RaN1dXZkRvUEJ6MXpFd1dlYUh4RkpETUdPbVlSOFpkbVNETzhaSnhTWWdhb04tWWVGR0JUM2NuVUNjbWFGSUtra2pPdG9zUGQwdER6NEkwaUEzQnBkUXNwQVBhcWlRUUNSU3ZuQ0ppSjdrdG9RVHQ5cUxvWUVqQVctQ25vdFNrdkpwamZSbktOTzdiak4wWUgxYnRVa0lGZnBBN2c?oc=5,2026-06-01 16:11:00,Kompas.com
130,Prabowo Yakin RI Jadi Bangsa yang Tidak Minta-minta Bantuan jika Jalankan Ekonomi Pancasila - Kompas.com,"<a href=""https://news.google.com/rss/articles/CBMixAFBVV95cUxQRWFQUE41STIyUVNMSFc3VS16QWNVY3M5NWhWYWJjNHd2Tl9xekhsNVFDNzJnZUFNSEpOR2tYaFJLd000aDh6WWh1TTZvbE9jSTlKYm5faTlBU211ay1aejN4S3ZzM21BQU5yclY4V3BIeEJEaV9uelVDb0hyal9RblpMTVdUNzlkX0hGYjdMUXJ1M1U0SkpseDVSYllMa0VKaFhib1dpYTlnQ0lWRTV0eEF3NDVsNXBGLVFud2RxNmtJMEFW?oc=5"" target=""_blank"">Prabowo Yakin RI Jadi Bangsa yang Tidak Minta-minta Bantuan jika Jalankan Ekonomi Pancasila</a>&nbsp;&nbsp;<font color=""#6f6f6f"">Kompas.com</font>",https://news.google.com/rss/articles/CBMixAFBVV95cUxQRWFQUE41STIyUVNMSFc3VS16QWNVY3M5NWhWYWJjNHd2Tl9xekhsNVFDNzJnZUFNSEpOR2tYaFJLd000aDh6WWh1TTZvbE9jSTlKYm5faTlBU211ay1aejN4S3ZzM21BQU5yclY4V3BIeEJEaV9uelVDb0hyal9RblpMTVdUNzlkX0hGYjdMUXJ1M1U0SkpseDVSYllMa0VKaFhib1dpYTlnQ0lWRTV0eEF3NDVsNXBGLVFud2RxNmtJMEFW?oc=5,2026-06-01 09:06:00,Kompas.com
131,"Makna Ekonomi Pancasila Menurut Prabowo: Religius, Berkemanusiaan, dan Berkeadilan - Kompas.com","<a href=""https://news.google.com/rss/articles/CBMivAFBVV95cUxQTmZLcjZTaEhJZVBoek0ybWZwckw4bVVvaXlyUEV3c0dUMFAyWko3QVp2TlAwLWNMLWV1eDNJd2ZuaEVWV1ZBNFV3X2haNmg3MmJ5OFY1NzFZUE8taFZZaHk0NE5wZHdWTTJMTVdPQVV6N1A1VkQ5NmJHZFdvMHN4WC1pT0JJVlJhQVNNMDFhVk5GQk1TaDliT1lBR25yNTQwa3VaTEM3WFN6WThEdHdCbUZyalRiOW51N013Mw?oc=5"" target=""_blank"">Makna Ekonomi Pancasila Menurut Prabowo: Religius, Berkemanusiaan, dan Berkeadilan</a>&nbsp;&nbsp;<font color=""#6f6f6f"">Kompas.com</font>",https://news.google.com/rss/articles/CBMivAFBVV95cUxQTmZLcjZTaEhJZVBoek0ybWZwckw4bVVvaXlyUEV3c0dUMFAyWko3QVp2TlAwLWNMLWV1eDNJd2ZuaEVWV1ZBNFV3X2haNmg3MmJ5OFY1NzFZUE8taFZZaHk0NE5wZHdWTTJMTVdPQVV6N1A1VkQ5NmJHZFdvMHN4WC1pT0JJVlJhQVNNMDFhVk5GQk1TaDliT1lBR25yNTQwa3VaTEM3WFN6WThEdHdCbUZyalRiOW51N013Mw?oc=5,2026-06-01 07:28:00,Kompas.com
132,Purbaya: Kebijakan DHE SDA Dorong Ketahanan Ekonomi dan Perbankan - Kompas.com,"<a href=""https://news.google.com/rss/articles/CBMitgFBVV95cUxOc3hObmZucVdqNG5JS3JwcFRscEQ4blJPUUo5ZjVpSHdualJLUmp0NkJPNXhRNFZRd2VPVkwzbDF5cEZtYUpNNmxXby1jNFRtUF9yYWxhNXRCLURtVm1OLWo1OG5Vbnk3aXJmbXFYS3ZTU3VjQzRNRHRZM3FvQnZUSXBsTFhWWnZMbzRrYzg4QkdFS2M3RDYxenV1ZG9mVnlIYVg5M0l5Si1KTHdDWHB5U3dreEo2Zw?oc=5"" target=""_blank"">Purbaya: Kebijakan DHE SDA Dorong Ketahanan Ekonomi dan Perbankan</a>&nbsp;&nbsp;<font color=""#6f6f6f"">Kompas.com</font>",https://news.google.com/rss/articles/CBMitgFBVV95cUxOc3hObmZucVdqNG5JS3JwcFRscEQ4blJPUUo5ZjVpSHdualJLUmp0NkJPNXhRNFZRd2VPVkwzbDF5cEZtYUpNNmxXby1jNFRtUF9yYWxhNXRCLURtVm1OLWo1OG5Vbnk3aXJmbXFYS3ZTU3VjQzRNRHRZM3FvQnZUSXBsTFhWWnZMbzRrYzg4QkdFS2M3RDYxenV1ZG9mVnlIYVg5M0l5Si1KTHdDWHB5U3dreEo2Zw?oc=5,2026-06-01 08:51:00,Kompas.com
133,"Prabowo soal Swasembada Pangan: Negara Lain Hadapi Kesulitan, Kita Sudah Lebih Siap - Kompas.com","<a href=""https://news.google.com/rss/articles/CBMiyAFBVV95cUxNSjBXaXI0OHZ3WlJXZW9uVzF2T3cwMGxidFZJQVFwVlBTTFVrVVc0RUo5VFhrT2tGazV1d1JMdFk0N016ejZ3dVJDRTJfZGJVTnVDdXJBUDBxWEZrRWlnYlN2elJHMGNYSlBWTFRlU255ZTNUbEFCeTNvUUZGYVByRUdTZkQ0Z1dCTFA1MTJxZjJwQTNZZGxuUjZiRUZjZzRPVUtrVGgyQnhscjRVV1FnbjJseHZJRDdmU2Exdk9remhRT3BGazRLRA?oc=5"" target=""_blank"">Prabowo soal Swasembada Pangan: Negara Lain Hadapi Kesulitan, Kita Sudah Lebih Siap</a>&nbsp;&nbsp;<font color=""#6f6f6f"">Kompas.com</font>",https://news.google.com/rss/articles/CBMiyAFBVV95cUxNSjBXaXI0OHZ3WlJXZW9uVzF2T3cwMGxidFZJQVFwVlBTTFVrVVc0RUo5VFhrT2tGazV1d1JMdFk0N016ejZ3dVJDRTJfZGJVTnVDdXJBUDBxWEZrRWlnYlN2elJHMGNYSlBWTFRlU255ZTNUbEFCeTNvUUZGYVByRUdTZkQ0Z1dCTFA1MTJxZjJwQTNZZGxuUjZiRUZjZzRPVUtrVGgyQnhscjRVV1FnbjJseHZJRDdmU2Exdk9remhRT3BGazRLRA?oc=5,2026-06-01 08:01:00,Kompas.com
134,"Prabowo Bicara Ekonomi Pancasila, Pasal 33, dan Koperasi Angkat Rakyat dari Kemiskinan - Kompas.com","<a href=""https://news.google.com/rss/articles/CBMixAFBVV95cUxOZTRxeW9nQUhHNnFNcWlNUmdXX2NEV2Rxb05oTnF6cHNkNjB2c2FpSnd1VVhkZHVuZ1RNNXJSTGhXZmVWYjZDWTEwUFc4YXNCWXREMjhCT0VNRUNvdE9TeV9sV1RycGlRdzNBckJmY1M5akVTTGJRLTRYSHhLM2wzVGhzNmd2YXNCYnJsX2wxUklaUVZCejk3TGRuYWtOVFpYU0xfdEZlV3hTZ3kwNXBZdnhEWVczX1JsT2xqMjZOM1NLOTZ2?oc=5"" target=""_blank"">Prabowo Bicara Ekonomi Pancasila, Pasal 33, dan Koperasi Angkat Rakyat dari Kemiskinan</a>&nbsp;&nbsp;<font color=""#6f6f6f"">Kompas.com</font>",https://news.google.com/rss/articles/CBMixAFBVV95cUxOZTRxeW9nQUhHNnFNcWlNUmdXX2NEV2Rxb05oTnF6cHNkNjB2c2FpSnd1VVhkZHVuZ1RNNXJSTGhXZmVWYjZDWTEwUFc4YXNCWXREMjhCT0VNRUNvdE9TeV9sV1RycGlRdzNBckJmY1M5akVTTGJRLTRYSHhLM2wzVGhzNmd2YXNCYnJsX2wxUklaUVZCejk3TGRuYWtOVFpYU0xfdEZlV3hTZ3kwNXBZdnhEWVczX1JsT2xqMjZOM1NLOTZ2?oc=5,2026-06-01 05:19:00,Kompas.com
135,"Prabowo Tegaskan Ekonomi Pancasila: Ciptakan Kemakmuran, Tak Boleh Hanya Angka Statistik - Kompas.com","<a href=""https://news.google.com/rss/articles/CBMiyAFBVV95cUxQVmJ3eXd3NmozMW9KRDllZTJycmxLVDVUTkRjN1RTMnlRNnF6VzlRS05ETlAtQ2p0M3p5V0JnMTRGUjQ3UDJkVmFBRzBZMmpIRHhIcXFpV0NQaUtSS1VYWWNrOVVncXNuWmhVYVNEdklnX1FZRXk3dDktMHJVaHZNaTFkWFFmOTR4dS1Fa2R1QzF0MjhwTW9MZzVFeUxNNWlmU3VnaVNjanZLZzdaaUJTRV9hdFY3OVc0N0NERVh6T0VoUy00RDczZw?oc=5"" target=""_blank"">Prabowo Tegaskan Ekonomi Pancasila: Ciptakan Kemakmuran, Tak Boleh Hanya Angka Statistik</a>&nbsp;&nbsp;<font color=""#6f6f6f"">Kompas.com</font>",https://news.google.com/rss/articles/CBMiyAFBVV95cUxQVmJ3eXd3NmozMW9KRDllZTJycmxLVDVUTkRjN1RTMnlRNnF6VzlRS05ETlAtQ2p0M3p5V0JnMTRGUjQ3UDJkVmFBRzBZMmpIRHhIcXFpV0NQaUtSS1VYWWNrOVVncXNuWmhVYVNEdklnX1FZRXk3dDktMHJVaHZNaTFkWFFmOTR4dS1Fa2R1QzF0MjhwTW9MZzVFeUxNNWlmU3VnaVNjanZLZzdaaUJTRV9hdFY3OVc0N0NERVh6T0VoUy00RDczZw?oc=5,2026-06-01 04:35:00,Kompas.com
136,Prabowo: Ekonomi RI Tumbuh tapi Apakah Sudah Dirasakan Rakyat? Mari Jujur - Kompas.com,"<a href=""https://news.google.com/rss/articles/CBMiwgFBVV95cUxPODduVmNFRm5zMU9WbHp0MHlUQ3B2NGt4bmFfa0tRQjd6VjlnY2pYRHZZZEJacjVlZVIzTkVsRXR1NnZLWThoeEd3VkowMnU3dkZxeDYzQWpRZDNxQkgtUXZ0MXdRcFhhNjkxSVpjN3c5VG9veGlnQTVzMEEwaTNkNjI5aUQwZUliR3RVb0xhem5uenUzdjJBRU5WZ29NSkp0a3B2NVY0bUwwdnJpOExsdFFDU3RSV2Jtd0dpV2h6MWFydw?oc=5"" target=""_blank"">Prabowo: Ekonomi RI Tumbuh tapi Apakah Sudah Dirasakan Rakyat? Mari Jujur</a>&nbsp;&nbsp;<font color=""#6f6f6f"">Kompas.com</font>",https://news.google.com/rss/articles/CBMiwgFBVV95cUxPODduVmNFRm5zMU9WbHp0MHlUQ3B2NGt4bmFfa0tRQjd6VjlnY2pYRHZZZEJacjVlZVIzTkVsRXR1NnZLWThoeEd3VkowMnU3dkZxeDYzQWpRZDNxQkgtUXZ0MXdRcFhhNjkxSVpjN3c5VG9veGlnQTVzMEEwaTNkNjI5aUQwZUliR3RVb0xhem5uenUzdjJBRU5WZ29NSkp0a3B2NVY0bUwwdnJpOExsdFFDU3RSV2Jtd0dpV2h6MWFydw?oc=5,2026-06-01 04:13:00,Kompas.com
137,"3 Pabrik Gas Utama Iran Telah Pulih, Kirim Sinyal Ketahanan Ekonomi - Kompas.com","<a href=""https://news.google.com/rss/articles/CBMiwwFBVV95cUxQbGxTak1uYXZQQ3FvM2RUb0RjYlRFbjRXb0I1V2lBeHAtY2pLQUp2ejRxZjRUR01venFsaHJ1MHhsaThqdVIwbmpHbkVEeS1xNzBoaDNRY25HUk1xNVBiUElmcm5fbEo2WnQ1SjgxRWxYbS1VOUtlT3FtTUJDQmhrTDVrZldJeFlmV2dySTZHZi1xNFRrSjNNeXF4NjdnVlNfempLakRSU3BsQ2xWdE1KdHZNeHJtLUNOSm1BazRIMEdxY0k?oc=5"" target=""_blank"">3 Pabrik Gas Utama Iran Telah Pulih, Kirim Sinyal Ketahanan Ekonomi</a>&nbsp;&nbsp;<font color=""#6f6f6f"">Kompas.com</font>",https://news.google.com/rss/articles/CBMiwwFBVV95cUxQbGxTak1uYXZQQ3FvM2RUb0RjYlRFbjRXb0I1V2lBeHAtY2pLQUp2ejRxZjRUR01venFsaHJ1MHhsaThqdVIwbmpHbkVEeS1xNzBoaDNRY25HUk1xNVBiUElmcm5fbEo2WnQ1SjgxRWxYbS1VOUtlT3FtTUJDQmhrTDVrZldJeFlmV2dySTZHZi1xNFRrSjNNeXF4NjdnVlNfempLakRSU3BsQ2xWdE1KdHZNeHJtLUNOSm1BazRIMEdxY0k?oc=5,2026-06-01 00:37:00,Kompas.com
138,Generasi Sandwich dan Beban Ekonomi Keluarga Modern - Kompas.com,"<a href=""https://news.google.com/rss/articles/CBMisAFBVV95cUxPYmFGbDQ4eWhkM3REcWFZc1JDalRFSmtkSlRRd1VtaWRXMWx2TzFZSUtaeXdsd2N4bzNjUWhmSzR0OE4zVVpGR3VEVTROU3ZjZHg2T1RuTC1idUxjeEFjRVUyeVcxSjctYkNPTkdqMk0zQmZ4T1ZqNC1YV0I3V3BQNkMxTWpraEZ3OUtIbGdwXzN1Q2FQQTRKYlpYenpsRGVuVW5uWTQ2Sm9DblFPcXdZRg?oc=5"" target=""_blank"">Generasi Sandwich dan Beban Ekonomi Keluarga Modern</a>&nbsp;&nbsp;<font color=""#6f6f6f"">Kompas.com</font>",https://news.google.com/rss/articles/CBMisAFBVV95cUxPYmFGbDQ4eWhkM3REcWFZc1JDalRFSmtkSlRRd1VtaWRXMWx2TzFZSUtaeXdsd2N4bzNjUWhmSzR0OE4zVVpGR3VEVTROU3ZjZHg2T1RuTC1idUxjeEFjRVUyeVcxSjctYkNPTkdqMk0zQmZ4T1ZqNC1YV0I3V3BQNkMxTWpraEZ3OUtIbGdwXzN1Q2FQQTRKYlpYenpsRGVuVW5uWTQ2Sm9DblFPcXdZRg?oc=5,2026-06-01 03:25:00,Kompas.com
139,Koperasi Jadi Kekuatan Baru Transformasi Ekonomi Pancasila - Biz Kompas,"<a href=""https://news.google.com/rss/articles/CBMiqwFBVV95cUxNTl85TkFxNjZDN3Vtb2RLRm5sZVc2VzdGZHQwTVZFWVFjNmtGbmpWNWVMV01PalMwVGZLaEhodEFhNFFjcWZJd1p0WWRIY1owQXJ2SWNGa3lWQ0E1WERsRFNRR28zZXFHdmhobktJU3JRY256MERXbVR2M3phMVN5TmduY29Pd25VcXFUdk44QUFDRUZGU2ZPdnZWemhua0d3dHZyeXF5R3dLb3M?oc=5"" target=""_blank"">Koperasi Jadi Kekuatan Baru Transformasi Ekonomi Pancasila</a>&nbsp;&nbsp;<font color=""#6f6f6f"">Biz Kompas</font>",https://news.google.com/rss/articles/CBMiqwFBVV95cUxNTl85TkFxNjZDN3Vtb2RLRm5sZVc2VzdGZHQwTVZFWVFjNmtGbmpWNWVMV01PalMwVGZLaEhodEFhNFFjcWZJd1p0WWRIY1owQXJ2SWNGa3lWQ0E1WERsRFNRR28zZXFHdmhobktJU3JRY256MERXbVR2M3phMVN5TmduY29Pd25VcXFUdk44QUFDRUZGU2ZPdnZWemhua0d3dHZyeXF5R3dLb3M?oc=5,2026-06-01 08:51:00,Kompas.com
140,"Armuji Soroti Dampak Konflik Global, Klaim Ekonomi Surabaya Justru Tumbuh - Kompas.com","<a href=""https://news.google.com/rss/articles/CBMixAFBVV95cUxOd09tWUZYYkFxQVdqd1FnNjVnQi1tS01xQlYtd2NHbGc5RnVxRUxTVHl1MVdhVDA4cWZzWFlHTERvTkNNN3hqbHFkWWFVNzJKTE9MR3RzVHRhMzNNbXdaelFGXy1ya2xaMnFTaFU5R2kzbTY1UlhYenRtckx2NVc5cnpzcnk5VVVsYXo2TmhBYUcyZHNQWFJ0bmo1NHJ6Q05DNE5OX1kwX2w3WjVZdVJrVWlmbE14OTFXM3pCT2FNQUNLSHpj?oc=5"" target=""_blank"">Armuji Soroti Dampak Konflik Global, Klaim Ekonomi Surabaya Justru Tumbuh</a>&nbsp;&nbsp;<font color=""#6f6f6f"">Kompas.com</font>",https://news.google.com/rss/articles/CBMixAFBVV95cUxOd09tWUZYYkFxQVdqd1FnNjVnQi1tS01xQlYtd2NHbGc5RnVxRUxTVHl1MVdhVDA4cWZzWFlHTERvTkNNN3hqbHFkWWFVNzJKTE9MR3RzVHRhMzNNbXdaelFGXy1ya2xaMnFTaFU5R2kzbTY1UlhYenRtckx2NVc5cnpzcnk5VVVsYXo2TmhBYUcyZHNQWFJ0bmo1NHJ6Q05DNE5OX1kwX2w3WjVZdVJrVWlmbE14OTFXM3pCT2FNQUNLSHpj?oc=5,2026-05-31 04:37:00,Kompas.com
141,Teknologi AI dan Web3 Buka Peluang Baru bagi Industri Hiburan - Kompas.com,"<a href=""https://news.google.com/rss/articles/CBMisgFBVV95cUxNT1psUng0WTJFNTE1T1BqV1duOGk4cG1ua2hYNGstNFNSYU5KZjUxMmRjSmpQbGdBWnlrbmhFb0FhRXpMaDJlejM5QzNJOXM2a0JyeThCWHdNTlZoYkIyR2Q3cGNrMkZxTlJjVzJYdlFiT0xjMXFzM3dsMzZOdnNsSS1Hb295OFYzbl9IUHlhTUlPWWlhUkRiMlh3eEdXdFZTcW5UQWo4NE5qNkxrUnNSbTd3?oc=5"" target=""_blank"">Teknologi AI dan Web3 Buka Peluang Baru bagi Industri Hiburan</a>&nbsp;&nbsp;<font color=""#6f6f6f"">Kompas.com</font>",https://news.google.com/rss/articles/CBMisgFBVV95cUxNT1psUng0WTJFNTE1T1BqV1duOGk4cG1ua2hYNGstNFNSYU5KZjUxMmRjSmpQbGdBWnlrbmhFb0FhRXpMaDJlejM5QzNJOXM2a0JyeThCWHdNTlZoYkIyR2Q3cGNrMkZxTlJjVzJYdlFiT0xjMXFzM3dsMzZOdnNsSS1Hb295OFYzbl9IUHlhTUlPWWlhUkRiMlh3eEdXdFZTcW5UQWo4NE5qNkxrUnNSbTd3?oc=5,2026-05-31 04:07:00,Kompas.com
142,"Kopi dan Ekonomi Kreatif, BTN Lihat Peluang Besar dari Budaya Ngopi - Kompas.com","<a href=""https://news.google.com/rss/articles/CBMiuAFBVV95cUxQLTUweVNCMWdHY0VDdXVFNmtIZm1RNnMzM0c1SWx5WHlUamdULW9iNHdWTDJ3WC1CNFg4bTNaaTlWRExqMXRIWGlYUmYzaWVXVHlLMWxVdU1KX1JHMVBrbWVManFocjd3NGM2VDRXVi1SVVhIRjBRWXBMdjVNamktNDlxZHhaeTdnU2lGbXYwYl8xRzdiRjlQWHo0RTJfN3pqMThMVUhSUlpnaVJ4RkJZVWl1cWlMdGRk?oc=5"" target=""_blank"">Kopi dan Ekonomi Kreatif, BTN Lihat Peluang Besar dari Budaya Ngopi</a>&nbsp;&nbsp;<font color=""#6f6f6f"">Kompas.com</font>",https://news.google.com/rss/articles/CBMiuAFBVV95cUxQLTUweVNCMWdHY0VDdXVFNmtIZm1RNnMzM0c1SWx5WHlUamdULW9iNHdWTDJ3WC1CNFg4bTNaaTlWRExqMXRIWGlYUmYzaWVXVHlLMWxVdU1KX1JHMVBrbWVManFocjd3NGM2VDRXVi1SVVhIRjBRWXBMdjVNamktNDlxZHhaeTdnU2lGbXYwYl8xRzdiRjlQWHo0RTJfN3pqMThMVUhSUlpnaVJ4RkJZVWl1cWlMdGRk?oc=5,2026-05-31 05:34:00,Kompas.com
143,"Bandara Husein Segera Direaktivasi, Wali Kota Bandung Optimistis Jadi Motor Pertumbuhan Ekonomi - Kompas.com","<a href=""https://news.google.com/rss/articles/CBMixAFBVV95cUxOSDFmdENQM2sxU2tPQmJ0YjRQcmhqM25yZTJsanlDS0VaX3hUcXZTamE3Y0U4V25QaHRzTzgyWHJwbVZFamdXUmo4VHluVlNvbTNfVks5Rnd1UTQwRkg3cUdqMXZpTFhJeEJ0OUtpN0FLUm9vZ2RTbHo3bjJqNDdqTEUwMk56OXhqLVBCMmQ4UG1KcGx4dG4zdzNJU19WU1FIRHduRXd2ZVlycGxPdDZLSmt2dm5qYW1SbjZOQTZSbS1RME9y?oc=5"" target=""_blank"">Bandara Husein Segera Direaktivasi, Wali Kota Bandung Optimistis Jadi Motor Pertumbuhan Ekonomi</a>&nbsp;&nbsp;<font color=""#6f6f6f"">Kompas.com</font>",https://news.google.com/rss/articles/CBMixAFBVV95cUxOSDFmdENQM2sxU2tPQmJ0YjRQcmhqM25yZTJsanlDS0VaX3hUcXZTamE3Y0U4V25QaHRzTzgyWHJwbVZFamdXUmo4VHluVlNvbTNfVks5Rnd1UTQwRkg3cUdqMXZpTFhJeEJ0OUtpN0FLUm9vZ2RTbHo3bjJqNDdqTEUwMk56OXhqLVBCMmQ4UG1KcGx4dG4zdzNJU19WU1FIRHduRXd2ZVlycGxPdDZLSmt2dm5qYW1SbjZOQTZSbS1RME9y?oc=5,2026-05-31 22:05:00,Kompas.com
144,"Jaga Stabilitas dan Pemerataan Ekonomi, Mendagri Dorong Kepala Daerah se-Sulawesi Perkuat Sinergitas - Kompas.com","<a href=""https://news.google.com/rss/articles/CBMiwgFBVV95cUxNaW52QXZHX2ZsN2Ytb1k4NmZicDNTeGVjNHg1a2toYTlONWRWbEoxejdkWk5rY3VaMjl4Q1hEdWpHTkdjY3cxTjl1TmFmclIta1RVQk5BVnB4N1MzQUppcmdkdWJOZ01XM2tHNnFKTVFtcXNhYTFwcUsxOGd3QUpZYk8xN0RkdGRsaXRuclprUF9IREZMWVZEeFluVlE3a0hYZ0loQUotamx5M2pTaHVEQXRLbjNFaXpXdlFwZDRZVlFaUQ?oc=5"" target=""_blank"">Jaga Stabilitas dan Pemerataan Ekonomi, Mendagri Dorong Kepala Daerah se-Sulawesi Perkuat Sinergitas</a>&nbsp;&nbsp;<font color=""#6f6f6f"">Kompas.com</font>",https://news.google.com/rss/articles/CBMiwgFBVV95cUxNaW52QXZHX2ZsN2Ytb1k4NmZicDNTeGVjNHg1a2toYTlONWRWbEoxejdkWk5rY3VaMjl4Q1hEdWpHTkdjY3cxTjl1TmFmclIta1RVQk5BVnB4N1MzQUppcmdkdWJOZ01XM2tHNnFKTVFtcXNhYTFwcUsxOGd3QUpZYk8xN0RkdGRsaXRuclprUF9IREZMWVZEeFluVlE3a0hYZ0loQUotamx5M2pTaHVEQXRLbjNFaXpXdlFwZDRZVlFaUQ?oc=5,2026-05-30 14:13:00,Kompas.com
145,"Wamenkeu Suahasil: Banyak Negara Longgarkan Defisit Fiskal, RI Pilih Jaga Batas 3 Persen - Kompas.com","<a href=""https://news.google.com/rss/articles/CBMiyAFBVV95cUxPdG41RU0tTzZWOGhOLTUyTEYwWjBZbWhERUdHM214VlRYMjBUeEpaaVFMaF9IMTV3aTZwZllidVVsSXdySWw2cFF4OExjWG9sY2FieHJWV2VNRVU1eTNPNEN4Z2MzckJiRS1kSlNMcTdQOXZHUGs0eDF3cXVibjcwc2hNQlBHb3hqZmFzUlZ5cHZVcnBvMldOYmlCeTdtRFRzbkE2eEhvWDFhX04xR2xKcjBpdlN4Y2Q4UTlPMTdGdXVVX3ZkN0ZYRg?oc=5"" target=""_blank"">Wamenkeu Suahasil: Banyak Negara Longgarkan Defisit Fiskal, RI Pilih Jaga Batas 3 Persen</a>&nbsp;&nbsp;<font color=""#6f6f6f"">Kompas.com</font>",https://news.google.com/rss/articles/CBMiyAFBVV95cUxPdG41RU0tTzZWOGhOLTUyTEYwWjBZbWhERUdHM214VlRYMjBUeEpaaVFMaF9IMTV3aTZwZllidVVsSXdySWw2cFF4OExjWG9sY2FieHJWV2VNRVU1eTNPNEN4Z2MzckJiRS1kSlNMcTdQOXZHUGs0eDF3cXVibjcwc2hNQlBHb3hqZmFzUlZ5cHZVcnBvMldOYmlCeTdtRFRzbkE2eEhvWDFhX04xR2xKcjBpdlN4Y2Q4UTlPMTdGdXVVX3ZkN0ZYRg?oc=5,2026-05-30 14:22:00,Kompas.com
146,Wamenkeu Ungkap Alasan Ekonomi Indonesia Masih Mampu Hadapi Tekanan Global - Kompas.com,"<a href=""https://news.google.com/rss/articles/CBMiwwFBVV95cUxPeVJ0dEk3bmsydDFCelNrdGc5NmozVXAxaE9OUlF0bzJQZ2NOQWF4aW90UGQ4ZTZYczEyWW9ld25Ta3FRdmhiRFRqVnFRdDBMcHJ5cElKU0JFWjJ1bHZrSEo0andVODEzX1VGbFdocTBBX2c0Zm0xanRoOHRtLXJZZlRuR0JqSE5SaUpEMjhFbHNXeURNbTJzWFFfV1BBbS1OSjVZN2tvMjZMOTE4c1RjbjVmVU94V0Vzb0p6ZVJPTkd1Q3M?oc=5"" target=""_blank"">Wamenkeu Ungkap Alasan Ekonomi Indonesia Masih Mampu Hadapi Tekanan Global</a>&nbsp;&nbsp;<font color=""#6f6f6f"">Kompas.com</font>",https://news.google.com/rss/articles/CBMiwwFBVV95cUxPeVJ0dEk3bmsydDFCelNrdGc5NmozVXAxaE9OUlF0bzJQZ2NOQWF4aW90UGQ4ZTZYczEyWW9ld25Ta3FRdmhiRFRqVnFRdDBMcHJ5cElKU0JFWjJ1bHZrSEo0andVODEzX1VGbFdocTBBX2c0Zm0xanRoOHRtLXJZZlRuR0JqSE5SaUpEMjhFbHNXeURNbTJzWFFfV1BBbS1OSjVZN2tvMjZMOTE4c1RjbjVmVU94V0Vzb0p6ZVJPTkd1Q3M?oc=5,2026-05-30 07:07:00,Kompas.com
147,"Geliat Ekonomi Sultra Meningkat, Gubernur Andi Sambut Apresiasi Pemda Berprestasi 2026 Regional Sulawesi - Kompas.com","<a href=""https://news.google.com/rss/articles/CBMivgFBVV95cUxPd0ViVDQ4UFhxTDNneUt1NjFoZ0VpSUpYZmlDMkc5clVxUjNtUjZ2LTR5bzdtSS1fY1VHdFRGQ2I3X0lHY3o1bGxpN2dtei1HM3pjNWJmZmMtamJub1VjbGJLYWhjM3BJT19Tb3ZYT0k2dG9yWllMTnFBQjNkS3U1dFUxd0IxUE5uQTdzQ0ZaclM2bTluQ3N1aDhpN29LZmJKRVBjUjNaZEZTemFlaG5YU09qNlhMQWp0eFRJRDlR?oc=5"" target=""_blank"">Geliat Ekonomi Sultra Meningkat, Gubernur Andi Sambut Apresiasi Pemda Berprestasi 2026 Regional Sulawesi</a>&nbsp;&nbsp;<font color=""#6f6f6f"">Kompas.com</font>",https://news.google.com/rss/articles/CBMivgFBVV95cUxPd0ViVDQ4UFhxTDNneUt1NjFoZ0VpSUpYZmlDMkc5clVxUjNtUjZ2LTR5bzdtSS1fY1VHdFRGQ2I3X0lHY3o1bGxpN2dtei1HM3pjNWJmZmMtamJub1VjbGJLYWhjM3BJT19Tb3ZYT0k2dG9yWllMTnFBQjNkS3U1dFUxd0IxUE5uQTdzQ0ZaclM2bTluQ3N1aDhpN29LZmJKRVBjUjNaZEZTemFlaG5YU09qNlhMQWp0eFRJRDlR?oc=5,2026-05-29 14:55:00,Kompas.com
148,"Menjaga Denyut Logistik di Ujung Barat Jawa, Pelabuhan Ciwandan Jadi Jantung Ekonomi Tanah Jawara - Kompas.com","<a href=""https://news.google.com/rss/articles/CBMi1AFBVV95cUxPYXFwS1Y2dTc4SFNzOUY4VE5BM1haLTJBNVczTF9pd0lGZ2htMFM3dEVZdFNYV1ZTU0kydTVqNmRKSkVjTzg3dzhvSm9rZUlKTF9GZ0N3NW5VOUZDOVFCR05xc0FwZXUzMV9HdTctSDR2blZUTzhpRTlPZ004YWt5cldjRnZEbXd0WTZCSy1mWmlRUFprTmFSOWVuVjNKeUVsVUFSc3lucGhrclVCMUM1V1E5YUp6Z2F6SWdWcVJVSV9CaVl2V0F0VGtxenR4SGlJN2pPSg?oc=5"" target=""_blank"">Menjaga Denyut Logistik di Ujung Barat Jawa, Pelabuhan Ciwandan Jadi Jantung Ekonomi Tanah Jawara</a>&nbsp;&nbsp;<font color=""#6f6f6f"">Kompas.com</font>",https://news.google.com/rss/articles/CBMi1AFBVV95cUxPYXFwS1Y2dTc4SFNzOUY4VE5BM1haLTJBNVczTF9pd0lGZ2htMFM3dEVZdFNYV1ZTU0kydTVqNmRKSkVjTzg3dzhvSm9rZUlKTF9GZ0N3NW5VOUZDOVFCR05xc0FwZXUzMV9HdTctSDR2blZUTzhpRTlPZ004YWt5cldjRnZEbXd0WTZCSy1mWmlRUFprTmFSOWVuVjNKeUVsVUFSc3lucGhrclVCMUM1V1E5YUp6Z2F6SWdWcVJVSV9CaVl2V0F0VGtxenR4SGlJN2pPSg?oc=5,2026-05-29 07:23:00,Kompas.com
149,"Penjualan Sapi Kurban Turun 51 Persen, Pedagang: Ekonomi Goyang - Kompas.com","<a href=""https://news.google.com/rss/articles/CBMisgFBVV95cUxPdWJiQWVIWEI2U0NHYTJCc3F0TDdtb3dNdnR5SUVjS0JjNDhGb3NfYkFQR0trTDRNSkpTTmpRWUs1Y25naGQ1d1hBSzUwYjlfdWpfZlZrVVVLOG45NlBsRWpXbGI3ZnhTa3Z1cVpDTXdwd2o2ZnZSdEVQOUNMR2hrcGlETjNlcjQ0dUx4bWxJVUZDdksxYm5TSUVlTllPeFAtNUhOMDdQcDNtbDZVcXNhOE53?oc=5"" target=""_blank"">Penjualan Sapi Kurban Turun 51 Persen, Pedagang: Ekonomi Goyang</a>&nbsp;&nbsp;<font color=""#6f6f6f"">Kompas.com</font>",https://news.google.com/rss/articles/CBMisgFBVV95cUxPdWJiQWVIWEI2U0NHYTJCc3F0TDdtb3dNdnR5SUVjS0JjNDhGb3NfYkFQR0trTDRNSkpTTmpRWUs1Y25naGQ1d1hBSzUwYjlfdWpfZlZrVVVLOG45NlBsRWpXbGI3ZnhTa3Z1cVpDTXdwd2o2ZnZSdEVQOUNMR2hrcGlETjNlcjQ0dUx4bWxJVUZDdksxYm5TSUVlTllPeFAtNUhOMDdQcDNtbDZVcXNhOE53?oc=5,2026-05-29 12:52:00,Kompas.com
150,Rapuhnya Kelas Pekerja: Saatnya Merevisi Garis Kemiskinan - Kompas.com,"<a href=""https://news.google.com/rss/articles/CBMiuAFBVV95cUxOdURjZlVUT3pCZ0wyX1JPOEZRYVpKS056TlhXamxWZXhyWTNQREFvX0ZocDZsamVkQ1lIdHBMUTdGYi1xVXRTWEtRY01BZlR5TDVtNkkwejh0Y0RGQ2Zway1iNTVZNGF0RERrTGtMd1lzZ08wVVdrZTVOR2lHQXVObkl2RnJNVE5KLWk4UWk5UVQzUjRsZF8xeUR4SHBHclZzWk5COE1xYTBlTDZpYXFXbVVuNm9pNzNL?oc=5"" target=""_blank"">Rapuhnya Kelas Pekerja: Saatnya Merevisi Garis Kemiskinan</a>&nbsp;&nbsp;<font color=""#6f6f6f"">Kompas.com</font>",https://news.google.com/rss/articles/CBMiuAFBVV95cUxOdURjZlVUT3pCZ0wyX1JPOEZRYVpKS056TlhXamxWZXhyWTNQREFvX0ZocDZsamVkQ1lIdHBMUTdGYi1xVXRTWEtRY01BZlR5TDVtNkkwejh0Y0RGQ2Zway1iNTVZNGF0RERrTGtMd1lzZ08wVVdrZTVOR2lHQXVObkl2RnJNVE5KLWk4UWk5UVQzUjRsZF8xeUR4SHBHclZzWk5COE1xYTBlTDZpYXFXbVVuNm9pNzNL?oc=5,2026-05-29 02:35:00,Kompas.com
151,Presiden Prabowo dan Macron Dorong Kemitraan Ekonomi Indonesia-Uni Eropa - Kompas.com,"<a href=""https://news.google.com/rss/articles/CBMiwAFBVV95cUxPLU8yQUN2VkNkcFZWQXhVSXpnZUlVb1BpY2lzSG4tMjFraFFBbWFGREM4YVFkRFNiMHp2cnk3R0Z4RUlTTmEyN1ZrSFFZQ09udzN5cklONmlnVDZ2UDBRcmNqdHg4ZGlyMEV1dUZTT3hLeENSSlgxa2xSOTBabVRiMWNsTThiNnBXbnR6bEtvWmwzUUNId2d4TEtTelY0bXRNRWdueWl0bTJfbUlINDNFREtvUTdkMWJ0bzBsa2o1ejM?oc=5"" target=""_blank"">Presiden Prabowo dan Macron Dorong Kemitraan Ekonomi Indonesia-Uni Eropa</a>&nbsp;&nbsp;<font color=""#6f6f6f"">Kompas.com</font>",https://news.google.com/rss/articles/CBMiwAFBVV95cUxPLU8yQUN2VkNkcFZWQXhVSXpnZUlVb1BpY2lzSG4tMjFraFFBbWFGREM4YVFkRFNiMHp2cnk3R0Z4RUlTTmEyN1ZrSFFZQ09udzN5cklONmlnVDZ2UDBRcmNqdHg4ZGlyMEV1dUZTT3hLeENSSlgxa2xSOTBabVRiMWNsTThiNnBXbnR6bEtvWmwzUUNId2d4TEtTelY0bXRNRWdueWl0bTJfbUlINDNFREtvUTdkMWJ0bzBsa2o1ejM?oc=5,2026-05-29 04:15:00,Kompas.com
152,Liputan Khusus KA Commuter Bandung Raya: Nadi Baru Mobilitas-Ekonomi Timur Bandung - Kompas.com,"<a href=""https://news.google.com/rss/articles/CBMitAFBVV95cUxQbUZCX2FzdWJlWVIzbFZ1d0hWa2tHWHl1MjJleWxZVDBMUUF3SXFVX0dacXEzRmZDaVU0OExMTkl6b0wybFVXZGtaMTdJOWtnd2dYTkctX3hkaHRVRjZEWUZmLUhnZkFkNldKNU5oT0hLbHVaTGZ5T1A0OTBWeDFuWXlDVVpESXNUU2VIeEpDbmJiZUxjNFplbTFycGxkbVVRaWY3RWlSMXZHTG1yeXhOUGJGQmI?oc=5"" target=""_blank"">Liputan Khusus KA Commuter Bandung Raya: Nadi Baru Mobilitas-Ekonomi Timur Bandung</a>&nbsp;&nbsp;<font color=""#6f6f6f"">Kompas.com</font>",https://news.google.com/rss/articles/CBMitAFBVV95cUxQbUZCX2FzdWJlWVIzbFZ1d0hWa2tHWHl1MjJleWxZVDBMUUF3SXFVX0dacXEzRmZDaVU0OExMTkl6b0wybFVXZGtaMTdJOWtnd2dYTkctX3hkaHRVRjZEWUZmLUhnZkFkNldKNU5oT0hLbHVaTGZ5T1A0OTBWeDFuWXlDVVpESXNUU2VIeEpDbmJiZUxjNFplbTFycGxkbVVRaWY3RWlSMXZHTG1yeXhOUGJGQmI?oc=5,2026-05-29 05:50:00,Kompas.com
153,Apa yang Salah Ketika Rupiah Terus Melemah? - Kompas.com,"<a href=""https://news.google.com/rss/articles/CBMipgFBVV95cUxNVHJpTDFuYTZ5MVdIaE9EdEVZdmNkSnczSmxRSFkwZXBwZFRua1d0Q2JLREExd3QxTUhTaElhdGNMUGtaaWJpaU5wb2wxdzRENlB1OVBhQVFVOWpQM1cxWjIyVDUtMDNYcnJwY21NaUxwNFF6YUtnUXY3V0EyQ0RXRUM2Ym5NYjUxaHNtd2lnbmJKSHg5SmltYXVweDVXOXJaV2RTeHRB?oc=5"" target=""_blank"">Apa yang Salah Ketika Rupiah Terus Melemah?</a>&nbsp;&nbsp;<font color=""#6f6f6f"">Kompas.com</font>",https://news.google.com/rss/articles/CBMipgFBVV95cUxNVHJpTDFuYTZ5MVdIaE9EdEVZdmNkSnczSmxRSFkwZXBwZFRua1d0Q2JLREExd3QxTUhTaElhdGNMUGtaaWJpaU5wb2wxdzRENlB1OVBhQVFVOWpQM1cxWjIyVDUtMDNYcnJwY21NaUxwNFF6YUtnUXY3V0EyQ0RXRUM2Ym5NYjUxaHNtd2lnbmJKSHg5SmltYXVweDVXOXJaV2RTeHRB?oc=5,2026-05-28 22:50:00,Kompas.com
154,"Danareksa Salurkan Kurban ke 3.800 Keluarga, Dorong Ekonomi Lokal - Kompas.com","<a href=""https://news.google.com/rss/articles/CBMitgFBVV95cUxPTXpjZkN6YkRVZ0RfSkZwdXFTanF5Qk1uN25vYlhUazNoYmdyamplM0xsbXBxNUk5aWVUWThfSlZiRnhsSXpHdXZid0FiWVgwVGQtU0pWOHRHeElnRXE2TDdJdUc1YWdlRGR6ZEhOeWNxTXZKWmJycU9vM1NNNjM4Y0J3ZmEyeFctUmlfZ2NIeHBFUDZGbEJGWlNZbkJaTEE3OUpXMFQ0MEJtZ3U2bVoyNTV5ZEdYQQ?oc=5"" target=""_blank"">Danareksa Salurkan Kurban ke 3.800 Keluarga, Dorong Ekonomi Lokal</a>&nbsp;&nbsp;<font color=""#6f6f6f"">Kompas.com</font>",https://news.google.com/rss/articles/CBMitgFBVV95cUxPTXpjZkN6YkRVZ0RfSkZwdXFTanF5Qk1uN25vYlhUazNoYmdyamplM0xsbXBxNUk5aWVUWThfSlZiRnhsSXpHdXZid0FiWVgwVGQtU0pWOHRHeElnRXE2TDdJdUc1YWdlRGR6ZEhOeWNxTXZKWmJycU9vM1NNNjM4Y0J3ZmEyeFctUmlfZ2NIeHBFUDZGbEJGWlNZbkJaTEE3OUpXMFQ0MEJtZ3U2bVoyNTV5ZEdYQQ?oc=5,2026-05-29 04:25:00,Kompas.com
155,"Rupiah Terus Melemah, Stimulus Ekonomi Dinilai Tak Cukup - Kompas.com","<a href=""https://news.google.com/rss/articles/CBMiqgFBVV95cUxPOVRzSUFWY3N3dFdtR1Zmd2VmSzhjdmpBVkI5eVp4bzNIT1lka01xVG5lekpTUk5kX2ZfM3hBaWJDVU02MEVOdEN4eVA2NlVUVkM3anMzeWZ3eDh1VmVYLTUxdE9qQjc4cFJNWHJTdmptZ2NONnNLc1I3Q0tzTk1sNGRXSkd0cjZtYVhNSjl4MG5oVHlHc0p1UGZXSHN1ZFZQZkdfOFNTZG4yQQ?oc=5"" target=""_blank"">Rupiah Terus Melemah, Stimulus Ekonomi Dinilai Tak Cukup</a>&nbsp;&nbsp;<font color=""#6f6f6f"">Kompas.com</font>",https://news.google.com/rss/articles/CBMiqgFBVV95cUxPOVRzSUFWY3N3dFdtR1Zmd2VmSzhjdmpBVkI5eVp4bzNIT1lka01xVG5lekpTUk5kX2ZfM3hBaWJDVU02MEVOdEN4eVA2NlVUVkM3anMzeWZ3eDh1VmVYLTUxdE9qQjc4cFJNWHJTdmptZ2NONnNLc1I3Q0tzTk1sNGRXSkd0cjZtYVhNSjl4MG5oVHlHc0p1UGZXSHN1ZFZQZkdfOFNTZG4yQQ?oc=5,2026-05-28 22:34:00,Kompas.com
156,"Iran Akali Tekanan Ekonomi AS: Meja Diplomasi, Tarif Selat Hormuz, Rayuan Aliansi Baru - Kompas.com","<a href=""https://news.google.com/rss/articles/CBMivwFBVV95cUxONkI5QlFfNXhHTGJsSThtZnd2Ui1iSmtoNzJQaUUxMy1DUEE0bXJmT2p1am1QZ2U2U2lGS3pOREktQktuODJWeFc3US1BSVR3VG5sMlgwTm9WakpyeXR1dy00U09yN2dKT3pScVNWdVBzMTBLeHlJeF9mekNOcURmVWl1bUFIODQyQkRKNnpla3MzZVYwVG1CdDR5VlczcVc3QzJnTFJjUGlOQ3k4a3VMMHNjNkZUMFZjVFRWWjNKNA?oc=5"" target=""_blank"">Iran Akali Tekanan Ekonomi AS: Meja Diplomasi, Tarif Selat Hormuz, Rayuan Aliansi Baru</a>&nbsp;&nbsp;<font color=""#6f6f6f"">Kompas.com</font>",https://news.google.com/rss/articles/CBMivwFBVV95cUxONkI5QlFfNXhHTGJsSThtZnd2Ui1iSmtoNzJQaUUxMy1DUEE0bXJmT2p1am1QZ2U2U2lGS3pOREktQktuODJWeFc3US1BSVR3VG5sMlgwTm9WakpyeXR1dy00U09yN2dKT3pScVNWdVBzMTBLeHlJeF9mekNOcURmVWl1bUFIODQyQkRKNnpla3MzZVYwVG1CdDR5VlczcVc3QzJnTFJjUGlOQ3k4a3VMMHNjNkZUMFZjVFRWWjNKNA?oc=5,2026-05-28 13:53:03,Kompas.com
157,Penutupan Pelintasan Sebidang Dinilai Bisa Picu Kemacetan dan Lumpuhkan Ekonomi Warga - Kompas.com,"<a href=""https://news.google.com/rss/articles/CBMixgFBVV95cUxPSjlhMkZhaUlPbU1HN3BoSUFidUlCTVJnNUQwM21pdGZLNlp1Y0txRG95Y2NNOXdRMmhtelkycUJUR2pMcS1lY01POS1IWHlNSFo4TTdxWnlocHVDV2g3bGhMZmF5U1VmckppUjdvYVhZcDdjd1BVNER4OUVjb0xneGduYVJ4VmI3MnBYd1FzRWI4ZFVsWlJscVpjZkVQSUowZWhzTWJ0dzRUVTctX2VINVJFSFlzU19WZ2F2VjY4RXV3TmhOcFE?oc=5"" target=""_blank"">Penutupan Pelintasan Sebidang Dinilai Bisa Picu Kemacetan dan Lumpuhkan Ekonomi Warga</a>&nbsp;&nbsp;<font color=""#6f6f6f"">Kompas.com</font>",https://news.google.com/rss/articles/CBMixgFBVV95cUxPSjlhMkZhaUlPbU1HN3BoSUFidUlCTVJnNUQwM21pdGZLNlp1Y0txRG95Y2NNOXdRMmhtelkycUJUR2pMcS1lY01POS1IWHlNSFo4TTdxWnlocHVDV2g3bGhMZmF5U1VmckppUjdvYVhZcDdjd1BVNER4OUVjb0xneGduYVJ4VmI3MnBYd1FzRWI4ZFVsWlJscVpjZkVQSUowZWhzTWJ0dzRUVTctX2VINVJFSFlzU19WZ2F2VjY4RXV3TmhOcFE?oc=5,2026-05-28 05:50:00,Kompas.com
158,Melemahnya Rupiah: Berkah untuk Ekspor atau Ancaman bagi Ekonomi? - Kompas.com,"<a href=""https://news.google.com/rss/articles/CBMipAFBVV95cUxQMDZHbHRnYndEOWRuSktSWjdWUlQ3R1V2NnY1LXdvWUJqNklwSDdPcWpBVUczUC1pcXpxZ3hwMVpYRkNBWDU4X1lHcGtFbDN6SlVlS2tyMWxjTWVRYmZNR2dQWEtMTE8wTUlJN2hfeFY2TzNneVhCNXZCU3FFMEY4djVrLTFCY2ZCNXlDWXpPNUNJNTEzX2JhOVRHQ01sSUI0ZFYyZA?oc=5"" target=""_blank"">Melemahnya Rupiah: Berkah untuk Ekspor atau Ancaman bagi Ekonomi?</a>&nbsp;&nbsp;<font color=""#6f6f6f"">Kompas.com</font>",https://news.google.com/rss/articles/CBMipAFBVV95cUxQMDZHbHRnYndEOWRuSktSWjdWUlQ3R1V2NnY1LXdvWUJqNklwSDdPcWpBVUczUC1pcXpxZ3hwMVpYRkNBWDU4X1lHcGtFbDN6SlVlS2tyMWxjTWVRYmZNR2dQWEtMTE8wTUlJN2hfeFY2TzNneVhCNXZCU3FFMEY4djVrLTFCY2ZCNXlDWXpPNUNJNTEzX2JhOVRHQ01sSUI0ZFYyZA?oc=5,2026-05-28 09:10:59,Kompas.com
159,Ekonomi Instan dan Tren Kurban Online di Indonesia - Kompas.com,"<a href=""https://news.google.com/rss/articles/CBMiowFBVV95cUxONkY2aEpKNE9uNWpKcmtmcDJzUUxhTVVZSVBnOXg1YmE0eWJUYzVGNkVZbUZDVEZpU3JGd2J3V0pPSVh4VzRncEZycWxTQ2ZSM1pkNUdta2gtODVsa0o2ZmR1bWRqRGlyd3ktYnZPWkV4UmktOEFwRVFaYTZvMW14QW9DeGZkeHp1Q2FycGQxT2xISFVFLXVzY1RjS2gzTE5RdnNz?oc=5"" target=""_blank"">Ekonomi Instan dan Tren Kurban Online di Indonesia</a>&nbsp;&nbsp;<font color=""#6f6f6f"">Kompas.com</font>",https://news.google.com/rss/articles/CBMiowFBVV95cUxONkY2aEpKNE9uNWpKcmtmcDJzUUxhTVVZSVBnOXg1YmE0eWJUYzVGNkVZbUZDVEZpU3JGd2J3V0pPSVh4VzRncEZycWxTQ2ZSM1pkNUdta2gtODVsa0o2ZmR1bWRqRGlyd3ktYnZPWkV4UmktOEFwRVFaYTZvMW14QW9DeGZkeHp1Q2FycGQxT2xISFVFLXVzY1RjS2gzTE5RdnNz?oc=5,2026-05-28 08:45:00,Kompas.com
160,Mode Bertahan Kelas Menengah Indonesia - Kompas.com,"<a href=""https://news.google.com/rss/articles/CBMinwFBVV95cUxQaUNGeHdmYWdPOEdjZzNFdGVTSXVsZU04c2JNcXI4N1hZM0tNaDBqNDZod1dWWFp1MWMyYTA0TU9ZUTVuUWZqRTl5b213RDVtX002eWg5dmpHZFBiNmJLSEhSSDRIeDhHYVJ5R3licUhLRU9zMVdmTmZsUFVJMG4tdE9JSkdrb2NCZldCck5vMGxfd1dyN1lmb2hFZDYxX0E?oc=5"" target=""_blank"">Mode Bertahan Kelas Menengah Indonesia</a>&nbsp;&nbsp;<font color=""#6f6f6f"">Kompas.com</font>",https://news.google.com/rss/articles/CBMinwFBVV95cUxQaUNGeHdmYWdPOEdjZzNFdGVTSXVsZU04c2JNcXI4N1hZM0tNaDBqNDZod1dWWFp1MWMyYTA0TU9ZUTVuUWZqRTl5b213RDVtX002eWg5dmpHZFBiNmJLSEhSSDRIeDhHYVJ5R3licUhLRU9zMVdmTmZsUFVJMG4tdE9JSkdrb2NCZldCck5vMGxfd1dyN1lmb2hFZDYxX0E?oc=5,2026-05-28 07:25:00,Kompas.com
161,Matcha Effect: Saat Generasi Muda Beli Ketenangan di Tengah Kecemasan Ekonomi - Kompas.com,"<a href=""https://news.google.com/rss/articles/CBMizAFBVV95cUxONkdzYWVlTnhINktSMlRxY3hNTnJrc3p2QmlWdURocnZCMURBMTU3VElrMG1Panh0Z25kc0FnQlJ4czI0ZUhLZlBfbmptQjNJSE92QWIyM3lGZXlvMV9QLUFRVFJtaWhqSVpwSGs0QkE3VmRSZXp4OHIxd2V0M3RuZjFKVnBBa2F4aURKNzh2RVR3S01vN2E4amlKMU0zUkJjWUh0ZWFNZzA2VkowNkZkSi1UM2N4YldoSnZUUmNUdWVvblhPUmZKVUhMc1DSAcABQVVfeXFMTkwzRTg5M19kNGtJSHRsemQ5anBHU3pKaGVRN09fTm1rbWYySXRMT0tBQmJXMWJvTENvWjUxMUhsRzNxQ0d3VnNJVndkd3lLVTFRc293cVZSUmNORHRObUVnMGZRR3FWZXFiWWVSNG1lNmhKVkF6bVNEaUpTU2c4MDhFVDVHZm5yeHRBTnB4OHUycGY5LV9GZVRSa0w5X0JwVXFVaGdsdDZFQ1hya3dpZF9HQUZEYVMzMEhWeEhNYWdS?oc=5"" target=""_blank"">Matcha Effect: Saat Generasi Muda Beli Ketenangan di Tengah Kecemasan Ekonomi</a>&nbsp;&nbsp;<font color=""#6f6f6f"">Kompas.com</font>",https://news.google.com/rss/articles/CBMizAFBVV95cUxONkdzYWVlTnhINktSMlRxY3hNTnJrc3p2QmlWdURocnZCMURBMTU3VElrMG1Panh0Z25kc0FnQlJ4czI0ZUhLZlBfbmptQjNJSE92QWIyM3lGZXlvMV9QLUFRVFJtaWhqSVpwSGs0QkE3VmRSZXp4OHIxd2V0M3RuZjFKVnBBa2F4aURKNzh2RVR3S01vN2E4amlKMU0zUkJjWUh0ZWFNZzA2VkowNkZkSi1UM2N4YldoSnZUUmNUdWVvblhPUmZKVUhMc1DSAcABQVVfeXFMTkwzRTg5M19kNGtJSHRsemQ5anBHU3pKaGVRN09fTm1rbWYySXRMT0tBQmJXMWJvTENvWjUxMUhsRzNxQ0d3VnNJVndkd3lLVTFRc293cVZSUmNORHRObUVnMGZRR3FWZXFiWWVSNG1lNmhKVkF6bVNEaUpTU2c4MDhFVDVHZm5yeHRBTnB4OHUycGY5LV9GZVRSa0w5X0JwVXFVaGdsdDZFQ1hya3dpZF9HQUZEYVMzMEhWeEhNYWdS?oc=5,2026-05-28 01:57:00,Kompas.com
162,KA Commuter Bandung Raya: Nadi Baru Mobilitas-Ekonomi Timur Bandung - Kompas.com,"<a href=""https://news.google.com/rss/articles/CBMiuAFBVV95cUxQNFJSUjRTQmFodUxxMnJaQ005LWpDOXVpeWhod3RQS0pJVEY1SS15WmFnX0tMb2lHdWdNSk1wZFUwYk5NZGN2R1hVNUtTNTE2amE2VXZobjNCWGZ5VElnYmg2N0xvM2wzSUFZcXlfak5mQllsdTJqV1B2SHZWaWJwdkczTEp1bFh3bU53Vk4tZnRzeFJkU3c3cTRHV1NVbWNtc0owZmtlRkZfcFVqaHl5V2JpN3JxYy02?oc=5"" target=""_blank"">KA Commuter Bandung Raya: Nadi Baru Mobilitas-Ekonomi Timur Bandung</a>&nbsp;&nbsp;<font color=""#6f6f6f"">Kompas.com</font>",https://news.google.com/rss/articles/CBMiuAFBVV95cUxQNFJSUjRTQmFodUxxMnJaQ005LWpDOXVpeWhod3RQS0pJVEY1SS15WmFnX0tMb2lHdWdNSk1wZFUwYk5NZGN2R1hVNUtTNTE2amE2VXZobjNCWGZ5VElnYmg2N0xvM2wzSUFZcXlfak5mQllsdTJqV1B2SHZWaWJwdkczTEp1bFh3bU53Vk4tZnRzeFJkU3c3cTRHV1NVbWNtc0owZmtlRkZfcFVqaHl5V2JpN3JxYy02?oc=5,2026-05-29 04:54:28,Kompas.com
163,"Kunjungan Kerja ke Prancis dan Belgia, Menko Airlangga Kawal Aksesi OECD dan Ratifikasi I-EU CEPA - Kompas.com","<a href=""https://news.google.com/rss/articles/CBMi7gFBVV95cUxOM3hqRTV3d3Nha1duT3V4RTRPMThMaVo2V2o0RDJrbmgzam10N19uektZdXIzVzV5REgxT3l0RjhlRWwtM2k3eXRjTG5kaHFJVVNVTExjZy04TFpRdS01cUNJNjhTakFzMFZTNktzOEtDeWo2UEQyVzI2U2RrNUkyU0lBbU5rc0tVMTB1Qkd2LUQ1bEdCMVRSWTRKSGtiRjNWX0pxOU01RDRRbXE0QWRlN3JyYXF3SERrYXhhVzdGbFRjdExfNll5Mlg5U29IM2hQZ3NIUG1TZFpxODZyMnNpejlxeDI5MHh4YzF4X1N3?oc=5"" target=""_blank"">Kunjungan Kerja ke Prancis dan Belgia, Menko Airlangga Kawal Aksesi OECD dan Ratifikasi I-EU CEPA</a>&nbsp;&nbsp;<font color=""#6f6f6f"">Kompas.com</font>",https://news.google.com/rss/articles/CBMi7gFBVV95cUxOM3hqRTV3d3Nha1duT3V4RTRPMThMaVo2V2o0RDJrbmgzam10N19uektZdXIzVzV5REgxT3l0RjhlRWwtM2k3eXRjTG5kaHFJVVNVTExjZy04TFpRdS01cUNJNjhTakFzMFZTNktzOEtDeWo2UEQyVzI2U2RrNUkyU0lBbU5rc0tVMTB1Qkd2LUQ1bEdCMVRSWTRKSGtiRjNWX0pxOU01RDRRbXE0QWRlN3JyYXF3SERrYXhhVzdGbFRjdExfNll5Mlg5U29IM2hQZ3NIUG1TZFpxODZyMnNpejlxeDI5MHh4YzF4X1N3?oc=5,2026-06-02 12:07:00,Kompas.com
164,"Prabowo Minta Komandan Upacara Hari Pancasila Menghadap Dirinya, Ada Apa? - Kompas.com","<a href=""https://news.google.com/rss/articles/CBMiwgFBVV95cUxOYkZzX1o4d3JReWxJQnk3NHpwOTJQbzdndkZkRThZcUkxOG5sOXRSanlYZUlUVFprUmJnN3VPd0I3b0xZQlJEaUV4T1hmYUNHWm1FT21zUmtHaTZPZXpIZTBWOEpFU05hUTJfaWNNeG1zZEtWaW84cjUtMGUyYkJwb0NRa2N5cF90UXZOdGptX3RBTjZxZ0JyTGJFZ2pyczVDMWc2MGtwVVI3LTRvbnVDdWtqalpUVFM3YzlSNXNMdkQ0dw?oc=5"" target=""_blank"">Prabowo Minta Komandan Upacara Hari Pancasila Menghadap Dirinya, Ada Apa?</a>&nbsp;&nbsp;<font color=""#6f6f6f"">Kompas.com</font>",https://news.google.com/rss/articles/CBMiwgFBVV95cUxOYkZzX1o4d3JReWxJQnk3NHpwOTJQbzdndkZkRThZcUkxOG5sOXRSanlYZUlUVFprUmJnN3VPd0I3b0xZQlJEaUV4T1hmYUNHWm1FT21zUmtHaTZPZXpIZTBWOEpFU05hUTJfaWNNeG1zZEtWaW84cjUtMGUyYkJwb0NRa2N5cF90UXZOdGptX3RBTjZxZ0JyTGJFZ2pyczVDMWc2MGtwVVI3LTRvbnVDdWtqalpUVFM3YzlSNXNMdkQ0dw?oc=5,2026-06-01 06:19:00,Kompas.com
165,Iran Bangkit Lebih Cepat Prediksi AS: Pabrik Gas Utama Pulih hingga Pangkalan Rudal Mode Tempur - Kompas.com,"<a href=""https://news.google.com/rss/articles/CBMizgFBVV95cUxOLU1vUm9QOW80dWZxcThNRjZRTXMtX3FzSmVvWGFMdGZvQm84a1R5bzM0UlpldUpYYV8tMGlvbzNhQktOMUJPTG1KN25KTFU0VG1wSzFxazlsbS1hbmNmZWp2Y0dWZHFjbE0yMmQ2SW1aa25zeU5fZHpOakVqUlZ2Y3Nla3hWMkhZQ0RhV1JjanhhMnc4ZVZqLXZZaGdzY2xwbzc3TGNKU19JX25qWGoycHZoUm1aTlBhdVdOR0tGNlhnbEhmMTIxdWZ3V2t2Zw?oc=5"" target=""_blank"">Iran Bangkit Lebih Cepat Prediksi AS: Pabrik Gas Utama Pulih hingga Pangkalan Rudal Mode Tempur</a>&nbsp;&nbsp;<font color=""#6f6f6f"">Kompas.com</font>",https://news.google.com/rss/articles/CBMizgFBVV95cUxOLU1vUm9QOW80dWZxcThNRjZRTXMtX3FzSmVvWGFMdGZvQm84a1R5bzM0UlpldUpYYV8tMGlvbzNhQktOMUJPTG1KN25KTFU0VG1wSzFxazlsbS1hbmNmZWp2Y0dWZHFjbE0yMmQ2SW1aa25zeU5fZHpOakVqUlZ2Y3Nla3hWMkhZQ0RhV1JjanhhMnc4ZVZqLXZZaGdzY2xwbzc3TGNKU19JX25qWGoycHZoUm1aTlBhdVdOR0tGNlhnbEhmMTIxdWZ3V2t2Zw?oc=5,2026-06-02 14:15:34,Kompas.com
166,Prabowo: Pancasila adalah Pedoman Kehidupan Berbangsa dan Bernegara - Kompas.com,"<a href=""https://news.google.com/rss/articles/CBMiuwFBVV95cUxOWGc0WTJILXFydDllZ3ZMRld5OWpHQktpbmFDWjdyTkVLclJJeERFY1lVRHlHMF9xa0theVNfRzk5TTJZaTREdTVXSjdOQ1lyU05sWXVKY09mMno1d0E1clYwcHFMTGUtRklXYzhQQUJuak1MN2JBNmlPZjZ4cDgwRTFBZGhaZ0Y0eExySlRnVGtaTmM4bTN0S09TenVCblpPWEJBSC1jQzJPUDgxMXVvU1VhbUR6M0h0ZWRr?oc=5"" target=""_blank"">Prabowo: Pancasila adalah Pedoman Kehidupan Berbangsa dan Bernegara</a>&nbsp;&nbsp;<font color=""#6f6f6f"">Kompas.com</font>",https://news.google.com/rss/articles/CBMiuwFBVV95cUxOWGc0WTJILXFydDllZ3ZMRld5OWpHQktpbmFDWjdyTkVLclJJeERFY1lVRHlHMF9xa0theVNfRzk5TTJZaTREdTVXSjdOQ1lyU05sWXVKY09mMno1d0E1clYwcHFMTGUtRklXYzhQQUJuak1MN2JBNmlPZjZ4cDgwRTFBZGhaZ0Y0eExySlRnVGtaTmM4bTN0S09TenVCblpPWEJBSC1jQzJPUDgxMXVvU1VhbUR6M0h0ZWRr?oc=5,2026-06-01 06:53:00,Kompas.com
167,"Di Balik Pembunuhan WN Korsel di Bekasi: Dendam, Utang, dan Imbalan Rp 139 Juta - Kompas.com","<a href=""https://news.google.com/rss/articles/CBMixgFBVV95cUxNenpkZ3hJel8wRUtHZnNiQjBBUkFHcGgwbzRWd2Q0UmpsQ1B0UlZpSUhyU2Q1RjhhblRSeXdSUXVsdWNDaDlSV0dEV3NzdDFONnpRWThScUlvMjFjT2tMZ1pSeFk3STg1WVZibDBGNDlaWnJFeDBMWFBuQVYtanQtS2pRS1VTQzBpYlo4N1ljbldvWTc0cmdXSlUyRXIyNlNfX2V4ekEwTHZzeEJra3dnV283QW15bHpXRmJVUzZWbzB4cjZ0eWc?oc=5"" target=""_blank"">Di Balik Pembunuhan WN Korsel di Bekasi: Dendam, Utang, dan Imbalan Rp 139 Juta</a>&nbsp;&nbsp;<font color=""#6f6f6f"">Kompas.com</font>",https://news.google.com/rss/articles/CBMixgFBVV95cUxNenpkZ3hJel8wRUtHZnNiQjBBUkFHcGgwbzRWd2Q0UmpsQ1B0UlZpSUhyU2Q1RjhhblRSeXdSUXVsdWNDaDlSV0dEV3NzdDFONnpRWThScUlvMjFjT2tMZ1pSeFk3STg1WVZibDBGNDlaWnJFeDBMWFBuQVYtanQtS2pRS1VTQzBpYlo4N1ljbldvWTc0cmdXSlUyRXIyNlNfX2V4ekEwTHZzeEJra3dnV283QW15bHpXRmJVUzZWbzB4cjZ0eWc?oc=5,2026-06-04 01:34:00,Kompas.com
168,"Daftar Profesi yang Tak Bisa Pakai PPh Final UMKM 0,5 Persen, Ada Pengajar hingga Influencer - Kompas.com","<a href=""https://news.google.com/rss/articles/CBMiwgFBVV95cUxOaUhfa2ZvYklrbV9LUUhtRUlCOF9zWEZsdDg0LVZ1U0Zmb2ZnT0VpV2NCTTBTRmg2YzRXdlg3TWRjYjVpYXlOMnZYYlNLVlFUamY4VmxsdEhaTmNCZ18tR056enkzUHdkVFA2NlZaQlIxTUdrY0xCb2FPekcxd3BmUVVVbGk0T2h4SHQzSlc2bnpPem9xVmZmQndCMU9GUWRuT3JSVXl5N0FoVzVjMHpMTDFla3hoLVJxSENUNm4xQmNmQQ?oc=5"" target=""_blank"">Daftar Profesi yang Tak Bisa Pakai PPh Final UMKM 0,5 Persen, Ada Pengajar hingga Influencer</a>&nbsp;&nbsp;<font color=""#6f6f6f"">Kompas.com</font>",https://news.google.com/rss/articles/CBMiwgFBVV95cUxOaUhfa2ZvYklrbV9LUUhtRUlCOF9zWEZsdDg0LVZ1U0Zmb2ZnT0VpV2NCTTBTRmg2YzRXdlg3TWRjYjVpYXlOMnZYYlNLVlFUamY4VmxsdEhaTmNCZ18tR056enkzUHdkVFA2NlZaQlIxTUdrY0xCb2FPekcxd3BmUVVVbGk0T2h4SHQzSlc2bnpPem9xVmZmQndCMU9GUWRuT3JSVXl5N0FoVzVjMHpMTDFla3hoLVJxSENUNm4xQmNmQQ?oc=5,2026-06-03 07:04:00,Kompas.com
169,"Percepat Proses Keanggotaan RI di OECD, Airlangga Kunjungi Perancis dan Belgia - Kompas.com","<a href=""https://news.google.com/rss/articles/CBMixwFBVV95cUxNNnNiVnk1VVIwLV9DSDh3RWQ5RWxZMWxpcG50QThCc3FqdGpzSVpEcl9qUzA0OE51akFYNnZBMHJXOUJHYXFHY1ptc1VTNzkyUWp0cU44Nms5TzlMRTRVdlFLRjNyYnhrXzY0blB6RFd4RGVrdlhGUWlFczV4Q3d5OF9OdTBlNktNZGZ3TVZEbHNiYzNkMUFaZkplQURmS2tJMVR4dnp0UWlmbWJwRVplWk5Fdy14VnNDMnhBRTZjMDc4ZkFqbTBN?oc=5"" target=""_blank"">Percepat Proses Keanggotaan RI di OECD, Airlangga Kunjungi Perancis dan Belgia</a>&nbsp;&nbsp;<font color=""#6f6f6f"">Kompas.com</font>",https://news.google.com/rss/articles/CBMixwFBVV95cUxNNnNiVnk1VVIwLV9DSDh3RWQ5RWxZMWxpcG50QThCc3FqdGpzSVpEcl9qUzA0OE51akFYNnZBMHJXOUJHYXFHY1ptc1VTNzkyUWp0cU44Nms5TzlMRTRVdlFLRjNyYnhrXzY0blB6RFd4RGVrdlhGUWlFczV4Q3d5OF9OdTBlNktNZGZ3TVZEbHNiYzNkMUFaZkplQURmS2tJMVR4dnp0UWlmbWJwRVplWk5Fdy14VnNDMnhBRTZjMDc4ZkFqbTBN?oc=5,2026-06-02 22:40:00,Kompas.com
170,"IEA, Bank Dunia, IMF, dan WTO Kompak Wanti-wanti Risiko Krisis Energi Global - Kompas.com","<a href=""https://news.google.com/rss/articles/CBMiwgFBVV95cUxQSmRld2xRbU1RNWpqdUJKVTFpS0xETHdDSkdZUDFaMERITWlzb25BczFfcW9VZXNpYVFGMTVmdERtM0lEY0FVOW1VYU5TT054MEtmZW9welZIZTdYazhSOUIyd2NjX24zMG1xeG5BSEd6THp3OU83bF85cXlDMi0zZkxiTl9NbzZocjBzemw3WDV2cnZRSkxCdU5CNEpJWXotYVE5Y1lsOThfejZmUXhEeHo0SnZGVkdlRUx0QVdtdHBWUQ?oc=5"" target=""_blank"">IEA, Bank Dunia, IMF, dan WTO Kompak Wanti-wanti Risiko Krisis Energi Global</a>&nbsp;&nbsp;<font color=""#6f6f6f"">Kompas.com</font>",https://news.google.com/rss/articles/CBMiwgFBVV95cUxQSmRld2xRbU1RNWpqdUJKVTFpS0xETHdDSkdZUDFaMERITWlzb25BczFfcW9VZXNpYVFGMTVmdERtM0lEY0FVOW1VYU5TT054MEtmZW9welZIZTdYazhSOUIyd2NjX24zMG1xeG5BSEd6THp3OU83bF85cXlDMi0zZkxiTl9NbzZocjBzemw3WDV2cnZRSkxCdU5CNEpJWXotYVE5Y1lsOThfejZmUXhEeHo0SnZGVkdlRUx0QVdtdHBWUQ?oc=5,2026-06-01 12:12:00,Kompas.com
171,"Nonton Makin Hemat, Bank Woori Saudara Beri Cashback Rp 15.000 untuk Transaksi QRIS di XXI Cafe - Kompas.com","<a href=""https://news.google.com/rss/articles/CBMivAFBVV95cUxQcTJ5eGp0VDZEeWM0Zk83Xy1SMFJMRDBPekVZa3ZiWmthTGhZdC16QU44RlFSRWdldTF0NGJPekpDdWNXRUNxRzB0NTJWeGQ2d3N4YXlpS1EtRFJrZEVTRHdjUE1MTm9GeGZhbDRUalhaeEg1aUhYM2lIQlZURmxPQ3cyRXFTUzVvbGpyMGstZl9STS1OcUtTbHFkNlNMMFoxN1JTVENnQTd6bHhING1abHZ1NFM1QlZfWDhXdg?oc=5"" target=""_blank"">Nonton Makin Hemat, Bank Woori Saudara Beri Cashback Rp 15.000 untuk Transaksi QRIS di XXI Cafe</a>&nbsp;&nbsp;<font color=""#6f6f6f"">Kompas.com</font>",https://news.google.com/rss/articles/CBMivAFBVV95cUxQcTJ5eGp0VDZEeWM0Zk83Xy1SMFJMRDBPekVZa3ZiWmthTGhZdC16QU44RlFSRWdldTF0NGJPekpDdWNXRUNxRzB0NTJWeGQ2d3N4YXlpS1EtRFJrZEVTRHdjUE1MTm9GeGZhbDRUalhaeEg1aUhYM2lIQlZURmxPQ3cyRXFTUzVvbGpyMGstZl9STS1OcUtTbHFkNlNMMFoxN1JTVENnQTd6bHhING1abHZ1NFM1QlZfWDhXdg?oc=5,2026-06-02 08:40:00,Kompas.com
172,"Ramai UMKM Khawatir Pajak Naik, DJP: Yang Keluar dari Skema 0,5 Persen Tak Langsung Kena Tarif 22 Persen - Kompas.com","<a href=""https://news.google.com/rss/articles/CBMizgFBVV95cUxPZUdQVk5yalZEaEQyeGt6Mnpzcll5OVo4Z1VCN3JwaEFLakNVc1hqU1VuOVp6NGh2U0lCdWpmMTFqbGx0UTY2SXd4ZmpjanFGMV9HaWpDNGJUMHFNbXd1T1p2UUY4ZHU5Q1RicTZaQjRISjB0NHQwaHd6cUsxT2RjUXRpWGh1R0g5M2I1ZXEzaC03Mnl1NF84MmQ0VVF2cE9RY2NYcGhsNTNGYXhIQndCaDlIb0N0dkVLSmhuVmZUdGpoRG8yczExTXFlUnZQdw?oc=5"" target=""_blank"">Ramai UMKM Khawatir Pajak Naik, DJP: Yang Keluar dari Skema 0,5 Persen Tak Langsung Kena Tarif 22 Persen</a>&nbsp;&nbsp;<font color=""#6f6f6f"">Kompas.com</font>",https://news.google.com/rss/articles/CBMizgFBVV95cUxPZUdQVk5yalZEaEQyeGt6Mnpzcll5OVo4Z1VCN3JwaEFLakNVc1hqU1VuOVp6NGh2U0lCdWpmMTFqbGx0UTY2SXd4ZmpjanFGMV9HaWpDNGJUMHFNbXd1T1p2UUY4ZHU5Q1RicTZaQjRISjB0NHQwaHd6cUsxT2RjUXRpWGh1R0g5M2I1ZXEzaC03Mnl1NF84MmQ0VVF2cE9RY2NYcGhsNTNGYXhIQndCaDlIb0N0dkVLSmhuVmZUdGpoRG8yczExTXFlUnZQdw?oc=5,2026-06-03 00:44:00,Kompas.com
173,"Kelola Ribuan Ton Sampah per Tahun, Bank Sampah di Semarang Hasilkan Rp 1,99 Miliar - Kompas.com","<a href=""https://news.google.com/rss/articles/CBMixwFBVV95cUxNOFdjSkhBSE1GbGpmZF9Xd0RMT0d5RW1RNDNRX1ZaMXp1RHJVMXV6TnVycnpLUG9lMVBsQktFRHRnNGZUTGhycF9GZ04xN05HN1g1TnRuYmdVLXRyM0xfdzhhLWtUelUzb2lFcExIWFBCMTAzU2doUHZINVJWSFViM0FnZ1djUmN3c0hNajRCMWhTLUpnNmJrQUI0d2VYQTh0MU1mczlZb2tWODRGcVVWdDdqZ01HM3ViQXF4SHpsbnZFRllsTEV3?oc=5"" target=""_blank"">Kelola Ribuan Ton Sampah per Tahun, Bank Sampah di Semarang Hasilkan Rp 1,99 Miliar</a>&nbsp;&nbsp;<font color=""#6f6f6f"">Kompas.com</font>",https://news.google.com/rss/articles/CBMixwFBVV95cUxNOFdjSkhBSE1GbGpmZF9Xd0RMT0d5RW1RNDNRX1ZaMXp1RHJVMXV6TnVycnpLUG9lMVBsQktFRHRnNGZUTGhycF9GZ04xN05HN1g1TnRuYmdVLXRyM0xfdzhhLWtUelUzb2lFcExIWFBCMTAzU2doUHZINVJWSFViM0FnZ1djUmN3c0hNajRCMWhTLUpnNmJrQUI0d2VYQTh0MU1mczlZb2tWODRGcVVWdDdqZ01HM3ViQXF4SHpsbnZFRllsTEV3?oc=5,2026-06-03 22:58:00,Kompas.com
174,Prabowo Kenang 81 Tahun Pancasila: Konsensus Agung Indonesia - Kompas.com,"<a href=""https://news.google.com/rss/articles/CBMisgFBVV95cUxOQ3hVNmpSb0lBYWdUdzdUdmoyZnlBMVZrSjQ4ZFhYc2RCaEF4WXBRZGFXeFdnaTA3TnhWT2Q1YXpfamhLUTJnQjVWWXAzVFNKZlNrTWF1OHhJaW9hUVdzX3FtdWgwc3llTnlwS0hlOHFYMkNIc0VTb0Iwa2c2QkN0LW9aT3huaUFUcnFhTWRQWHRGTkhqMGlfRUxPUmxsSkliSC0wMWZrMlZOTVZWMmtmMG13?oc=5"" target=""_blank"">Prabowo Kenang 81 Tahun Pancasila: Konsensus Agung Indonesia</a>&nbsp;&nbsp;<font color=""#6f6f6f"">Kompas.com</font>",https://news.google.com/rss/articles/CBMisgFBVV95cUxOQ3hVNmpSb0lBYWdUdzdUdmoyZnlBMVZrSjQ4ZFhYc2RCaEF4WXBRZGFXeFdnaTA3TnhWT2Q1YXpfamhLUTJnQjVWWXAzVFNKZlNrTWF1OHhJaW9hUVdzX3FtdWgwc3llTnlwS0hlOHFYMkNIc0VTb0Iwa2c2QkN0LW9aT3huaUFUcnFhTWRQWHRGTkhqMGlfRUxPUmxsSkliSC0wMWZrMlZOTVZWMmtmMG13?oc=5,2026-06-01 06:44:00,Kompas.com
175,"Bidik Pasar Ekspor, Kadin dan Pemerintah Siapkan Hilirisasi Kemenyan, Nilam, dan Damar - Kompas.com","<a href=""https://news.google.com/rss/articles/CBMixwFBVV95cUxOakdGXzZmcS1QWHZxSzM3V2h0OUNaMG1LbnNrWUE3SnB1TDM1RzE2MXdMODgzRmJFalg3bkc0OWotc3RyRi10WHVoYm40UjV2a0ZYS2dxOVpRTXRkTnZ1M0p6YTZjZVZzWTNPWDNiYnFjUmItbVd2Nk5xS1ZxWHZDNFRCXzIwQ2tNVWItMjFFQm44TEpHSkhkdkVxVUR4c2dxOFNER2Rxbl9URmVHblR4bnhzdk5ickVKSjNxT0lPQVhCdDVsWmZR?oc=5"" target=""_blank"">Bidik Pasar Ekspor, Kadin dan Pemerintah Siapkan Hilirisasi Kemenyan, Nilam, dan Damar</a>&nbsp;&nbsp;<font color=""#6f6f6f"">Kompas.com</font>",https://news.google.com/rss/articles/CBMixwFBVV95cUxOakdGXzZmcS1QWHZxSzM3V2h0OUNaMG1LbnNrWUE3SnB1TDM1RzE2MXdMODgzRmJFalg3bkc0OWotc3RyRi10WHVoYm40UjV2a0ZYS2dxOVpRTXRkTnZ1M0p6YTZjZVZzWTNPWDNiYnFjUmItbVd2Nk5xS1ZxWHZDNFRCXzIwQ2tNVWItMjFFQm44TEpHSkhkdkVxVUR4c2dxOFNER2Rxbl9URmVHblR4bnhzdk5ickVKSjNxT0lPQVhCdDVsWmZR?oc=5,2026-06-03 10:32:00,Kompas.com
176,"PDIP: Penerapan Pasal 33 UUD ’45 Jangan Seperti di Papua, Aceh, dll - Kompas.com","<a href=""https://news.google.com/rss/articles/CBMitwFBVV95cUxObW1FU0xEQXVERTdndVBKXzJicDhPVW5uMlBaenZqRHBmOXdJMmRubnR3UTVVMFpXZ0wtTEtvY0g4a0E1aWwxUGlIeHMzd0pLYmk4MXNmaGI5dzRXZEdvTk94WTI3a2VXRHNqSFNzOURZWUxOa2txendOVHlFb3c4ZEh1R3QxeVlmUHhzMmRyN0ZUTE01VS16bGlkcmVDTl90blpOVmk5aFdxQU1kSWJNVno3SVVUYmc?oc=5"" target=""_blank"">PDIP: Penerapan Pasal 33 UUD ’45 Jangan Seperti di Papua, Aceh, dll</a>&nbsp;&nbsp;<font color=""#6f6f6f"">Kompas.com</font>",https://news.google.com/rss/articles/CBMitwFBVV95cUxObW1FU0xEQXVERTdndVBKXzJicDhPVW5uMlBaenZqRHBmOXdJMmRubnR3UTVVMFpXZ0wtTEtvY0g4a0E1aWwxUGlIeHMzd0pLYmk4MXNmaGI5dzRXZEdvTk94WTI3a2VXRHNqSFNzOURZWUxOa2txendOVHlFb3c4ZEh1R3QxeVlmUHhzMmRyN0ZUTE01VS16bGlkcmVDTl90blpOVmk5aFdxQU1kSWJNVno3SVVUYmc?oc=5,2026-06-01 07:02:00,Kompas.com
177,"Keluhan Wisatawan Ada dugaan Pungli di Pantai Watulawang, Gunungkidul langsung ditindaklanjuti - Kompas.com","<a href=""https://news.google.com/rss/articles/CBMiyAFBVV95cUxPOHEzMnhkT3JWSEtUTnNjTlQwQVFNc01VYzJKRThLQkE5UTFCN19rcndLOTdfSnQ5d0tYV2w5YVFzaVhVdUEwQVgyRVlaSXM4cEJQNHowZE1NUllrZ3lhY0RfOUlHTnF0cldMSkR5U2o1WUxyemVXZzJtYmptMDNrU196Vmwwb01jZmZQNUpNV25kZWE3X25iRmo4SG90OE81anZSeEV3dVp0LWZCZUFMUndPcFJ0SWsxUXJCU1h1dGVMTXJzbnh5NA?oc=5"" target=""_blank"">Keluhan Wisatawan Ada dugaan Pungli di Pantai Watulawang, Gunungkidul langsung ditindaklanjuti</a>&nbsp;&nbsp;<font color=""#6f6f6f"">Kompas.com</font>",https://news.google.com/rss/articles/CBMiyAFBVV95cUxPOHEzMnhkT3JWSEtUTnNjTlQwQVFNc01VYzJKRThLQkE5UTFCN19rcndLOTdfSnQ5d0tYV2w5YVFzaVhVdUEwQVgyRVlaSXM4cEJQNHowZE1NUllrZ3lhY0RfOUlHTnF0cldMSkR5U2o1WUxyemVXZzJtYmptMDNrU196Vmwwb01jZmZQNUpNV25kZWE3X25iRmo4SG90OE81anZSeEV3dVp0LWZCZUFMUndPcFJ0SWsxUXJCU1h1dGVMTXJzbnh5NA?oc=5,2026-06-01 07:45:00,Kompas.com
178,"Lawan Kebocoran Devisa, Tiga Hal Ini Bisa Jadi Indikator Kinerja DSI - Kompas.com","<a href=""https://news.google.com/rss/articles/CBMiugFBVV95cUxNamRfRnB6Uk1mRFJBWEZMbmY2a2F4U18zWUxBV3VfYWZoSkxIdnBLeEl1SVV0aTFCeTlGeGxlOUEzQmM5V0EwUnM1Y3ROY0NXWUs0eE1hVW9oNG1nMThuTU9kQXZjaDEyblRsamN4RkpSN2paelBwN0tNTGIyaXdZSGQzcjNmYnBzUDA1OGFpUW13SzhGRk1lUE1hdGNxWXU0dnJ5T2NyU0gtVGtFT1gxXzl0aTNoQVZfUmc?oc=5"" target=""_blank"">Lawan Kebocoran Devisa, Tiga Hal Ini Bisa Jadi Indikator Kinerja DSI</a>&nbsp;&nbsp;<font color=""#6f6f6f"">Kompas.com</font>",https://news.google.com/rss/articles/CBMiugFBVV95cUxNamRfRnB6Uk1mRFJBWEZMbmY2a2F4U18zWUxBV3VfYWZoSkxIdnBLeEl1SVV0aTFCeTlGeGxlOUEzQmM5V0EwUnM1Y3ROY0NXWUs0eE1hVW9oNG1nMThuTU9kQXZjaDEyblRsamN4RkpSN2paelBwN0tNTGIyaXdZSGQzcjNmYnBzUDA1OGFpUW13SzhGRk1lUE1hdGNxWXU0dnJ5T2NyU0gtVGtFT1gxXzl0aTNoQVZfUmc?oc=5,2026-05-30 12:12:00,Kompas.com
179,"Kadis Parekraf Manggarai Barat Penuhi Panggilan Polisi soal Insiden Cunca Wulang, Bawa Tumpukan Dokumen - Kompas.com","<a href=""https://news.google.com/rss/articles/CBMixgFBVV95cUxPNVE0TlFuWGhZQ0R3d1c5ZUVETy0yUk9uX3VDYnR4Ykc5Sk4wYTZWekZQS1lYMHVWcjV5REFYQzNoY1BSUjdjdUVmdG9yOFJhRWxVV3BNQjFBRnozbGdHakdyVkkyM2MxMGJiZW5McDRSUmZDbU9KMkl1T1owOUVsRXVNWVpibGF2TnVNVkpIWXRfWWpKaUhHV2RzUFBBelB6MFBKRXVzeEtMWHJBS3Mxc0MzS3dZVW5wVnk0R09LX2x2aGlVM3c?oc=5"" target=""_blank"">Kadis Parekraf Manggarai Barat Penuhi Panggilan Polisi soal Insiden Cunca Wulang, Bawa Tumpukan Dokumen</a>&nbsp;&nbsp;<font color=""#6f6f6f"">Kompas.com</font>",https://news.google.com/rss/articles/CBMixgFBVV95cUxPNVE0TlFuWGhZQ0R3d1c5ZUVETy0yUk9uX3VDYnR4Ykc5Sk4wYTZWekZQS1lYMHVWcjV5REFYQzNoY1BSUjdjdUVmdG9yOFJhRWxVV3BNQjFBRnozbGdHakdyVkkyM2MxMGJiZW5McDRSUmZDbU9KMkl1T1owOUVsRXVNWVpibGF2TnVNVkpIWXRfWWpKaUhHV2RzUFBBelB6MFBKRXVzeEtMWHJBS3Mxc0MzS3dZVW5wVnk0R09LX2x2aGlVM3c?oc=5,2026-06-02 09:14:00,Kompas.com
180,"2 Negara ASEAN Bersatu Jaga Laut China Selatan, Teken Pakta Pertahanan - Kompas.com","<a href=""https://news.google.com/rss/articles/CBMixwFBVV95cUxQT1NLQTZ2OWdLU2pvV0dnUTlYTE9WZGp3RVVRdEJSVlRsNFRsOUVkZmJiTE11enpIeGMwSld2R190UDd0YzY1X0pMcnhrNHhUOFF3cmxHSE85anNwSkdQRnFibENDazdHWFVkLVI5aldDUnlqLUttM3Q4ZDVQUWFCb0FkdktsLTFjcEFoY1dCYVBwcENnenNEbUxieFk5V1RFaTNMb1JOV0tQMVVQWjFjU2JaTTM3dWsyamwyT0ZTaXgzOTZlQ1F3?oc=5"" target=""_blank"">2 Negara ASEAN Bersatu Jaga Laut China Selatan, Teken Pakta Pertahanan</a>&nbsp;&nbsp;<font color=""#6f6f6f"">Kompas.com</font>",https://news.google.com/rss/articles/CBMixwFBVV95cUxQT1NLQTZ2OWdLU2pvV0dnUTlYTE9WZGp3RVVRdEJSVlRsNFRsOUVkZmJiTE11enpIeGMwSld2R190UDd0YzY1X0pMcnhrNHhUOFF3cmxHSE85anNwSkdQRnFibENDazdHWFVkLVI5aldDUnlqLUttM3Q4ZDVQUWFCb0FkdktsLTFjcEFoY1dCYVBwcENnenNEbUxieFk5V1RFaTNMb1JOV0tQMVVQWjFjU2JaTTM3dWsyamwyT0ZTaXgzOTZlQ1F3?oc=5,2026-06-01 08:39:00,Kompas.com
181,"Jember ke Surabaya Bisa Naik Pesawat, Perjalanan Jauh Lebih Cepat - Kompas.com","<a href=""https://news.google.com/rss/articles/CBMitwFBVV95cUxQakhmTzFReUlJLU1QSFNVNU0tRUlGWVRtVDkxdk9yd3owTTRUeVBKTy1kZEViaFA2bWlTRzlsNnVNY0ZoUFZHZVNSOEhFMlpqUXhiTGkwdENRWm4tWkptdFZOVGVZNnY0aXVndHU5aDJNX25KZnJSN3FiNUlMVEhmd29meGpxQWdRbmJqSlp2cGJBZVRBLVBPVjhrMGRSclFGM1psdjZfcS1saVdGbkVUTUJaNnBCcXc?oc=5"" target=""_blank"">Jember ke Surabaya Bisa Naik Pesawat, Perjalanan Jauh Lebih Cepat</a>&nbsp;&nbsp;<font color=""#6f6f6f"">Kompas.com</font>",https://news.google.com/rss/articles/CBMitwFBVV95cUxQakhmTzFReUlJLU1QSFNVNU0tRUlGWVRtVDkxdk9yd3owTTRUeVBKTy1kZEViaFA2bWlTRzlsNnVNY0ZoUFZHZVNSOEhFMlpqUXhiTGkwdENRWm4tWkptdFZOVGVZNnY0aXVndHU5aDJNX25KZnJSN3FiNUlMVEhmd29meGpxQWdRbmJqSlp2cGJBZVRBLVBPVjhrMGRSclFGM1psdjZfcS1saVdGbkVUTUJaNnBCcXc?oc=5,2026-06-02 01:08:00,Kompas.com
182,"Prabowo: Perubahan Besar Tidak Mudah, Kita Melawan Kelompok yang Suka Korupsi - Kompas.com","<a href=""https://news.google.com/rss/articles/CBMixwFBVV95cUxQZnVCWTRTN01STVRBclp0MXRkT3hmNndxdE1ta0EzS08xbE5QUXlrVldEdzdGU1VIclY4YzJmMlhmMkJ3VzhIV1kxc3IyREdZMmR1VXExQi1MMzFfVUFTV1hseVEzajRKeWZCZHM2OXNYOGZHdncxWVdBRWRMVm1sUzRPVlMyZGctbklVYmFiNThTYm5VTTlyU1VidGhLcnJESXZTeHF3SG15aGV5SlloUi1IOXVLZnJ5NGZjTllId2JXNFBmOWl3?oc=5"" target=""_blank"">Prabowo: Perubahan Besar Tidak Mudah, Kita Melawan Kelompok yang Suka Korupsi</a>&nbsp;&nbsp;<font color=""#6f6f6f"">Kompas.com</font>",https://news.google.com/rss/articles/CBMixwFBVV95cUxQZnVCWTRTN01STVRBclp0MXRkT3hmNndxdE1ta0EzS08xbE5QUXlrVldEdzdGU1VIclY4YzJmMlhmMkJ3VzhIV1kxc3IyREdZMmR1VXExQi1MMzFfVUFTV1hseVEzajRKeWZCZHM2OXNYOGZHdncxWVdBRWRMVm1sUzRPVlMyZGctbklVYmFiNThTYm5VTTlyU1VidGhLcnJESXZTeHF3SG15aGV5SlloUi1IOXVLZnJ5NGZjTllId2JXNFBmOWl3?oc=5,2026-06-01 04:38:00,Kompas.com
183,PDI-P: Masalah yang Dihadapi Prabowo Saat Ini Banyak Warisan Pemerintahan Jokowi - Kompas.com,"<a href=""https://news.google.com/rss/articles/CBMiwwFBVV95cUxPaGxDU1VlZ0Y0ajh1OHZYNklsblJuMFZNZzRDNTd4UHhNWUNBQzFYeWtHYmgxMEhGek1uUW1TaUZYdGJmeUxZbWtNQmVKaklIZEpnTDVpcEhkcmRQLVBHQXRtNE9vbHFQa1hJVWpMX2pDQ25MMVFIRFFIeDgwaWVHaXg0UG9UcUhuejdsa0kxYWJKT1pqSVVZbnYwWlo0S05lQ1pEbVoxUmhhbXh5RUdtU3BnV0xPakN2aWZJb0ExZkZIRms?oc=5"" target=""_blank"">PDI-P: Masalah yang Dihadapi Prabowo Saat Ini Banyak Warisan Pemerintahan Jokowi</a>&nbsp;&nbsp;<font color=""#6f6f6f"">Kompas.com</font>",https://news.google.com/rss/articles/CBMiwwFBVV95cUxPaGxDU1VlZ0Y0ajh1OHZYNklsblJuMFZNZzRDNTd4UHhNWUNBQzFYeWtHYmgxMEhGek1uUW1TaUZYdGJmeUxZbWtNQmVKaklIZEpnTDVpcEhkcmRQLVBHQXRtNE9vbHFQa1hJVWpMX2pDQ25MMVFIRFFIeDgwaWVHaXg0UG9UcUhuejdsa0kxYWJKT1pqSVVZbnYwWlo0S05lQ1pEbVoxUmhhbXh5RUdtU3BnV0xPakN2aWZJb0ExZkZIRms?oc=5,2026-06-01 09:27:00,Kompas.com
184,"Intelijen Rusia Disebut Makin Agresif Curi Teknologi Barat, Apa Modusnya? - Kompas.com","<a href=""https://news.google.com/rss/articles/CBMirwFBVV95cUxORjFnTjI3aHVMcnlmN1dMVm14VUxJUmNsVkF5NjJfdE9qWl9MZGg0YmYtTlhFb2pnbnV1OV9WSDlsUzNBWXlxcXRqV0JzbFoySVZ3YWczTzRieFlWM0I0RjdmbEJicFFwWmFGZUMxckxKU2JiTUpxakNUUEJDS3p0aEpSbk43dzgwblVTT05IUUdqdE5RdmNuQzFqdUtEaUlVYWdMX2VPUjZhbjhxdlpr?oc=5"" target=""_blank"">Intelijen Rusia Disebut Makin Agresif Curi Teknologi Barat, Apa Modusnya?</a>&nbsp;&nbsp;<font color=""#6f6f6f"">Kompas.com</font>",https://news.google.com/rss/articles/CBMirwFBVV95cUxORjFnTjI3aHVMcnlmN1dMVm14VUxJUmNsVkF5NjJfdE9qWl9MZGg0YmYtTlhFb2pnbnV1OV9WSDlsUzNBWXlxcXRqV0JzbFoySVZ3YWczTzRieFlWM0I0RjdmbEJicFFwWmFGZUMxckxKU2JiTUpxakNUUEJDS3p0aEpSbk43dzgwblVTT05IUUdqdE5RdmNuQzFqdUtEaUlVYWdMX2VPUjZhbjhxdlpr?oc=5,2026-06-03 23:37:04,Kompas.com
185,"Meriahkan Waisak 2026, DKI Jakarta Wujudkan Kota Inklusif lewat ""Illumination of Jakarta, Glow of Peace"" - Kompas.com","<a href=""https://news.google.com/rss/articles/CBMixwFBVV95cUxObzFMTG5EcWpXVWwzd0hudmJLazV2azB4dkNrV3NpN3JrNGE3aTJWSUtoR3FnSjdtMVdTMVY5b1RBa0tXOE1Kb0x5THpJXzlqaUU3TFVyS08tWm12VmszVkdwQTZyLU9kX3JyaHB6endhTHN4UjBKS1hsVVQzb2RpdzNCMmdXOURGQVNob2dIZlYyYldIRFlKSGNyV29Odk9uUzRVbWpiTWNvOWhHNEFLaDd4dUV0cHdIQlFRM0lLX0VlNnMyTDAw?oc=5"" target=""_blank"">Meriahkan Waisak 2026, DKI Jakarta Wujudkan Kota Inklusif lewat ""Illumination of Jakarta, Glow of Peace""</a>&nbsp;&nbsp;<font color=""#6f6f6f"">Kompas.com</font>",https://news.google.com/rss/articles/CBMixwFBVV95cUxObzFMTG5EcWpXVWwzd0hudmJLazV2azB4dkNrV3NpN3JrNGE3aTJWSUtoR3FnSjdtMVdTMVY5b1RBa0tXOE1Kb0x5THpJXzlqaUU3TFVyS08tWm12VmszVkdwQTZyLU9kX3JyaHB6endhTHN4UjBKS1hsVVQzb2RpdzNCMmdXOURGQVNob2dIZlYyYldIRFlKSGNyV29Odk9uUzRVbWpiTWNvOWhHNEFLaDd4dUV0cHdIQlFRM0lLX0VlNnMyTDAw?oc=5,2026-05-30 11:54:00,Kompas.com
186,"Hampir 2 Juta Warga Naik KA Rangkasbitung-Merak dalam 5 Bulan, Tarifnya Cuma Rp 3.000 - Kompas.com","<a href=""https://news.google.com/rss/articles/CBMixAFBVV95cUxOclpNNi1TX2d4OHRqZ29rZGJVUFZSeS1iMGQ3bDdoRzhKbWViVjZyWUR0U3FIM1RPM0lWRi1EUVZXLXhpcVVHUURvZWNYTGZ2VF9fMElEVHJ4bkNLR3pSclAxdFpOT2Q1aExTVEJTZTFYaHFwbjVvOWVzeEVLZHIxTEdzeWZRV2NKV3lUTVNVZEVpYnRfbGczT1JRU2RwWmloSjVYNlZiYk1DUmRiQWVCNDhpVkxTRDhIRVJWbUV2QzZnNGhC?oc=5"" target=""_blank"">Hampir 2 Juta Warga Naik KA Rangkasbitung-Merak dalam 5 Bulan, Tarifnya Cuma Rp 3.000</a>&nbsp;&nbsp;<font color=""#6f6f6f"">Kompas.com</font>",https://news.google.com/rss/articles/CBMixAFBVV95cUxOclpNNi1TX2d4OHRqZ29rZGJVUFZSeS1iMGQ3bDdoRzhKbWViVjZyWUR0U3FIM1RPM0lWRi1EUVZXLXhpcVVHUURvZWNYTGZ2VF9fMElEVHJ4bkNLR3pSclAxdFpOT2Q1aExTVEJTZTFYaHFwbjVvOWVzeEVLZHIxTEdzeWZRV2NKV3lUTVNVZEVpYnRfbGczT1JRU2RwWmloSjVYNlZiYk1DUmRiQWVCNDhpVkxTRDhIRVJWbUV2QzZnNGhC?oc=5,2026-06-03 06:00:00,Kompas.com
187,"Bantah Rumor Hengkang, Grab: Indonesia Rumah Kami Tumbuh Bersama Masyarakat - Kompas.com","<a href=""https://news.google.com/rss/articles/CBMiwgFBVV95cUxNRHhtanVqQ0R6NEdOMHoxaG1KS09PdmR3QVQ1T1dGcFU5UWtvaG1pM2tib0pCSXcyZUZCWHJZQU9aZ2dDVDBEZ094UGsweWhIZTNXd3RiUVU4THFZT2owSXFDTEtPVVhLdmRpTVRpdEFBU0I3QWlndXZxOHowVkpOMG9XekF4eWM4clJ2Q3ZiclE3ajBtSEpKTVRnN2dNeXRjRXJ4aGpSZXJRdDFSR2lqcW92M0xnaWlkRlRSWS1rYnc5Zw?oc=5"" target=""_blank"">Bantah Rumor Hengkang, Grab: Indonesia Rumah Kami Tumbuh Bersama Masyarakat</a>&nbsp;&nbsp;<font color=""#6f6f6f"">Kompas.com</font>",https://news.google.com/rss/articles/CBMiwgFBVV95cUxNRHhtanVqQ0R6NEdOMHoxaG1KS09PdmR3QVQ1T1dGcFU5UWtvaG1pM2tib0pCSXcyZUZCWHJZQU9aZ2dDVDBEZ094UGsweWhIZTNXd3RiUVU4THFZT2owSXFDTEtPVVhLdmRpTVRpdEFBU0I3QWlndXZxOHowVkpOMG9XekF4eWM4clJ2Q3ZiclE3ajBtSEpKTVRnN2dNeXRjRXJ4aGpSZXJRdDFSR2lqcW92M0xnaWlkRlRSWS1rYnc5Zw?oc=5,2026-06-03 16:49:00,Kompas.com
188,"7 Negara dengan Masa Depan Perekonomian Terbaik, Indonesia Urutan Berapa? - Kompas.com","<a href=""https://news.google.com/rss/articles/CBMizAFBVV95cUxQOXY1bE9PMThlQUdvX2dIRFJvV3NXcXdUa0xWOHhyUFpaMmlUdHlDMmVzWlVhdG1kWG1naTZGRFZtQ0xHUXg4bzRGRWNEXzVtdzVIYmtnN1RRdWhVbWNmcmZrdGVZY1FzX1p1Z2VBeWtXdHU2ckc2Sjhvd3V1U015MVl5dFZTU2UyQWFPeVNwWXQ4RzlpQzd6MTdLR292SUt1Y3lpVHhCamR3Q1YxOElNVWFiai1ESjY4WXpsVFB5S28yZzI0cExUSDFldGU?oc=5"" target=""_blank"">7 Negara dengan Masa Depan Perekonomian Terbaik, Indonesia Urutan Berapa?</a>&nbsp;&nbsp;<font color=""#6f6f6f"">Kompas.com</font>",https://news.google.com/rss/articles/CBMizAFBVV95cUxQOXY1bE9PMThlQUdvX2dIRFJvV3NXcXdUa0xWOHhyUFpaMmlUdHlDMmVzWlVhdG1kWG1naTZGRFZtQ0xHUXg4bzRGRWNEXzVtdzVIYmtnN1RRdWhVbWNmcmZrdGVZY1FzX1p1Z2VBeWtXdHU2ckc2Sjhvd3V1U015MVl5dFZTU2UyQWFPeVNwWXQ4RzlpQzd6MTdLR292SUt1Y3lpVHhCamR3Q1YxOElNVWFiai1ESjY4WXpsVFB5S28yZzI0cExUSDFldGU?oc=5,2026-05-29 03:10:00,Kompas.com
189,"Kunjungan Prabowo Buahkan Dewan Bisnis Indonesia-Perancis, Apa Itu? - Kompas.com","<a href=""https://news.google.com/rss/articles/CBMiugFBVV95cUxPMHNNckVnbkxpT3hhaFZVcHZPcGo4MHVoS0ZvUVd6MW1Ycm1qbFJVdGpOWDRsXzFncXhmdVRxQ3F6b2RHaHNKaEFnenZBZnZZYS0zbnJvaWtrUjQtdnFQN0FfbDh5dEdVRE1TemlONWNHUHNjSkx4T3VxSHNYQk5wV0ZianhiLVJpRTR0Z2R2SEdpa2NFZEZIMGV2dXRnVHNrWjJsQ1J5NE5PYUc1TFF2S0tvdjlTUnBnckE?oc=5"" target=""_blank"">Kunjungan Prabowo Buahkan Dewan Bisnis Indonesia-Perancis, Apa Itu?</a>&nbsp;&nbsp;<font color=""#6f6f6f"">Kompas.com</font>",https://news.google.com/rss/articles/CBMiugFBVV95cUxPMHNNckVnbkxpT3hhaFZVcHZPcGo4MHVoS0ZvUVd6MW1Ycm1qbFJVdGpOWDRsXzFncXhmdVRxQ3F6b2RHaHNKaEFnenZBZnZZYS0zbnJvaWtrUjQtdnFQN0FfbDh5dEdVRE1TemlONWNHUHNjSkx4T3VxSHNYQk5wV0ZianhiLVJpRTR0Z2R2SEdpa2NFZEZIMGV2dXRnVHNrWjJsQ1J5NE5PYUc1TFF2S0tvdjlTUnBnckE?oc=5,2026-05-29 23:31:00,Kompas.com
190,"Sukses Tekan Pengangguran, 3 Kota di Sulawesi Raih Penghargaan Pemda Berprestasi 2026 - Kompas.com","<a href=""https://news.google.com/rss/articles/CBMi1gFBVV95cUxPV1JPUDZhYWo5bzJ3R2VPUWx1OFZRY041clIweDRaWGRoN2JrWFJPanhEc3BhY0VCcU5WSmRGcmd0YUIta0pmLXpJdHdBZ2FCWGtoUloyUGY0aW15VjJxZndMZ3lpZC1BMkxjbEhfbFZjYWt5QlEwUHktdmk0UXFQZmIwRkFFc1NCRkY3VkVZTHRvV2dJdXlnTjBZenk3VG4zMjNzdVdLQlVxOXhSOElJWEQwSDdPNzB1cGJ4MHJHTmN1MC1hdU5wakdtenIwM3g3NkM1LUJB?oc=5"" target=""_blank"">Sukses Tekan Pengangguran, 3 Kota di Sulawesi Raih Penghargaan Pemda Berprestasi 2026</a>&nbsp;&nbsp;<font color=""#6f6f6f"">Kompas.com</font>",https://news.google.com/rss/articles/CBMi1gFBVV95cUxPV1JPUDZhYWo5bzJ3R2VPUWx1OFZRY041clIweDRaWGRoN2JrWFJPanhEc3BhY0VCcU5WSmRGcmd0YUIta0pmLXpJdHdBZ2FCWGtoUloyUGY0aW15VjJxZndMZ3lpZC1BMkxjbEhfbFZjYWt5QlEwUHktdmk0UXFQZmIwRkFFc1NCRkY3VkVZTHRvV2dJdXlnTjBZenk3VG4zMjNzdVdLQlVxOXhSOElJWEQwSDdPNzB1cGJ4MHJHTmN1MC1hdU5wakdtenIwM3g3NkM1LUJB?oc=5,2026-05-30 03:44:00,Kompas.com
191,Misbakhun: Tata Kelola Ekspor SDA Penting untuk Pertebal Cadangan Devisa - Kompas.com,"<a href=""https://news.google.com/rss/articles/CBMiwAFBVV95cUxNT2NoOW9UckRzemRHcU9jV0VuVWN1WHBYMHVtc2otZXV4MGhvS0RacXN6eDVtUzZ4QVRQSnhQYUljclhUOTFKR2RCajRXcy04eE8wYV95SF9rZkdWUHQtQkY3ZXd4VWZBUmItQWJNSXJwUndLNnBocE1CQklGYXhjVnFrYzItQzFvbGJ4RkJGM0pSMHBnMEV2OUs4MHA3S0RuMzl1cFpRU25aYko3c29wbGg5WnVOZ0V2NldoSlRZa0M?oc=5"" target=""_blank"">Misbakhun: Tata Kelola Ekspor SDA Penting untuk Pertebal Cadangan Devisa</a>&nbsp;&nbsp;<font color=""#6f6f6f"">Kompas.com</font>",https://news.google.com/rss/articles/CBMiwAFBVV95cUxNT2NoOW9UckRzemRHcU9jV0VuVWN1WHBYMHVtc2otZXV4MGhvS0RacXN6eDVtUzZ4QVRQSnhQYUljclhUOTFKR2RCajRXcy04eE8wYV95SF9rZkdWUHQtQkY3ZXd4VWZBUmItQWJNSXJwUndLNnBocE1CQklGYXhjVnFrYzItQzFvbGJ4RkJGM0pSMHBnMEV2OUs4MHA3S0RuMzl1cFpRU25aYko3c29wbGg5WnVOZ0V2NldoSlRZa0M?oc=5,2026-06-02 07:33:00,Kompas.com
192,"UMKM Terdampak Bencana di Aceh, Sumbar, dan Sumut Dapat Bantuan Presiden Rp 3 Juta - Kompas.com","<a href=""https://news.google.com/rss/articles/CBMixAFBVV95cUxQcXdDc3VBbWFwMTFuRzNjV1F4ZGNhUEczV1dlMDcyQS1KMHJ5OGdxZ0Q5MEc4MkY5dGgzS2xhTGNqalRnbjVKZU9sUEprd2s5SnlVbTZ6MjVYX1NmMFRpdjk0azRXeThISVdlQUpxaUIxQ25Vdy1fWEZSUWZjbnVqZGMwaXhYVkhnNFRYMWF0eC1zZi01SjllS1pCb2tIc2Q0cThkRzNNZ0tsMEVUNXJBYkFaU1Z4dE5Pd0UxNy1QTVhjUjJn?oc=5"" target=""_blank"">UMKM Terdampak Bencana di Aceh, Sumbar, dan Sumut Dapat Bantuan Presiden Rp 3 Juta</a>&nbsp;&nbsp;<font color=""#6f6f6f"">Kompas.com</font>",https://news.google.com/rss/articles/CBMixAFBVV95cUxQcXdDc3VBbWFwMTFuRzNjV1F4ZGNhUEczV1dlMDcyQS1KMHJ5OGdxZ0Q5MEc4MkY5dGgzS2xhTGNqalRnbjVKZU9sUEprd2s5SnlVbTZ6MjVYX1NmMFRpdjk0azRXeThISVdlQUpxaUIxQ25Vdy1fWEZSUWZjbnVqZGMwaXhYVkhnNFRYMWF0eC1zZi01SjllS1pCb2tIc2Q0cThkRzNNZ0tsMEVUNXJBYkFaU1Z4dE5Pd0UxNy1QTVhjUjJn?oc=5,2026-06-03 08:41:00,Kompas.com
193,"AS Kaji Tarif Tambahan hingga 12,5 Persen untuk 60 Negara, RI Masuk Daftar - Kompas.com","<a href=""https://news.google.com/rss/articles/CBMizAFBVV95cUxPdmZvdVVaeHp5ZEVMYVhMOGZSNUQ5MVFXSk5tLTJSUE0yOS1QMEQzWjA3T1EyUnVxaTZGS05FMnhlcDV1WkRuUjBiSDNxZy1MMWNBeGd3LWVIVzJ1eGdBSzJvaFlSS2FNLXdiQmpJeDZ2T1pndWlzX1hYMEN4VWM4Smk4Nno2SFRfZHZQZHhpT3ppTzV1bnBfOWpVNkhoS3lmSVU3b1hLRHY1NVUzZ1d6eGtsd1REbkVaY1JEYldwVGF1dGlONEJyUld5V2M?oc=5"" target=""_blank"">AS Kaji Tarif Tambahan hingga 12,5 Persen untuk 60 Negara, RI Masuk Daftar</a>&nbsp;&nbsp;<font color=""#6f6f6f"">Kompas.com</font>",https://news.google.com/rss/articles/CBMizAFBVV95cUxPdmZvdVVaeHp5ZEVMYVhMOGZSNUQ5MVFXSk5tLTJSUE0yOS1QMEQzWjA3T1EyUnVxaTZGS05FMnhlcDV1WkRuUjBiSDNxZy1MMWNBeGd3LWVIVzJ1eGdBSzJvaFlSS2FNLXdiQmpJeDZ2T1pndWlzX1hYMEN4VWM4Smk4Nno2SFRfZHZQZHhpT3ppTzV1bnBfOWpVNkhoS3lmSVU3b1hLRHY1NVUzZ1d6eGtsd1REbkVaY1JEYldwVGF1dGlONEJyUld5V2M?oc=5,2026-06-03 08:33:00,Kompas.com
194,"Perbandingan Nilai Ringgit, Rupiah, dan Kekuatan Paspor Malaysia Vs Indonesia - Kompas.com","<a href=""https://news.google.com/rss/articles/CBMiyAFBVV95cUxQQ0pGSFZJSVB3NlVQbFgtM215NG5aRkhDS1ctWk5tbWd2cjNoeU43MUV5Z3EwN3NIallfUk5lc0Qxb3JsMEZ0OG13b0NxZWhYdjFIakNabVFoV1I0WC1MdjZRdVRnUHphR00zVkRSYkVWOTdSVDYwQXZxM3VkWm5nMFFyTkVxWnc4TTdUbHhxMlBCN1duQklVTXRJSHhQc0lwbGw3V1RYYWIzaGIxdlo4Sll4bEFKQlZ6RnA4UjJTc1RRWWVvb0E4Q9IByAFBVV95cUxOX00tOEZVN0w2MUlUc0JUVm9sZkdkTV93d2ZJX0M5THVobVFxWlltdHVvTU43amZxWWxtWUNEcHRxVVc2eUxOT3k5Mnp5SkdVUjkxNGNvd2RxaEdSVGFTbGgwMTRnU1g3Q2tvakNwNkF0TmpoMGRzWnh0T1dERExTTTdQMzc3YTczNmFRbVJTNnhteVFHYy1PclNnd09weGJ0b3hURkVmUUlqTDFkQUNkaUlEQ0hOcDhKUDVfNnRwdm1QNUE2ZTdKVQ?oc=5"" target=""_blank"">Perbandingan Nilai Ringgit, Rupiah, dan Kekuatan Paspor Malaysia Vs Indonesia</a>&nbsp;&nbsp;<font color=""#6f6f6f"">Kompas.com</font>",https://news.google.com/rss/articles/CBMiyAFBVV95cUxQQ0pGSFZJSVB3NlVQbFgtM215NG5aRkhDS1ctWk5tbWd2cjNoeU43MUV5Z3EwN3NIallfUk5lc0Qxb3JsMEZ0OG13b0NxZWhYdjFIakNabVFoV1I0WC1MdjZRdVRnUHphR00zVkRSYkVWOTdSVDYwQXZxM3VkWm5nMFFyTkVxWnc4TTdUbHhxMlBCN1duQklVTXRJSHhQc0lwbGw3V1RYYWIzaGIxdlo4Sll4bEFKQlZ6RnA4UjJTc1RRWWVvb0E4Q9IByAFBVV95cUxOX00tOEZVN0w2MUlUc0JUVm9sZkdkTV93d2ZJX0M5THVobVFxWlltdHVvTU43amZxWWxtWUNEcHRxVVc2eUxOT3k5Mnp5SkdVUjkxNGNvd2RxaEdSVGFTbGgwMTRnU1g3Q2tvakNwNkF0TmpoMGRzWnh0T1dERExTTTdQMzc3YTczNmFRbVJTNnhteVFHYy1PclNnd09weGJ0b3hURkVmUUlqTDFkQUNkaUlEQ0hOcDhKUDVfNnRwdm1QNUE2ZTdKVQ?oc=5,2026-06-02 12:15:00,Kompas.com
195,"Rupiah Melemah, Purbaya Yakin Tekanan Akan Mereda dalam Beberapa Bulan - Kompas.com","<a href=""https://news.google.com/rss/articles/CBMivAFBVV95cUxOUnF3eWYxQ0NBeXpRYUNtTmE4QzlUZTNZaktvZk1wUG9RQUJnWFFwc2FCUGhQMlRmSk5TNl8zaG9mTl84b2lqNlF6eWhEMFpweWN4QzdmSVA1c21zN2wxb3d5UHc3bXplQkRNLTZfbFA1WGcyODlpRVNZOG0tcVBZNDhJY1FCbmlrMzNjMUpTeUh5NkhXQVhwR1llZldMNFlTNUJmT3RfTUIyc3VKRzZLOVlEQVRuYmtIdkttdg?oc=5"" target=""_blank"">Rupiah Melemah, Purbaya Yakin Tekanan Akan Mereda dalam Beberapa Bulan</a>&nbsp;&nbsp;<font color=""#6f6f6f"">Kompas.com</font>",https://news.google.com/rss/articles/CBMivAFBVV95cUxOUnF3eWYxQ0NBeXpRYUNtTmE4QzlUZTNZaktvZk1wUG9RQUJnWFFwc2FCUGhQMlRmSk5TNl8zaG9mTl84b2lqNlF6eWhEMFpweWN4QzdmSVA1c21zN2wxb3d5UHc3bXplQkRNLTZfbFA1WGcyODlpRVNZOG0tcVBZNDhJY1FCbmlrMzNjMUpTeUh5NkhXQVhwR1llZldMNFlTNUJmT3RfTUIyc3VKRzZLOVlEQVRuYmtIdkttdg?oc=5,2026-05-31 09:58:00,Kompas.com
196,"Trik Cerdas Kapal-kapal untuk Lewati Selat Hormuz, Ada Campur Tangan Militer AS - Kompas.com","<a href=""https://news.google.com/rss/articles/CBMixAFBVV95cUxPNGxFMEFQb2pseE81cVdaT3lqWnd4LTRYZzIxVWY1cFdKSV9kTU8tWElKdURXSndYT2tHaElHeWxKUU1WWUZieTA1OHdjSWFiaHo3RnYzY2Z4bmFCYVBnYWlKbnpiMHVqc3ZlV0taeVEteWdVYTRRRmNwRTlvd3dQaW9xWkEyYnV4TjVqQng0YS1ieHBYUXZ4MXROdlRwc2w3czE2MGlyT0FnTllJcWV0aFFaQmFnN25iX0djVVdqcThiVWpu?oc=5"" target=""_blank"">Trik Cerdas Kapal-kapal untuk Lewati Selat Hormuz, Ada Campur Tangan Militer AS</a>&nbsp;&nbsp;<font color=""#6f6f6f"">Kompas.com</font>",https://news.google.com/rss/articles/CBMixAFBVV95cUxPNGxFMEFQb2pseE81cVdaT3lqWnd4LTRYZzIxVWY1cFdKSV9kTU8tWElKdURXSndYT2tHaElHeWxKUU1WWUZieTA1OHdjSWFiaHo3RnYzY2Z4bmFCYVBnYWlKbnpiMHVqc3ZlV0taeVEteWdVYTRRRmNwRTlvd3dQaW9xWkEyYnV4TjVqQng0YS1ieHBYUXZ4MXROdlRwc2w3czE2MGlyT0FnTllJcWV0aFFaQmFnN25iX0djVVdqcThiVWpu?oc=5,2026-05-31 09:30:00,Kompas.com
197,"Jadwal KA Kuala Stabas Rute Tanjungkarang-Baturaja PP 2026, Segini Harga Tiketnya - Kompas.com","<a href=""https://news.google.com/rss/articles/CBMixwFBVV95cUxQNVR3LW55Rjk5dmZXX1lYbHliQXBHWV92U2lfMVBNVVlmeTJJR3B5R1hYTUJlTjBLR3VMVUkxV2pyLUNKVy1rcVFudUlrZFRIRWhaWllHbUZfQ1JQTXExb1hJSGFwRXV5OTh2R0Q2b3ZxREVRSFp6Z1h2NTlvLTlta2ZTUTZRZFBzMWNoZVF2S00xaGtZb2c0ZHBKUnlqZkV3cDFnUldLM0EzbFRTejZxZVZyZm9QMTlneEMzVTE3UHpuamdpQ0JB?oc=5"" target=""_blank"">Jadwal KA Kuala Stabas Rute Tanjungkarang-Baturaja PP 2026, Segini Harga Tiketnya</a>&nbsp;&nbsp;<font color=""#6f6f6f"">Kompas.com</font>",https://news.google.com/rss/articles/CBMixwFBVV95cUxQNVR3LW55Rjk5dmZXX1lYbHliQXBHWV92U2lfMVBNVVlmeTJJR3B5R1hYTUJlTjBLR3VMVUkxV2pyLUNKVy1rcVFudUlrZFRIRWhaWllHbUZfQ1JQTXExb1hJSGFwRXV5OTh2R0Q2b3ZxREVRSFp6Z1h2NTlvLTlta2ZTUTZRZFBzMWNoZVF2S00xaGtZb2c0ZHBKUnlqZkV3cDFnUldLM0EzbFRTejZxZVZyZm9QMTlneEMzVTE3UHpuamdpQ0JB?oc=5,2026-06-03 10:00:00,Kompas.com
198,Prabowo pada Hari Lahir Pancasila: Kita Harus Berani Membela Rakyat - Kompas.com,"<a href=""https://news.google.com/rss/articles/CBMiuwFBVV95cUxPdGY5UUxVTk1SMVF2Tjl6ZU5nOHVMRjhtNUtKNUhGVldiSVRlTkpLbGRiVWhha0VlNk45aEJuUHYtME96RTFfSWxDdkNzc2Z2RjE4NEJiMG50cVd2cWF5cVkzT2RXTUpLTlhHck5fTkswNnRGWU03SVhxd2d2UFVnZlJZQ0J3UktIbFRvcElOQWdXeWtrMjFSMFU5dGRXYXVSMExxUTd6SkZQaHlmOWVmOUtLY2ZGVDRtZDZB?oc=5"" target=""_blank"">Prabowo pada Hari Lahir Pancasila: Kita Harus Berani Membela Rakyat</a>&nbsp;&nbsp;<font color=""#6f6f6f"">Kompas.com</font>",https://news.google.com/rss/articles/CBMiuwFBVV95cUxPdGY5UUxVTk1SMVF2Tjl6ZU5nOHVMRjhtNUtKNUhGVldiSVRlTkpLbGRiVWhha0VlNk45aEJuUHYtME96RTFfSWxDdkNzc2Z2RjE4NEJiMG50cVd2cWF5cVkzT2RXTUpLTlhHck5fTkswNnRGWU03SVhxd2d2UFVnZlJZQ0J3UktIbFRvcElOQWdXeWtrMjFSMFU5dGRXYXVSMExxUTd6SkZQaHlmOWVmOUtLY2ZGVDRtZDZB?oc=5,2026-06-01 06:02:00,Kompas.com
199,"Intel Rusia Dilaporkan Makin Agresif Curi Teknologi Barat, Eropa Ungkap Modusnya - Kompas.com","<a href=""https://news.google.com/rss/articles/CBMiyAFBVV95cUxPVl82Y250NUZyVzRUcjhpTlExcUN2eGNlRHdXUlJrbHYtX25SUnc2blVRdFNqRVhHcUF6VVk1VW5vd3o4MF9KeUxKMEJVU2tzelQzRVVWUjRFM1FiUDRGbUVPT3dISUhSeFNqeFRvc1pPSVVxUy1WckMzT09uaVlHZnlZWF9MWnZ3T1BValU0eGZ4OTlra0V1Q3B2TURkTXlVdWtvWVR3Z3M5U1NrR184RFl1RFVoOUU2dTBiMjVVMGZ4YU53cjNFSA?oc=5"" target=""_blank"">Intel Rusia Dilaporkan Makin Agresif Curi Teknologi Barat, Eropa Ungkap Modusnya</a>&nbsp;&nbsp;<font color=""#6f6f6f"">Kompas.com</font>",https://news.google.com/rss/articles/CBMiyAFBVV95cUxPVl82Y250NUZyVzRUcjhpTlExcUN2eGNlRHdXUlJrbHYtX25SUnc2blVRdFNqRVhHcUF6VVk1VW5vd3o4MF9KeUxKMEJVU2tzelQzRVVWUjRFM1FiUDRGbUVPT3dISUhSeFNqeFRvc1pPSVVxUy1WckMzT09uaVlHZnlZWF9MWnZ3T1BValU0eGZ4OTlra0V1Q3B2TURkTXlVdWtvWVR3Z3M5U1NrR184RFl1RFVoOUU2dTBiMjVVMGZ4YU53cjNFSA?oc=5,2026-06-03 06:29:00,Kompas.com
200,"Foto : Intel Rusia Dilaporkan Makin Agresif Curi Teknologi Barat, Eropa Ungkap Modusnya - Kompas.com","<a href=""https://news.google.com/rss/articles/CBMiygFBVV95cUxPUVlBN1YzbXZZVFNDbVp1eGhiMTdQUzZQanhyX0hBZVpad3o0SGJtbUhIZU9JVHZsSDhtbEZ6Q0gzM211YVduOWc0STlMd1hXSTBsSkg4aTdyX25OS2JzZ0JrSUFvUWE5X3RMaG45QzhGWmVjRmJlbFcxc2EzcXFTd0xyOC1HSWRVMUFqRmg3WURiMDktaHEtd0RWazA2U1pEd1puTkl5ZjR4d1lqMVNRaTFPMHVJa09pY05STDBSQkNIY0NZbG41Yk5R?oc=5"" target=""_blank"">Foto : Intel Rusia Dilaporkan Makin Agresif Curi Teknologi Barat, Eropa Ungkap Modusnya</a>&nbsp;&nbsp;<font color=""#6f6f6f"">Kompas.com</font>",https://news.google.com/rss/articles/CBMiygFBVV95cUxPUVlBN1YzbXZZVFNDbVp1eGhiMTdQUzZQanhyX0hBZVpad3o0SGJtbUhIZU9JVHZsSDhtbEZ6Q0gzM211YVduOWc0STlMd1hXSTBsSkg4aTdyX25OS2JzZ0JrSUFvUWE5X3RMaG45QzhGWmVjRmJlbFcxc2EzcXFTd0xyOC1HSWRVMUFqRmg3WURiMDktaHEtd0RWazA2U1pEd1puTkl5ZjR4d1lqMVNRaTFPMHVJa09pY05STDBSQkNIY0NZbG41Yk5R?oc=5,2026-06-03 08:58:25,Kompas.com
201,"Transformasi Adahi Kelola Kurban dan Dam Berbasis Teknologi, Potong Kambing Cuma 7 Menit - Kompas.com","<a href=""https://news.google.com/rss/articles/CBMi0gFBVV95cUxObkQ4X3JVc00yM3J5OVZxVllCYjAzMWNIYUo5QzVwdHhnYVFMcVlhSzZDN2prNmFBdl83cXJKanJUUVFzX2hPeGhJczc4RkQtQ3dHZlBYaThMcHcwZnU5M3VkdXo5dnlROEMxTWdwMjN6a1hkb0ZkbC0xc1R3TmdjVkdLN1ZRc3h1Yng0TlBRaTJ6M2xrOWNaZzUtOTJHY3dtVWFCdGNydTl4NW5HLUNidGdLWHpmSXU3VGJPN0ozY19WWV9RMmtlNjM3WW16WFpTeFE?oc=5"" target=""_blank"">Transformasi Adahi Kelola Kurban dan Dam Berbasis Teknologi, Potong Kambing Cuma 7 Menit</a>&nbsp;&nbsp;<font color=""#6f6f6f"">Kompas.com</font>",https://news.google.com/rss/articles/CBMi0gFBVV95cUxObkQ4X3JVc00yM3J5OVZxVllCYjAzMWNIYUo5QzVwdHhnYVFMcVlhSzZDN2prNmFBdl83cXJKanJUUVFzX2hPeGhJczc4RkQtQ3dHZlBYaThMcHcwZnU5M3VkdXo5dnlROEMxTWdwMjN6a1hkb0ZkbC0xc1R3TmdjVkdLN1ZRc3h1Yng0TlBRaTJ6M2xrOWNaZzUtOTJHY3dtVWFCdGNydTl4NW5HLUNidGdLWHpmSXU3VGJPN0ozY19WWV9RMmtlNjM3WW16WFpTeFE?oc=5,2026-06-03 06:25:00,Kompas.com
202,Thoughtworks dan NBS Dorong Modernisasi Sistem Perusahaan Menggunakan AI di Indonesia - Kompas.com,"<a href=""https://news.google.com/rss/articles/CBMi6wFBVV95cUxOUGZfZFpabmxXRmZKbm04MnVJZ1FpWUN3UFlhRXZZWkxDWFpaMmNLS3I3dnVpY3FuMEV6VnVRWWM1cW4tRTh0cTJIRmppTGJ4OEZWOGhyMGFlZGo1U0NvU1Q1V3QwMVd6d1FaOEhjTHJvQmpNNnZJcFhZY0RubGtCTC1ZUjVFRy1GNndFRGJpTmFabFpmR2hiRTUxTEVLYlFsUHR5YURjZURqdmIwQ2FkbUdsZGc5bEFIaDRfM0xWZkp5cl8yelpCNEowNko1ckNYc19sdmszM3BCaFJuLUY1bEhCNWRpRi1KcnRv?oc=5"" target=""_blank"">Thoughtworks dan NBS Dorong Modernisasi Sistem Perusahaan Menggunakan AI di Indonesia</a>&nbsp;&nbsp;<font color=""#6f6f6f"">Kompas.com</font>",https://news.google.com/rss/articles/CBMi6wFBVV95cUxOUGZfZFpabmxXRmZKbm04MnVJZ1FpWUN3UFlhRXZZWkxDWFpaMmNLS3I3dnVpY3FuMEV6VnVRWWM1cW4tRTh0cTJIRmppTGJ4OEZWOGhyMGFlZGo1U0NvU1Q1V3QwMVd6d1FaOEhjTHJvQmpNNnZJcFhZY0RubGtCTC1ZUjVFRy1GNndFRGJpTmFabFpmR2hiRTUxTEVLYlFsUHR5YURjZURqdmIwQ2FkbUdsZGc5bEFIaDRfM0xWZkp5cl8yelpCNEowNko1ckNYc19sdmszM3BCaFJuLUY1bEhCNWRpRi1KcnRv?oc=5,2026-06-03 05:15:00,Kompas.com
203,"Ulas Kabin Xpeng G6, Minimalis Fungsional Penuh Teknologi - Kompas.com","<a href=""https://news.google.com/rss/articles/CBMirwFBVV95cUxNbXc3TTR1UmN4UmNXaWZCYVozNnlfMGVWVndYQnBmcS1qRXBpTHFhYnFxSGVnajZjQjR2bTBITGNZU3QwVDRrXy1JajhKYURoSmUzeE5Dalh1ajd6Q1ByOWNZV3g4MWh0eXFyM1RFSFZ5TXF6aGJsNlpNT25pclNCN3kxemFiR1lEN0ZsUmtvbkFhaVdUYTBVMk5KZmdIZkZxR3V4Uy1UNkFaTFNZZ1hV?oc=5"" target=""_blank"">Ulas Kabin Xpeng G6, Minimalis Fungsional Penuh Teknologi</a>&nbsp;&nbsp;<font color=""#6f6f6f"">Kompas.com</font>",https://news.google.com/rss/articles/CBMirwFBVV95cUxNbXc3TTR1UmN4UmNXaWZCYVozNnlfMGVWVndYQnBmcS1qRXBpTHFhYnFxSGVnajZjQjR2bTBITGNZU3QwVDRrXy1JajhKYURoSmUzeE5Dalh1ajd6Q1ByOWNZV3g4MWh0eXFyM1RFSFZ5TXF6aGJsNlpNT25pclNCN3kxemFiR1lEN0ZsUmtvbkFhaVdUYTBVMk5KZmdIZkZxR3V4Uy1UNkFaTFNZZ1hV?oc=5,2026-06-03 06:21:00,Kompas.com
204,"Potensi Lobster RI Melimpah, tapi Teknologi hingga Infrastruktur Belum Memadai - Kompas.com","<a href=""https://news.google.com/rss/articles/CBMivwFBVV95cUxPaDY4VVI1WE02VnJmMkIyandLcllCdnVvbl9zX202SS1pMFJyTEk0VFJXdmo2c3F4Um85Z2xpbTJtbWpkTUVIVmdvMGVKZlNEWEt6V29Bb0RxT2w1cTFhN0ltSXJWVzV5Q29yUGJ6LXZPVXU0NU13V1c3M2JtX3JxRVkxaUlicXlZV2ZpY2tmSlhBYU1NV1ZNN3B6REFWcUdoUm5HWEl1WU50aE9TQW9JeUJXNzhLZkpnaFBZNkpMMA?oc=5"" target=""_blank"">Potensi Lobster RI Melimpah, tapi Teknologi hingga Infrastruktur Belum Memadai</a>&nbsp;&nbsp;<font color=""#6f6f6f"">Kompas.com</font>",https://news.google.com/rss/articles/CBMivwFBVV95cUxPaDY4VVI1WE02VnJmMkIyandLcllCdnVvbl9zX202SS1pMFJyTEk0VFJXdmo2c3F4Um85Z2xpbTJtbWpkTUVIVmdvMGVKZlNEWEt6V29Bb0RxT2w1cTFhN0ltSXJWVzV5Q29yUGJ6LXZPVXU0NU13V1c3M2JtX3JxRVkxaUlicXlZV2ZpY2tmSlhBYU1NV1ZNN3B6REFWcUdoUm5HWEl1WU50aE9TQW9JeUJXNzhLZkpnaFBZNkpMMA?oc=5,2026-06-02 10:44:00,Kompas.com
205,"Foto : Potensi Lobster RI Melimpah, tapi Teknologi hingga Infrastruktur Belum Memadai Halaman 1 - Kompas.com","<a href=""https://news.google.com/rss/articles/CBMiygFBVV95cUxNLWpCc2tkMlRQN0drVEdBaUJ5dXJtX0pkTXFxVmhQNkhwc2VVX2JsWTl2T0xzVC1KU3V3aVJTcGpZdWNFeFdvN0lDUkg4Y2t4R3ljWG00S2M1S1ZSdzRKM3RxVnFfQWx4MFFocEVZUTJOcmFvd005NTNYS3lYV3lPNGlDMW8zdlVYWUxTZzlodXBjRUNKS2k1a3NEdUxGelE4c1M3aGFmSWtiNHVZT0QtZXpscUpzcWpQTEFBVDROUkFpakhFcVF5Vk53?oc=5"" target=""_blank"">Foto : Potensi Lobster RI Melimpah, tapi Teknologi hingga Infrastruktur Belum Memadai Halaman 1</a>&nbsp;&nbsp;<font color=""#6f6f6f"">Kompas.com</font>",https://news.google.com/rss/articles/CBMiygFBVV95cUxNLWpCc2tkMlRQN0drVEdBaUJ5dXJtX0pkTXFxVmhQNkhwc2VVX2JsWTl2T0xzVC1KU3V3aVJTcGpZdWNFeFdvN0lDUkg4Y2t4R3ljWG00S2M1S1ZSdzRKM3RxVnFfQWx4MFFocEVZUTJOcmFvd005NTNYS3lYV3lPNGlDMW8zdlVYWUxTZzlodXBjRUNKS2k1a3NEdUxGelE4c1M3aGFmSWtiNHVZT0QtZXpscUpzcWpQTEFBVDROUkFpakhFcVF5Vk53?oc=5,2026-06-02 11:20:33,Kompas.com
206,Toyota Vios Hybrid | Dari Mantan Taksi Menuju Teknologi Hybrid | TEST DRIVE - Kompas.com,"<a href=""https://news.google.com/rss/articles/CBMisgFBVV95cUxPMDMyTXQxWVhzS2FLUko3MmZ3NUtTeDVGZDh4NXRzZUp0c3ZYakFSQjdEamF6VExKektBalo3VmxyRldLMTBWeExXcmlRZUp5QTF5TERORE5TY0RVZ2F5TjRLSkRzU29HVlo3NjVQUjZ0WWZCcUVXYUx6bnN1ZzZ6RkhtdDRWdndNMFpzQ3IwcUhJU3dQa2lfWllpSDRkbnZSQzktWkE0X0RJTFJubzZ4NHln?oc=5"" target=""_blank"">Toyota Vios Hybrid | Dari Mantan Taksi Menuju Teknologi Hybrid | TEST DRIVE</a>&nbsp;&nbsp;<font color=""#6f6f6f"">Kompas.com</font>",https://news.google.com/rss/articles/CBMisgFBVV95cUxPMDMyTXQxWVhzS2FLUko3MmZ3NUtTeDVGZDh4NXRzZUp0c3ZYakFSQjdEamF6VExKektBalo3VmxyRldLMTBWeExXcmlRZUp5QTF5TERORE5TY0RVZ2F5TjRLSkRzU29HVlo3NjVQUjZ0WWZCcUVXYUx6bnN1ZzZ6RkhtdDRWdndNMFpzQ3IwcUhJU3dQa2lfWllpSDRkbnZSQzktWkE0X0RJTFJubzZ4NHln?oc=5,2026-06-02 09:13:11,Kompas.com
207,"40 Tahun Elex Media: Memeluk Teknologi, Menerbangkan Imajinasi - Kompas.com","<a href=""https://news.google.com/rss/articles/CBMiggJBVV95cUxPMWNUVlhrNk1aN2QtTU5qQUMtU0hDdDMxZ3FVZzk0Uy04M05rd011MW1WRlVwbWpwRTQ2elBXQU9yX0U5QVF2UzBheTdPVmdvYjRRUmc2Smc4ejlTVjd5cWRyVXFTWF9ET2lnWERrYTcwQ3BsRkh2VFQ5VThTTmo0ZEFXMDZ2RGYzTDdyTVY1RmVHSW9CQ1U4ZTE3SVBvSFo4MzFZRVdkVkUzM19tY0FQOEtkQWc4dDNsVE9MOWpYckxuOTZFS0d5YUkzdFdJS1lqTUpta09FNnp6Yk5vTW9BdzlLUjJzY05JR1hzS0M1dkpSVGd6Y183QzFackRydjBSTWc?oc=5"" target=""_blank"">40 Tahun Elex Media: Memeluk Teknologi, Menerbangkan Imajinasi</a>&nbsp;&nbsp;<font color=""#6f6f6f"">Kompas.com</font>",https://news.google.com/rss/articles/CBMiggJBVV95cUxPMWNUVlhrNk1aN2QtTU5qQUMtU0hDdDMxZ3FVZzk0Uy04M05rd011MW1WRlVwbWpwRTQ2elBXQU9yX0U5QVF2UzBheTdPVmdvYjRRUmc2Smc4ejlTVjd5cWRyVXFTWF9ET2lnWERrYTcwQ3BsRkh2VFQ5VThTTmo0ZEFXMDZ2RGYzTDdyTVY1RmVHSW9CQ1U4ZTE3SVBvSFo4MzFZRVdkVkUzM19tY0FQOEtkQWc4dDNsVE9MOWpYckxuOTZFS0d5YUkzdFdJS1lqTUpta09FNnp6Yk5vTW9BdzlLUjJzY05JR1hzS0M1dkpSVGd6Y183QzFackRydjBSTWc?oc=5,2026-06-02 15:20:15,Kompas.com
208,Indonesia-Arab Saudi Sepakati Penguatan Koordinasi dan Teknologi untuk Lindungi Jemaah Haji - Kompas.com,"<a href=""https://news.google.com/rss/articles/CBMiwAFBVV95cUxObjA5SW04N2hBd0xDRFY2SHM1QUFGRld3UUdvZ1EzV24tTzJOMW85MFlpT0RQTzBBZHk2VFVvOFpyd2FZMlYwOUFuS1BmVFhoVlY3QXZIeTRzRXhUNG1ZMURXeF9nWTZpckpZdExhWFhtVnpRS1p3cnB4QXp1UVZJVzE5cjNxeUdsU2tUR0N5clF5T1VXa1dfd2xIRGxRTWRsV3doODBpZnM4QjBGVWhpM1V3T0xvZkZ0aWFXalZ4TUM?oc=5"" target=""_blank"">Indonesia-Arab Saudi Sepakati Penguatan Koordinasi dan Teknologi untuk Lindungi Jemaah Haji</a>&nbsp;&nbsp;<font color=""#6f6f6f"">Kompas.com</font>",https://news.google.com/rss/articles/CBMiwAFBVV95cUxObjA5SW04N2hBd0xDRFY2SHM1QUFGRld3UUdvZ1EzV24tTzJOMW85MFlpT0RQTzBBZHk2VFVvOFpyd2FZMlYwOUFuS1BmVFhoVlY3QXZIeTRzRXhUNG1ZMURXeF9nWTZpckpZdExhWFhtVnpRS1p3cnB4QXp1UVZJVzE5cjNxeUdsU2tUR0N5clF5T1VXa1dfd2xIRGxRTWRsV3doODBpZnM4QjBGVWhpM1V3T0xvZkZ0aWFXalZ4TUM?oc=5,2026-06-02 02:57:00,Kompas.com
209,"Polri: Tantangan Haji Ke Depan Bukan Hanya Soal Pelayanan, tetapi Juga Edukasi dan Teknologi - Kompas.com","<a href=""https://news.google.com/rss/articles/CBMiyAFBVV95cUxQTXZWVVAtWnU2V0lYYTRQVzl4VzRIaGV4QlVDLUxvYU9ILWNhZ0VueXR3cmd0Um5VbV8zczdxcHlSNlZqTFZzVEtlNVFWNWQ4YzhpN0pRMGxSNG8zazUwMHk2OGowLVlpMXFZemp2RkNscnhXVkdXTEI3LWFseVVoWTQtSVRoSHlWMTQyZ014eHJjeFR1emszbmdkSkVIRU1DWTR3OU5NdDNjcTFWNnBnd2xIbVZyR1JPNnJQT0M4MU9wbVhTWlZhTA?oc=5"" target=""_blank"">Polri: Tantangan Haji Ke Depan Bukan Hanya Soal Pelayanan, tetapi Juga Edukasi dan Teknologi</a>&nbsp;&nbsp;<font color=""#6f6f6f"">Kompas.com</font>",https://news.google.com/rss/articles/CBMiyAFBVV95cUxQTXZWVVAtWnU2V0lYYTRQVzl4VzRIaGV4QlVDLUxvYU9ILWNhZ0VueXR3cmd0Um5VbV8zczdxcHlSNlZqTFZzVEtlNVFWNWQ4YzhpN0pRMGxSNG8zazUwMHk2OGowLVlpMXFZemp2RkNscnhXVkdXTEI3LWFseVVoWTQtSVRoSHlWMTQyZ014eHJjeFR1emszbmdkSkVIRU1DWTR3OU5NdDNjcTFWNnBnd2xIbVZyR1JPNnJQT0M4MU9wbVhTWlZhTA?oc=5,2026-06-02 02:17:00,Kompas.com
210,Imigrasi Soekarno-Hatta Percepat Kepulangan Jamaah Haji dengan Teknologi SCG - Cahaya Kompas,"<a href=""https://news.google.com/rss/articles/CBMiwgFBVV95cUxQVzlPVHFkb0VMajROWjJQUWFJNnBpNC1hMXRnYTRiRUlOdjBxZVg1ZEY1UElwdHo3NlhMTFRoQTdfWGtEZ2RFVVZ2cHBnYW93RUtfZmIzeVJGSmZ4REJYREQ2ZUttZXk1QUtsNWltblVoVDRhYWZCaHJZaUlrWUFoTDFLZUNJdXhOdU5NSU9hQ1JzWE1lak9ld01NMWE0c1MzZFFwWkdWQms5TkZjS3MzS2YzMEt3OHRvOWVnUWtRdnR3Zw?oc=5"" target=""_blank"">Imigrasi Soekarno-Hatta Percepat Kepulangan Jamaah Haji dengan Teknologi SCG</a>&nbsp;&nbsp;<font color=""#6f6f6f"">Cahaya Kompas</font>",https://news.google.com/rss/articles/CBMiwgFBVV95cUxQVzlPVHFkb0VMajROWjJQUWFJNnBpNC1hMXRnYTRiRUlOdjBxZVg1ZEY1UElwdHo3NlhMTFRoQTdfWGtEZ2RFVVZ2cHBnYW93RUtfZmIzeVJGSmZ4REJYREQ2ZUttZXk1QUtsNWltblVoVDRhYWZCaHJZaUlrWUFoTDFLZUNJdXhOdU5NSU9hQ1JzWE1lak9ld01NMWE0c1MzZFFwWkdWQms5TkZjS3MzS2YzMEt3OHRvOWVnUWtRdnR3Zw?oc=5,2026-06-03 08:55:00,Kompas.com
211,Foto : Australia Pertimbangkan Teknologi Penghenti Penerima Sinyal Ponsel di Mobil Halaman 1 - Kompas.com,"<a href=""https://news.google.com/rss/articles/CBMizAFBVV95cUxQcHp0VmIzUVBRMjhaanFSRW5jQjlLS1cwaXM4TGxEOExmLXJ4cXoxaWlqSmhFcS16c1B3MUFoMzU5UTJtMWxSUmhkcEJYeFdfQnNpVjdmdVA5cl9pd2xleXhjNzAwUTdIX1RndV9VODgwQmxITkxhMGpONlM0bEZ0Q000NmptNWQyLTY0NHAxNGhwb29mb1FNMGxGLWpCUkJTRlcyZWtaNGJNZU4yOGg3N3VXZlo5c2xoM1RDSW1JNGRZM01KdGhSM3I0X0Y?oc=5"" target=""_blank"">Foto : Australia Pertimbangkan Teknologi Penghenti Penerima Sinyal Ponsel di Mobil Halaman 1</a>&nbsp;&nbsp;<font color=""#6f6f6f"">Kompas.com</font>",https://news.google.com/rss/articles/CBMizAFBVV95cUxQcHp0VmIzUVBRMjhaanFSRW5jQjlLS1cwaXM4TGxEOExmLXJ4cXoxaWlqSmhFcS16c1B3MUFoMzU5UTJtMWxSUmhkcEJYeFdfQnNpVjdmdVA5cl9pd2xleXhjNzAwUTdIX1RndV9VODgwQmxITkxhMGpONlM0bEZ0Q000NmptNWQyLTY0NHAxNGhwb29mb1FNMGxGLWpCUkJTRlcyZWtaNGJNZU4yOGg3N3VXZlo5c2xoM1RDSW1JNGRZM01KdGhSM3I0X0Y?oc=5,2012-11-25 08:00:00,Kompas.com
212,"Cara Bikin Visa Pekerja Teknologi Informasi Tertentu di Jepang, Ini Syaratnya - Kompas.com","<a href=""https://news.google.com/rss/articles/CBMixAFBVV95cUxQdGhpTS1RZ0NNdmlldno1TldwaXFSM3FES0EyeVJVRGI0aWZiZl9mZ1Q5OFdaSGJzUnhzTG54dlJRSFpFUnprNDdGQ09GN2xJZy03eFYyNEdrZERUWjFRbndWd04wQXZub1E1Um0wTngtVlh0QllkbzRoNkNFYXJlR1ZGTGJrWkhTVjJtTHRxRmNIbm56T1FvcUNfbHdDUkdPdS16R0hxbDI3WjJfZFVJdU5EbFY2TnlocDhrRnlwZTl2YlZI?oc=5"" target=""_blank"">Cara Bikin Visa Pekerja Teknologi Informasi Tertentu di Jepang, Ini Syaratnya</a>&nbsp;&nbsp;<font color=""#6f6f6f"">Kompas.com</font>",https://news.google.com/rss/articles/CBMixAFBVV95cUxQdGhpTS1RZ0NNdmlldno1TldwaXFSM3FES0EyeVJVRGI0aWZiZl9mZ1Q5OFdaSGJzUnhzTG54dlJRSFpFUnprNDdGQ09GN2xJZy03eFYyNEdrZERUWjFRbndWd04wQXZub1E1Um0wTngtVlh0QllkbzRoNkNFYXJlR1ZGTGJrWkhTVjJtTHRxRmNIbm56T1FvcUNfbHdDUkdPdS16R0hxbDI3WjJfZFVJdU5EbFY2TnlocDhrRnlwZTl2YlZI?oc=5,2026-06-01 04:22:21,Kompas.com
213,BYD M6 DM Vs Geely Starray EM-i: Adu Teknologi PHEV Terbaru - Kompas.com,"<a href=""https://news.google.com/rss/articles/CBMivwFBVV95cUxPWE41VHVnYV9ILVRQMThDYVdnQmo2Vm0tVHN4RUJVNjg3T0FLV3R3eDQwN3VPSG1TY1lWelBweFR3QnA0WVdaU3hKRzU4UDVBdEcxcHRqcW1ITjZUdmxCN0p1ekd0T2J2b1dBd0d0aVZmRkcwTjV5VkV5Z2NieFdtbTZWYlVkWmJiNktmVVlsTE4zcXI1N1ZaSlpnb0RVRHl1S0tvWXB1VTdKeUZtVGZMd3ZnYS1UaUQzU01qTDhLQQ?oc=5"" target=""_blank"">BYD M6 DM Vs Geely Starray EM-i: Adu Teknologi PHEV Terbaru</a>&nbsp;&nbsp;<font color=""#6f6f6f"">Kompas.com</font>",https://news.google.com/rss/articles/CBMivwFBVV95cUxPWE41VHVnYV9ILVRQMThDYVdnQmo2Vm0tVHN4RUJVNjg3T0FLV3R3eDQwN3VPSG1TY1lWelBweFR3QnA0WVdaU3hKRzU4UDVBdEcxcHRqcW1ITjZUdmxCN0p1ekd0T2J2b1dBd0d0aVZmRkcwTjV5VkV5Z2NieFdtbTZWYlVkWmJiNktmVVlsTE4zcXI1N1ZaSlpnb0RVRHl1S0tvWXB1VTdKeUZtVGZMd3ZnYS1UaUQzU01qTDhLQQ?oc=5,2026-06-01 01:02:00,Kompas.com
214,Iqbaal Ramadhan Bangga Monster Pabrik Rambut Jadi Film Horor Indonesia Pertama dengan Teknologi DFD - Kompas.com,"<a href=""https://news.google.com/rss/articles/CBMiwgFBVV95cUxPMmtLY1dwQWRTQjlSVHhOOFlHdHp4eElESnJyWWJWcmhoN3NvV3Vvc0FOUllHTUJTTzItM0FUQnA3b3pkRUZmenZ3WWsxcmFDdktJSDVYSjZCNy1fdk9rdVU2YzRzVXFJRTd6clA3a096bVRhS0xTVDd4TnpkNHB0bGJkUXZjdFJEaG5JdUxKSERwLUkyRjM1VVpvMTRXcTBaTTFKd3UyMVlwZUg2S1hDVWwyTldrM0VFNmh5WmQ3eHpSdw?oc=5"" target=""_blank"">Iqbaal Ramadhan Bangga Monster Pabrik Rambut Jadi Film Horor Indonesia Pertama dengan Teknologi DFD</a>&nbsp;&nbsp;<font color=""#6f6f6f"">Kompas.com</font>",https://news.google.com/rss/articles/CBMiwgFBVV95cUxPMmtLY1dwQWRTQjlSVHhOOFlHdHp4eElESnJyWWJWcmhoN3NvV3Vvc0FOUllHTUJTTzItM0FUQnA3b3pkRUZmenZ3WWsxcmFDdktJSDVYSjZCNy1fdk9rdVU2YzRzVXFJRTd6clA3a096bVRhS0xTVDd4TnpkNHB0bGJkUXZjdFJEaG5JdUxKSERwLUkyRjM1VVpvMTRXcTBaTTFKd3UyMVlwZUg2S1hDVWwyTldrM0VFNmh5WmQ3eHpSdw?oc=5,2026-05-31 13:13:00,Kompas.com
215,"Fenomena “AI Psychosis” Muncul, Bos Teknologi Jadi Sorotan - Kompas.com","<a href=""https://news.google.com/rss/articles/CBMiqAFBVV95cUxQdllNeXhPbXhYdTVIbHVLdU42bXlPeGJ5ckpjU1U3bkZpYzhOTFJzcWtncXJIdWJiYk90eExST21IUFpLSGFhOGJzYUtIZGEyOUR1S2xIR0tZajJzd2lOZTh5Tk1qR05mM0NBb0x6T0JqQ3NreURrV1NERUJidWpyQzljYXA0dkNQVWstLUk3Skl3TkN4dW94V05ETmRuUWprSS0wM21LTDE?oc=5"" target=""_blank"">Fenomena “AI Psychosis” Muncul, Bos Teknologi Jadi Sorotan</a>&nbsp;&nbsp;<font color=""#6f6f6f"">Kompas.com</font>",https://news.google.com/rss/articles/CBMiqAFBVV95cUxQdllNeXhPbXhYdTVIbHVLdU42bXlPeGJ5ckpjU1U3bkZpYzhOTFJzcWtncXJIdWJiYk90eExST21IUFpLSGFhOGJzYUtIZGEyOUR1S2xIR0tZajJzd2lOZTh5Tk1qR05mM0NBb0x6T0JqQ3NreURrV1NERUJidWpyQzljYXA0dkNQVWstLUk3Skl3TkN4dW94V05ETmRuUWprSS0wM21LTDE?oc=5,2026-06-01 07:05:00,Kompas.com
216,"Mengenal Digital Leadership, Kepemimpinan Berbasis Teknologi dan Informasi Digital - Kompas.com","<a href=""https://news.google.com/rss/articles/CBMioAJBVV95cUxOM1FrVTVMV0JNYjRCaGRodXI3bFg1aERpaGNxY0RILVRFalhsR2JSQWZWbk9fc2lkam9HVU9hcWlNZlBjWGxQSlRDNXFnMGpPUGFYT2xBSktTTHUxcEZnQ09RVm5DcExfdjQzeHY3RUlZcjM0cjQwTDk0UG9BMG1sMzRTZGQwVlMxY3V6S2lSblJ0clZFbTBVaUtYa1A0X3BqRXJyV0JYM3pHR0tFTVdnckdSWDQ5cE0wRWtleklRYW5yS1pDam5JcGJLT3MzM3pNVmkzMzlEZFJJM0FCd3hFTS1scTFIWFFyTExDWEF2aVpnTE93UzZCdXRmSVVCY2xGWjdUbVBNWFlHMmRQRFNFTFpYS3RyYTBBZzhZV0FFaks?oc=5"" target=""_blank"">Mengenal Digital Leadership, Kepemimpinan Berbasis Teknologi dan Informasi Digital</a>&nbsp;&nbsp;<font color=""#6f6f6f"">Kompas.com</font>",https://news.google.com/rss/articles/CBMioAJBVV95cUxOM1FrVTVMV0JNYjRCaGRodXI3bFg1aERpaGNxY0RILVRFalhsR2JSQWZWbk9fc2lkam9HVU9hcWlNZlBjWGxQSlRDNXFnMGpPUGFYT2xBSktTTHUxcEZnQ09RVm5DcExfdjQzeHY3RUlZcjM0cjQwTDk0UG9BMG1sMzRTZGQwVlMxY3V6S2lSblJ0clZFbTBVaUtYa1A0X3BqRXJyV0JYM3pHR0tFTVdnckdSWDQ5cE0wRWtleklRYW5yS1pDam5JcGJLT3MzM3pNVmkzMzlEZFJJM0FCd3hFTS1scTFIWFFyTExDWEF2aVpnTE93UzZCdXRmSVVCY2xGWjdUbVBNWFlHMmRQRFNFTFpYS3RyYTBBZzhZV0FFaks?oc=5,2026-05-31 20:05:21,Kompas.com
217,"Sony Rilis TV Bravia 9 II dan Bravia 7 II dengan Teknologi ""True RGB"" - Kompas.com","<a href=""https://news.google.com/rss/articles/CBMiugFBVV95cUxPNENWekdWWE0xUnJIaFdPaTdqM2VWV2hqWmRUY1VFZTBRQTNkUE1KeUFFUzhwcnlvNjQ5Mlo1dVotczFGVGIwTXd2WTllM3lfZVhnMjQtTXV1Vi0xZUgxZEFwcXoxeWczV3EzUzY3blJQUE52WDNabmtKOGdKUzRrQ1ZFbV9pdS11M3FrbHVubENDVzg3eHhWS2ZtcjR4NllEYkQ3TmxIUThYUmlOVWF4b1MzdGMyS2JVWFE?oc=5"" target=""_blank"">Sony Rilis TV Bravia 9 II dan Bravia 7 II dengan Teknologi ""True RGB""</a>&nbsp;&nbsp;<font color=""#6f6f6f"">Kompas.com</font>",https://news.google.com/rss/articles/CBMiugFBVV95cUxPNENWekdWWE0xUnJIaFdPaTdqM2VWV2hqWmRUY1VFZTBRQTNkUE1KeUFFUzhwcnlvNjQ5Mlo1dVotczFGVGIwTXd2WTllM3lfZVhnMjQtTXV1Vi0xZUgxZEFwcXoxeWczV3EzUzY3blJQUE52WDNabmtKOGdKUzRrQ1ZFbV9pdS11M3FrbHVubENDVzg3eHhWS2ZtcjR4NllEYkQ3TmxIUThYUmlOVWF4b1MzdGMyS2JVWFE?oc=5,2026-06-01 03:01:00,Kompas.com
218,BYD M6 DM Vs Geely Starray EM-i: Adu Teknologi PHEV Terbaru Halaman 3 - Kompas.com,"<a href=""https://news.google.com/rss/articles/CBMivgFBVV95cUxQTng1ay1CWV9GbmpxUEhfTTk5aU9XRWxESHpvS1Y5R244cUFvdHdRMk1nLVg3TzhPX1ozWVZ1dVJvVGs3YzNHNXpmRHk4amNOcWp2eFk4THI5QXBMemU2MUd5WC1lb1VKU3R6YUVZUWNaWU1zT0wzb2ZHak1yVVQyOXNZR29YWnJYSjFCZ1BmZTRtY1l5OFJ4eVZhRS12X3hCOXNOWVNSXzR4RDl3LVdsd29jZG9Nd1BwMkUzR0F3?oc=5"" target=""_blank"">BYD M6 DM Vs Geely Starray EM-i: Adu Teknologi PHEV Terbaru Halaman 3</a>&nbsp;&nbsp;<font color=""#6f6f6f"">Kompas.com</font>",https://news.google.com/rss/articles/CBMivgFBVV95cUxQTng1ay1CWV9GbmpxUEhfTTk5aU9XRWxESHpvS1Y5R244cUFvdHdRMk1nLVg3TzhPX1ozWVZ1dVJvVGs3YzNHNXpmRHk4amNOcWp2eFk4THI5QXBMemU2MUd5WC1lb1VKU3R6YUVZUWNaWU1zT0wzb2ZHak1yVVQyOXNZR29YWnJYSjFCZ1BmZTRtY1l5OFJ4eVZhRS12X3hCOXNOWVNSXzR4RDl3LVdsd29jZG9Nd1BwMkUzR0F3?oc=5,2026-06-01 01:10:06,Kompas.com
219,"Amazon, Google, Meta, dan Microsoft Kompak Investasi Teknologi Ramah Lingkungan - Kompas.com","<a href=""https://news.google.com/rss/articles/CBMiyAFBVV95cUxNYksyLW5vNXFyUmxDT0FtOUs0d0Z1dGVFUFdfa2taUE10QzI2OWVTVGZIUFVuVmV2Z282UlJjcW5RZE5FU0QzS2dQelRGc3I1WThJMlFXVS1SdHgtRE0yc2tBZ1FEaUxjRnpzMjhOWkdzTXZpYVZLM0lzTzhGa1JabjE5MUQwVU9HYXZWTVQyYXFla3BkbFNuZkJ3amV2aUNtUHBuRGp4LXpGYVlFd0ZCb3cxNmlpRGNFWjE5ZjlvcFFJWW9PUmpCSw?oc=5"" target=""_blank"">Amazon, Google, Meta, dan Microsoft Kompak Investasi Teknologi Ramah Lingkungan</a>&nbsp;&nbsp;<font color=""#6f6f6f"">Kompas.com</font>",https://news.google.com/rss/articles/CBMiyAFBVV95cUxNYksyLW5vNXFyUmxDT0FtOUs0d0Z1dGVFUFdfa2taUE10QzI2OWVTVGZIUFVuVmV2Z282UlJjcW5RZE5FU0QzS2dQelRGc3I1WThJMlFXVS1SdHgtRE0yc2tBZ1FEaUxjRnpzMjhOWkdzTXZpYVZLM0lzTzhGa1JabjE5MUQwVU9HYXZWTVQyYXFla3BkbFNuZkJ3amV2aUNtUHBuRGp4LXpGYVlFd0ZCb3cxNmlpRGNFWjE5ZjlvcFFJWW9PUmpCSw?oc=5,2026-05-30 11:42:00,Kompas.com
220,Trump Batalkan Perpres AI Karena Takut China Menang Perang Teknologi - Kompas.com,"<a href=""https://news.google.com/rss/articles/CBMiakFVX3lxTE5rZ0pCRGt0amFQQnVjQnVjMkV4U21MTW5wSTg2cjJuRW1KUnUtdmRWcUp3ajhMbTFhQl9idnBFWEJ1cVBhOUtKbWxMYkZPeGZMcjJfZndzM3FpYkxkUEczQTBaeFBJei1KY3c?oc=5"" target=""_blank"">Trump Batalkan Perpres AI Karena Takut China Menang Perang Teknologi</a>&nbsp;&nbsp;<font color=""#6f6f6f"">Kompas.com</font>",https://news.google.com/rss/articles/CBMiakFVX3lxTE5rZ0pCRGt0amFQQnVjQnVjMkV4U21MTW5wSTg2cjJuRW1KUnUtdmRWcUp3ajhMbTFhQl9idnBFWEJ1cVBhOUtKbWxMYkZPeGZMcjJfZndzM3FpYkxkUEczQTBaeFBJei1KY3c?oc=5,2026-05-29 13:18:09,Kompas.com
221,"Keunggulan Internet Rakyat, Layanan WiFi Murah Berkecepatan Tinggi - Kompas.com","<a href=""https://news.google.com/rss/articles/CBMipwFBVV95cUxQOG1INFJOWWZTdVN5NDd1SGNNejZtVjFKRUdNZTU5TG5oa0RCTW9rU2hPTGdtRmlXckFaS0JSbFNNMTZ1dlU5Q09iOVpRWkRIV25jTDVrOV82cEZZZWd4UGIyTGowT3BsRmRKeDcwMFJzSEZiX1hkc01jejlvaGQxM0toOUhVbkQ2dkM4eVJCMzFpXzdCa1JDTUVvcWtTMVJQZmhpckYxbw?oc=5"" target=""_blank"">Keunggulan Internet Rakyat, Layanan WiFi Murah Berkecepatan Tinggi</a>&nbsp;&nbsp;<font color=""#6f6f6f"">Kompas.com</font>",https://news.google.com/rss/articles/CBMipwFBVV95cUxQOG1INFJOWWZTdVN5NDd1SGNNejZtVjFKRUdNZTU5TG5oa0RCTW9rU2hPTGdtRmlXckFaS0JSbFNNMTZ1dlU5Q09iOVpRWkRIV25jTDVrOV82cEZZZWd4UGIyTGowT3BsRmRKeDcwMFJzSEZiX1hkc01jejlvaGQxM0toOUhVbkQ2dkM4eVJCMzFpXzdCa1JDTUVvcWtTMVJQZmhpckYxbw?oc=5,2026-06-03 10:40:53,Kompas.com
222,"Bukan Cuma AI, Ini 6 Teknologi yang Bakal Mengubah Dunia Pada 2026 - Kompas.com","<a href=""https://news.google.com/rss/articles/CBMiwgFBVV95cUxQZ1hvbmt2aURyME5hVmZtTUVLOGlPdEdmSlJ3cFlLVTlhcVhDTFdlMWZPbFVDSFQtaHM5Z3NySTRKRWNyOEdlX1FIalB5MTNBMlJyN2d6Vm8yeU8tRk5PUXFyeFEzZGJ2UDYxdnBlbGNlWUhxNWMxdUNrWHpfUWk4QXl2RzJyT2FOMDhnWXU3U2ZIaFZvLVpHYUhXVkpFT3hEb2Y2RFRESkFCZVdvelY1OGNUd2FkcGlZaU81N0l2N3JIUQ?oc=5"" target=""_blank"">Bukan Cuma AI, Ini 6 Teknologi yang Bakal Mengubah Dunia Pada 2026</a>&nbsp;&nbsp;<font color=""#6f6f6f"">Kompas.com</font>",https://news.google.com/rss/articles/CBMiwgFBVV95cUxQZ1hvbmt2aURyME5hVmZtTUVLOGlPdEdmSlJ3cFlLVTlhcVhDTFdlMWZPbFVDSFQtaHM5Z3NySTRKRWNyOEdlX1FIalB5MTNBMlJyN2d6Vm8yeU8tRk5PUXFyeFEzZGJ2UDYxdnBlbGNlWUhxNWMxdUNrWHpfUWk4QXl2RzJyT2FOMDhnWXU3U2ZIaFZvLVpHYUhXVkpFT3hEb2Y2RFRESkFCZVdvelY1OGNUd2FkcGlZaU81N0l2N3JIUQ?oc=5,2026-05-27 23:05:21,Kompas.com
223,"8 Laptop Pertama dengan Nvidia RTX Spark, Bisa Jalankan AI Setara Server - Kompas.com","<a href=""https://news.google.com/rss/articles/CBMivgFBVV95cUxQSXJ3dUIzLXJsMVlLM2h3S3NOUVQxZVVsUFJrUk9LSkxWZE1kNHZwdzdsaWh4NXQxd3pjVk5VZGJ5ekVIQUtCOHM1UGVCckE2eTVfeTVXd1Flc3hlcU1ranJUVHczSzl6RE5WSVk0LWN1aFo3aTROejZtaUlvS3FFdTdESGN3MXZJd0ptZktnLUI1YnZPZllONnV4U1M1TkczdWFPWXM3ZjlPaGlpY1FIdHVTZDB1NlZLZ0lPOFVR?oc=5"" target=""_blank"">8 Laptop Pertama dengan Nvidia RTX Spark, Bisa Jalankan AI Setara Server</a>&nbsp;&nbsp;<font color=""#6f6f6f"">Kompas.com</font>",https://news.google.com/rss/articles/CBMivgFBVV95cUxQSXJ3dUIzLXJsMVlLM2h3S3NOUVQxZVVsUFJrUk9LSkxWZE1kNHZwdzdsaWh4NXQxd3pjVk5VZGJ5ekVIQUtCOHM1UGVCckE2eTVfeTVXd1Flc3hlcU1ranJUVHczSzl6RE5WSVk0LWN1aFo3aTROejZtaUlvS3FFdTdESGN3MXZJd0ptZktnLUI1YnZPZllONnV4U1M1TkczdWFPWXM3ZjlPaGlpY1FIdHVTZDB1NlZLZ0lPOFVR?oc=5,2026-06-03 23:38:34,Kompas.com
224,"Mendikti Benarkan 122 Prodi Ditutup di Sejumlah Kampus, Ini Penjelasannya - Kompas.com","<a href=""https://news.google.com/rss/articles/CBMiwwFBVV95cUxNMFlnUjJhUHRaVTVSUTltbjhvcEkwWjhBTEhzNkNKNG1uY3hVcEZuSm1GWFJYbi1SVVd1dzliVE5feHFNVlBmbG1HbmJfcVdDbGhuLUMxdTBYcnhGR2laYVRrWlkzTmJjaUNnMWExeDNWTTRaZ0VEdHVHTnNNSmlJZTREaXNuaDhLbm15S2E1S19RYkZvck9HanJpQkxiVDhoVXlVSXJIRnlnSE0wYU8xWDlQU3RnRHZrcDdVcXUtdlFZdGs?oc=5"" target=""_blank"">Mendikti Benarkan 122 Prodi Ditutup di Sejumlah Kampus, Ini Penjelasannya</a>&nbsp;&nbsp;<font color=""#6f6f6f"">Kompas.com</font>",https://news.google.com/rss/articles/CBMiwwFBVV95cUxNMFlnUjJhUHRaVTVSUTltbjhvcEkwWjhBTEhzNkNKNG1uY3hVcEZuSm1GWFJYbi1SVVd1dzliVE5feHFNVlBmbG1HbmJfcVdDbGhuLUMxdTBYcnhGR2laYVRrWlkzTmJjaUNnMWExeDNWTTRaZ0VEdHVHTnNNSmlJZTREaXNuaDhLbm15S2E1S19RYkZvck9HanJpQkxiVDhoVXlVSXJIRnlnSE0wYU8xWDlQU3RnRHZrcDdVcXUtdlFZdGs?oc=5,2026-06-02 04:39:00,Kompas.com
225,"Kasus Pemalsuan Riset dan Identitas, Kemendikti Tempuh Jalur Hukum - Kompas.com","<a href=""https://news.google.com/rss/articles/CBMiugFBVV95cUxNcUFiV1ZQREZld3NrYWpOVXRJb240QlcxQk5jcFN4WXZYMWthbGZDNnN1eHRBeFpiYTVkLXlvU3ZfTVlCa1MyS0lWb2hmS0RNdi02a3kzWEt6SXo0SVp5SkNBcjNTRC14RDFlMVZZTldzNGI5dC1FUUYwTENYbnktN283NWpmdVFfcDZwUEZWT0pPZm9XXzZQbHZQNk9neDE2RnFUU3hoVndwemZGMm05VmVBNV9hMFN4cHc?oc=5"" target=""_blank"">Kasus Pemalsuan Riset dan Identitas, Kemendikti Tempuh Jalur Hukum</a>&nbsp;&nbsp;<font color=""#6f6f6f"">Kompas.com</font>",https://news.google.com/rss/articles/CBMiugFBVV95cUxNcUFiV1ZQREZld3NrYWpOVXRJb240QlcxQk5jcFN4WXZYMWthbGZDNnN1eHRBeFpiYTVkLXlvU3ZfTVlCa1MyS0lWb2hmS0RNdi02a3kzWEt6SXo0SVp5SkNBcjNTRC14RDFlMVZZTldzNGI5dC1FUUYwTENYbnktN283NWpmdVFfcDZwUEZWT0pPZm9XXzZQbHZQNk9neDE2RnFUU3hoVndwemZGMm05VmVBNV9hMFN4cHc?oc=5,2026-06-03 12:31:00,Kompas.com
226,"Daftar Harga Mobil PHEV di Indonesia Juni 2026, mulai Rp 400 Jutaan - Kompas.com","<a href=""https://news.google.com/rss/articles/CBMivAFBVV95cUxNTUo4bHQ1eVlsV2xEekU5VnVkcFhWbnkyVVNEUF9hUVlIRVpQYnVkc1ZoaTZxUURnYUNqaE1zOThMZGhrT0plTk1md280TjkwNVZ3TmFraXFnYVp4SDlINllNWkdYbXVoZ00wZmQ3bVQ4dUZTQkx1a2RtWVo1bkpjb3g5NzNqeUFKOHlZS3NueFRjakhOcW5zQzdjSXNrM3RtSU13X0VoYnpDcnhXLTBaTkpneWJ4aHZfc1hEdw?oc=5"" target=""_blank"">Daftar Harga Mobil PHEV di Indonesia Juni 2026, mulai Rp 400 Jutaan</a>&nbsp;&nbsp;<font color=""#6f6f6f"">Kompas.com</font>",https://news.google.com/rss/articles/CBMivAFBVV95cUxNTUo4bHQ1eVlsV2xEekU5VnVkcFhWbnkyVVNEUF9hUVlIRVpQYnVkc1ZoaTZxUURnYUNqaE1zOThMZGhrT0plTk1md280TjkwNVZ3TmFraXFnYVp4SDlINllNWkdYbXVoZ00wZmQ3bVQ4dUZTQkx1a2RtWVo1bkpjb3g5NzNqeUFKOHlZS3NueFRjakhOcW5zQzdjSXNrM3RtSU13X0VoYnpDcnhXLTBaTkpneWJ4aHZfc1hEdw?oc=5,2026-06-03 11:41:00,Kompas.com
227,Nadiem Beri Pesan ke Anak Muda yang Masuk Pemerintahan: Seimbangkan Profesionalisme dan Politik - Kompas.com,"<a href=""https://news.google.com/rss/articles/CBMiuwFBVV95cUxOQjA3RG12dGVqLXQxWmlmQ2RndHdtYUh3Yk00TDI3Ukh5RXdzWTFVWng4MXc3ckZ2V0ZqeHEtSGdHcG53dHFKQ0NMV3hxejVINVU4SDI3d2hBOXlhZWpJMF90VUZ6Ukd3X3lqQUl3anNMS3BrdFFiZGJxamdwcVNXbjl4RW9FaFF0WVRfTlQzLVhqakZObUhOcDlGUGZ5eklIeDkyQkZnRE9JM0JraFQzblA4czlINXRGVE1r?oc=5"" target=""_blank"">Nadiem Beri Pesan ke Anak Muda yang Masuk Pemerintahan: Seimbangkan Profesionalisme dan Politik</a>&nbsp;&nbsp;<font color=""#6f6f6f"">Kompas.com</font>",https://news.google.com/rss/articles/CBMiuwFBVV95cUxOQjA3RG12dGVqLXQxWmlmQ2RndHdtYUh3Yk00TDI3Ukh5RXdzWTFVWng4MXc3ckZ2V0ZqeHEtSGdHcG53dHFKQ0NMV3hxejVINVU4SDI3d2hBOXlhZWpJMF90VUZ6Ukd3X3lqQUl3anNMS3BrdFFiZGJxamdwcVNXbjl4RW9FaFF0WVRfTlQzLVhqakZObUhOcDlGUGZ5eklIeDkyQkZnRE9JM0JraFQzblA4czlINXRGVE1r?oc=5,2026-06-02 07:20:00,Kompas.com
228,"Namanya Disebut dalam Pleidoi Nadiem, Jokowi: Menteri Nadiem Makarim Orang Baik - Kompas.com","<a href=""https://news.google.com/rss/articles/CBMiwwFBVV95cUxOT2l0STJzbmxNUXJvR1RxRWhMNVRReUpfWDgxMUFRbzJYTDVvbTFhQU5jZnJtRnItaU1Jc0FubG43bW9RYXNINmU3TXNRMjJqcllqVmw0UjdaVndLSWtPX1cxMjhYLVFOS3lxX1RTQ3hiTS1UTVR4WWc1STVrZEVZSnFjVkNTXzh3YlBKeU1rNDIxblpPWllSbE9ZMUc3MTF5RU9RaVZ4ZnVKS2FrRWd0VHJxVGhweHdLYWRSaWxDNjV5clE?oc=5"" target=""_blank"">Namanya Disebut dalam Pleidoi Nadiem, Jokowi: Menteri Nadiem Makarim Orang Baik</a>&nbsp;&nbsp;<font color=""#6f6f6f"">Kompas.com</font>",https://news.google.com/rss/articles/CBMiwwFBVV95cUxOT2l0STJzbmxNUXJvR1RxRWhMNVRReUpfWDgxMUFRbzJYTDVvbTFhQU5jZnJtRnItaU1Jc0FubG43bW9RYXNINmU3TXNRMjJqcllqVmw0UjdaVndLSWtPX1cxMjhYLVFOS3lxX1RTQ3hiTS1UTVR4WWc1STVrZEVZSnFjVkNTXzh3YlBKeU1rNDIxblpPWllSbE9ZMUc3MTF5RU9RaVZ4ZnVKS2FrRWd0VHJxVGhweHdLYWRSaWxDNjV5clE?oc=5,2026-06-03 08:40:00,Kompas.com
229,"Telepon Scam Makin Canggih, Google Rilis Fitur Penangkalnya - Kompas.com","<a href=""https://news.google.com/rss/articles/CBMirAFBVV95cUxPZGF4UUFCX2pmd0R3aTBLLTV4R1c5VDNtdEFsSnRtcUVTc04tMkJ1UkpzMjIyNnZGUWxIV2RpVGJQT1duckpIXzFzZ3BlNEV0MWptU052eGhwMjQ0dmFXbkFqVWVYU2RNYkVTdHBEeVFnRVVnbnJIdm1ZTXA0Y05waEU1ZFdndDhwekx1UjFERm1MWnRLNE96WWxjTXQ4clN2S3NuNDcyRUNMTHly?oc=5"" target=""_blank"">Telepon Scam Makin Canggih, Google Rilis Fitur Penangkalnya</a>&nbsp;&nbsp;<font color=""#6f6f6f"">Kompas.com</font>",https://news.google.com/rss/articles/CBMirAFBVV95cUxPZGF4UUFCX2pmd0R3aTBLLTV4R1c5VDNtdEFsSnRtcUVTc04tMkJ1UkpzMjIyNnZGUWxIV2RpVGJQT1duckpIXzFzZ3BlNEV0MWptU052eGhwMjQ0dmFXbkFqVWVYU2RNYkVTdHBEeVFnRVVnbnJIdm1ZTXA0Y05waEU1ZFdndDhwekx1UjFERm1MWnRLNE96WWxjTXQ4clN2S3NuNDcyRUNMTHly?oc=5,2026-06-04 01:06:00,Kompas.com
230,Foto : Pembelaan Nadiem Tepis Tuntutan Jaksa: Sebut Kasus Chromebook “Kekeliruan Investigasi” - Kompas.com,"<a href=""https://news.google.com/rss/articles/CBMiwwFBVV95cUxOcS1SOVpCT0pJaldDNUtNdUxvZDZIdVBmUnlzVEhYeUpVWDlrVEE3YUczZGZveF9NM2VxYTNKUVEwbGRaSXlsVGJHZENQbFlJUWFVUDZmSmRvMXU0UUx4M1RBMlN5dnlFcmM5b04zVmI5UWNNTXFHQ1ROSlFndGwyam9BYU1tWG96ajJwRUpPTnlUVG5CT0N1cnJzN2FaMnVsV08tN28tZjJfZDFEOVhWVFFWY3BZa2ZEeTlkVzctclU2NjA?oc=5"" target=""_blank"">Foto : Pembelaan Nadiem Tepis Tuntutan Jaksa: Sebut Kasus Chromebook “Kekeliruan Investigasi”</a>&nbsp;&nbsp;<font color=""#6f6f6f"">Kompas.com</font>",https://news.google.com/rss/articles/CBMiwwFBVV95cUxOcS1SOVpCT0pJaldDNUtNdUxvZDZIdVBmUnlzVEhYeUpVWDlrVEE3YUczZGZveF9NM2VxYTNKUVEwbGRaSXlsVGJHZENQbFlJUWFVUDZmSmRvMXU0UUx4M1RBMlN5dnlFcmM5b04zVmI5UWNNTXFHQ1ROSlFndGwyam9BYU1tWG96ajJwRUpPTnlUVG5CT0N1cnJzN2FaMnVsV08tN28tZjJfZDFEOVhWVFFWY3BZa2ZEeTlkVzctclU2NjA?oc=5,2026-06-03 01:24:16,Kompas.com
231,"Universitas Trunojoyo Madura Buka Prodi Kedokteran, Kuota 50 Orang di Jalur Mandiri - Kompas.com","<a href=""https://news.google.com/rss/articles/CBMixgFBVV95cUxPWVNpVV8xUEJzRjRQUFZnQTJzU1lJMTJDY0diaWZNZUg0QXJEZjVDcU4tRE5hUGltQzNHTGFGZ1BIRU92RU5kQU5wSkxOOGZMNWlCbTQ0R0x5eGl3cnNwU2JEQXlDMWF3SzVoZnBzdEF0VWdQUHd5ZmFDWS1hWXFOZ2NYdmhaRE0tcVkxbkJwQTZtWHpnclZySlhXbk5tcWw5dWd2Q3l2c0hFNmlEbU9ySEVpcDZpc0EtR29GRTVlUEY5a2hPLWc?oc=5"" target=""_blank"">Universitas Trunojoyo Madura Buka Prodi Kedokteran, Kuota 50 Orang di Jalur Mandiri</a>&nbsp;&nbsp;<font color=""#6f6f6f"">Kompas.com</font>",https://news.google.com/rss/articles/CBMixgFBVV95cUxPWVNpVV8xUEJzRjRQUFZnQTJzU1lJMTJDY0diaWZNZUg0QXJEZjVDcU4tRE5hUGltQzNHTGFGZ1BIRU92RU5kQU5wSkxOOGZMNWlCbTQ0R0x5eGl3cnNwU2JEQXlDMWF3SzVoZnBzdEF0VWdQUHd5ZmFDWS1hWXFOZ2NYdmhaRE0tcVkxbkJwQTZtWHpnclZySlhXbk5tcWw5dWd2Q3l2c0hFNmlEbU9ySEVpcDZpc0EtR29GRTVlUEY5a2hPLWc?oc=5,2026-06-03 10:15:00,Kompas.com
232,"Misteri Api Muncul 87 Kali, Rumah Mutfiana di Sleman Diteliti Pakai Alat Geolistrik - Kompas.com","<a href=""https://news.google.com/rss/articles/CBMixgFBVV95cUxPNnZscGw0WkhaVVFQWTQ5TzhadU5GWVVTVHdQRDNXNVBMdTdmOGpaUjhmWnl5UUVqc0lYUUV4Y1llb3dwell5SVF2U3FXWG41RHkydU5FTWxHVkEyVWQxbFpzZmtfNTZvNVkySnY2dFQtX0w2US15bF9KR1FTcXJKNlo0SmtQVVRSUHJQbm9KdDlCV1czTWlxY3dpczdvVndpbGtwN01RSnkyNzR2bUR5RF81QS05bm1nX1ZTaHlMWkYwdWlsV3c?oc=5"" target=""_blank"">Misteri Api Muncul 87 Kali, Rumah Mutfiana di Sleman Diteliti Pakai Alat Geolistrik</a>&nbsp;&nbsp;<font color=""#6f6f6f"">Kompas.com</font>",https://news.google.com/rss/articles/CBMixgFBVV95cUxPNnZscGw0WkhaVVFQWTQ5TzhadU5GWVVTVHdQRDNXNVBMdTdmOGpaUjhmWnl5UUVqc0lYUUV4Y1llb3dwell5SVF2U3FXWG41RHkydU5FTWxHVkEyVWQxbFpzZmtfNTZvNVkySnY2dFQtX0w2US15bF9KR1FTcXJKNlo0SmtQVVRSUHJQbm9KdDlCV1czTWlxY3dpczdvVndpbGtwN01RSnkyNzR2bUR5RF81QS05bm1nX1ZTaHlMWkYwdWlsV3c?oc=5,2026-06-03 07:18:00,Kompas.com
233,"Mendikti Ungkap Ada 4 Pelaku Skandal Riset Palsu di Denmark, Lulusan UNY dan Tidak Ada Dosen - Kompas.com","<a href=""https://news.google.com/rss/articles/CBMixwFBVV95cUxQRkxrUXZyWTZZOGY0ckJySko3WEVCc2xGYkQteWNkQmZQVHN3YjRobTBUMTg3WFp3X3J6c1p4RFZQTl9Rb2xkQkJJaUc3dGxpSlQ3THBZbWo0Y2VlUEdLRDVFRTZzOEpYSFFoNjZkeVJKaE9UaURLQWEzOExGWDZRUjJOV0dxei01Z3QwYURESUowTG9xWjdwU1NnQ0tmbjB5bzlTT2ZqYXowcjBhQ0VMVDJpeU5GdlFKdUNHZ3JLeWRFdVh5WHpv?oc=5"" target=""_blank"">Mendikti Ungkap Ada 4 Pelaku Skandal Riset Palsu di Denmark, Lulusan UNY dan Tidak Ada Dosen</a>&nbsp;&nbsp;<font color=""#6f6f6f"">Kompas.com</font>",https://news.google.com/rss/articles/CBMixwFBVV95cUxQRkxrUXZyWTZZOGY0ckJySko3WEVCc2xGYkQteWNkQmZQVHN3YjRobTBUMTg3WFp3X3J6c1p4RFZQTl9Rb2xkQkJJaUc3dGxpSlQ3THBZbWo0Y2VlUEdLRDVFRTZzOEpYSFFoNjZkeVJKaE9UaURLQWEzOExGWDZRUjJOV0dxei01Z3QwYURESUowTG9xWjdwU1NnQ0tmbjB5bzlTT2ZqYXowcjBhQ0VMVDJpeU5GdlFKdUNHZ3JLeWRFdVh5WHpv?oc=5,2026-06-02 09:32:00,Kompas.com
234,"Mendikti Ungkap Motif Pelaku Riset Palsu: Manfaatkan ""Travel Grant"" untuk ke Luar Negeri - Kompas.com","<a href=""https://news.google.com/rss/articles/CBMi0AFBVV95cUxNb0xzeFVPREo4RzZtd2NHZ3pFblNieU50TFcyTVhCRlRtMFYwNFFMLWNZYzFWbDhKcXA0a0lMR2NmR0JxRnJENVdHc2tZVGM3dlpPZFF1NTZTZ0JZazFUa251R2tlRExkYXg1Y1JlVWJPekxTdFFuWlB2S0tjeTBDWi1tV3RHSWZ5QVd0LVRhRENkbU9GbVcyemMyM3FIbUZPX2JhYmNEbXVMeFNXRTlXZ2QzT3FoUGRHRzRNbWt5dFI2V3paWWJ2a1Y5OEoyYmJ0?oc=5"" target=""_blank"">Mendikti Ungkap Motif Pelaku Riset Palsu: Manfaatkan ""Travel Grant"" untuk ke Luar Negeri</a>&nbsp;&nbsp;<font color=""#6f6f6f"">Kompas.com</font>",https://news.google.com/rss/articles/CBMi0AFBVV95cUxNb0xzeFVPREo4RzZtd2NHZ3pFblNieU50TFcyTVhCRlRtMFYwNFFMLWNZYzFWbDhKcXA0a0lMR2NmR0JxRnJENVdHc2tZVGM3dlpPZFF1NTZTZ0JZazFUa251R2tlRExkYXg1Y1JlVWJPekxTdFFuWlB2S0tjeTBDWi1tV3RHSWZ5QVd0LVRhRENkbU9GbVcyemMyM3FIbUZPX2JhYmNEbXVMeFNXRTlXZ2QzT3FoUGRHRzRNbWt5dFI2V3paWWJ2a1Y5OEoyYmJ0?oc=5,2026-06-02 09:05:00,Kompas.com
235,"Microsoft Umumkan Chip Majorana 2, Komputer Kuantum Jadi Makin Dekat - Kompas.com","<a href=""https://news.google.com/rss/articles/CBMiuAFBVV95cUxQM0RWYzZ2OFBTbDRvb1lFMXdBalU3aFJaRWNfNkphMEY4ZGZQUVYtR3ZVQ2c1RGZpand3eFNwWGdYTkl0UXZLRmNzNWptUEozMldrVE54NGNib0pxdkpGV3ZSbW1rYldLUzJlaTVlUGlGd0J3eXBPYU91VHJwNzc3Z2xqWWs5RVF1U1V6UE1JNWZHblZjdEtOQTVyUjd6LVdYMVRsU09BMzlkaV95S3JHWHVIU04yQXQx?oc=5"" target=""_blank"">Microsoft Umumkan Chip Majorana 2, Komputer Kuantum Jadi Makin Dekat</a>&nbsp;&nbsp;<font color=""#6f6f6f"">Kompas.com</font>",https://news.google.com/rss/articles/CBMiuAFBVV95cUxQM0RWYzZ2OFBTbDRvb1lFMXdBalU3aFJaRWNfNkphMEY4ZGZQUVYtR3ZVQ2c1RGZpand3eFNwWGdYTkl0UXZLRmNzNWptUEozMldrVE54NGNib0pxdkpGV3ZSbW1rYldLUzJlaTVlUGlGd0J3eXBPYU91VHJwNzc3Z2xqWWs5RVF1U1V6UE1JNWZHblZjdEtOQTVyUjd6LVdYMVRsU09BMzlkaV95S3JHWHVIU04yQXQx?oc=5,2026-06-03 10:07:00,Kompas.com
236,"Pemerintah Tutup 122 Prodi PTN-PTS Sepanjang 2026, Apa Alasannya? - Kompas.com","<a href=""https://news.google.com/rss/articles/CBMiuAFBVV95cUxQNUVJejBVRmRZYzkySzAwTGtrRmg4NXd3VUlXamk1TDFCalBzN3ZSYmVlbEZORWVMSzRrSVFaMlhqTUwzbThpcl8xNFRubXBtTkZLNjR1T1phYUhTRDVqaHdsSTFBR3hjWVNxbDFBang5YThLNHF1cGVSTU5aV0JWd1UyWFN6aS1lNHdYVFRLNEhVQy1lQnpVM0RneDNNTVJVMGlxWm1QTmRCQ080VC0wNVMtY281eVBD?oc=5"" target=""_blank"">Pemerintah Tutup 122 Prodi PTN-PTS Sepanjang 2026, Apa Alasannya?</a>&nbsp;&nbsp;<font color=""#6f6f6f"">Kompas.com</font>",https://news.google.com/rss/articles/CBMiuAFBVV95cUxQNUVJejBVRmRZYzkySzAwTGtrRmg4NXd3VUlXamk1TDFCalBzN3ZSYmVlbEZORWVMSzRrSVFaMlhqTUwzbThpcl8xNFRubXBtTkZLNjR1T1phYUhTRDVqaHdsSTFBR3hjWVNxbDFBang5YThLNHF1cGVSTU5aV0JWd1UyWFN6aS1lNHdYVFRLNEhVQy1lQnpVM0RneDNNTVJVMGlxWm1QTmRCQ080VC0wNVMtY281eVBD?oc=5,2026-06-02 09:15:00,Kompas.com
237,Pembelaan Nadiem Tepis Tuntutan Jaksa: Sebut Kasus Chromebook “Kekeliruan Investigasi” - Kompas.com,"<a href=""https://news.google.com/rss/articles/CBMizgFBVV95cUxQQTFpV2pZNWJhWGh6UE9nVmZweHhZOFF4c0Z1eURBSlQ1Mi1nMFFOQ012MGR2bHduVjg2dGVNTjE1MGVrai1seGhCNWZvbDZRY1B0NmxvZF9Lb0NtVGF1NGk3Z2trdE96bXVZMFViMklJTTEwOFlaTlpyYVB6VlFvdHpxRGM0aEUyZHJQVXlQYWtWVG5nQVFpY1l3RnFHVjBWVEdjTFRJUU1Ua1JYUnI3MEdReENBVkJGNU5SbmJqajNIbk56dEV6b25wNmtZQQ?oc=5"" target=""_blank"">Pembelaan Nadiem Tepis Tuntutan Jaksa: Sebut Kasus Chromebook “Kekeliruan Investigasi”</a>&nbsp;&nbsp;<font color=""#6f6f6f"">Kompas.com</font>",https://news.google.com/rss/articles/CBMizgFBVV95cUxQQTFpV2pZNWJhWGh6UE9nVmZweHhZOFF4c0Z1eURBSlQ1Mi1nMFFOQ012MGR2bHduVjg2dGVNTjE1MGVrai1seGhCNWZvbDZRY1B0NmxvZF9Lb0NtVGF1NGk3Z2trdE96bXVZMFViMklJTTEwOFlaTlpyYVB6VlFvdHpxRGM0aEUyZHJQVXlQYWtWVG5nQVFpY1l3RnFHVjBWVEdjTFRJUU1Ua1JYUnI3MEdReENBVkJGNU5SbmJqajNIbk56dEV6b25wNmtZQQ?oc=5,2026-06-02 23:33:00,Kompas.com
238,"Telkom University Jakarta Bekali Pelajar dengan Seni, AI, dan Kepemimpinan lewat JSLS 2026 - Biz Kompas","<a href=""https://news.google.com/rss/articles/CBMixgFBVV95cUxPcFRUeVczOHdpUHJwZFZXd1IyUkdtdlE2SlV5eDBEeWc0NkEwS1NKbWREYnBFd3ZhdDJxM29yeEd0cWVudHJ5OTZGZlhGMTc5RWxVemNwNlBkXzROUjdvMF9sVDRqNDluRGVoOS0xWjhpZDNhR2ROZ3hRaFRkbnM3cjQzZ1RLQ0hnd0o4endFZ1pUY0VfTjNHbUppaTFNTDNpTktxMVdsQk4zRjdnV2RuRjFZSnhqVEFIaWJUOW96RG92RDhpdkE?oc=5"" target=""_blank"">Telkom University Jakarta Bekali Pelajar dengan Seni, AI, dan Kepemimpinan lewat JSLS 2026</a>&nbsp;&nbsp;<font color=""#6f6f6f"">Biz Kompas</font>",https://news.google.com/rss/articles/CBMixgFBVV95cUxPcFRUeVczOHdpUHJwZFZXd1IyUkdtdlE2SlV5eDBEeWc0NkEwS1NKbWREYnBFd3ZhdDJxM29yeEd0cWVudHJ5OTZGZlhGMTc5RWxVemNwNlBkXzROUjdvMF9sVDRqNDluRGVoOS0xWjhpZDNhR2ROZ3hRaFRkbnM3cjQzZ1RLQ0hnd0o4endFZ1pUY0VfTjNHbUppaTFNTDNpTktxMVdsQk4zRjdnV2RuRjFZSnhqVEFIaWJUOW96RG92RDhpdkE?oc=5,2026-06-03 07:48:00,Kompas.com
239,"Daftar 30 SMA Unggul Garuda Tranformasi Baru 2026, Ada Sekolahmu? - Kompas.com","<a href=""https://news.google.com/rss/articles/CBMiuAFBVV95cUxQNVZ6OXBTTjBrUFZJUG9ESFBsc3R0MlB1NGtyTmtvQnFOMWZFUWFWN1lMZHZsRmtnYVU0QmtsNDkzNkZaY0t6ekcxU2R2MjU1QkM1WjN0TmZjNGR3a3RXdlpMaHp2V0lWWHA3bVVwUHdzemdOaENnNWhDOEpDQVh2RTIzaG56RmdiNmk3Qmo1MEU2NVFIeGUzTG5xOFpRc09VYnNaM0JJcWpsMElTSTRyWDQ3QkxfcDVz?oc=5"" target=""_blank"">Daftar 30 SMA Unggul Garuda Tranformasi Baru 2026, Ada Sekolahmu?</a>&nbsp;&nbsp;<font color=""#6f6f6f"">Kompas.com</font>",https://news.google.com/rss/articles/CBMiuAFBVV95cUxQNVZ6OXBTTjBrUFZJUG9ESFBsc3R0MlB1NGtyTmtvQnFOMWZFUWFWN1lMZHZsRmtnYVU0QmtsNDkzNkZaY0t6ekcxU2R2MjU1QkM1WjN0TmZjNGR3a3RXdlpMaHp2V0lWWHA3bVVwUHdzemdOaENnNWhDOEpDQVh2RTIzaG56RmdiNmk3Qmo1MEU2NVFIeGUzTG5xOFpRc09VYnNaM0JJcWpsMElTSTRyWDQ3QkxfcDVz?oc=5,2026-05-31 05:45:00,Kompas.com
240,Pendaftaran Pelatihan Vokasi Kemnaker Dibuka hingga 9 Juni 2026 - Kompas.com,"<a href=""https://news.google.com/rss/articles/CBMitAFBVV95cUxNNU02WVJNWGtfWmFPNWVyV19pWnZNX0ktN3dHTHB5UHpyUEJBdGRvdzVVZXpQdFExZkRYMjFtYlBqVUZnZjh1Tlc5WFNIUV9sQ2oxcndQYi14TThWbXJxVUlPc2RsbktpMC1qdlRFYXZKUFhLT3FxVi1GNGZ5X19RT1FLVDZ3UkpObTc0dXNhem1lbzNUa2VXbWszNFlPa295MjVtNGt4M1JHWWxEYURHb2NhOWs?oc=5"" target=""_blank"">Pendaftaran Pelatihan Vokasi Kemnaker Dibuka hingga 9 Juni 2026</a>&nbsp;&nbsp;<font color=""#6f6f6f"">Kompas.com</font>",https://news.google.com/rss/articles/CBMitAFBVV95cUxNNU02WVJNWGtfWmFPNWVyV19pWnZNX0ktN3dHTHB5UHpyUEJBdGRvdzVVZXpQdFExZkRYMjFtYlBqVUZnZjh1Tlc5WFNIUV9sQ2oxcndQYi14TThWbXJxVUlPc2RsbktpMC1qdlRFYXZKUFhLT3FxVi1GNGZ5X19RT1FLVDZ3UkpObTc0dXNhem1lbzNUa2VXbWszNFlPa295MjVtNGt4M1JHWWxEYURHb2NhOWs?oc=5,2026-05-31 09:09:00,Kompas.com
241,"Jelang Pleidoi, Nadiem Akui Masih Jalani Pemulihan Kesehatan - Kompas.com","<a href=""https://news.google.com/rss/articles/CBMisgFBVV95cUxOS09aLWRVNkRfbmFLc09fWUgxaE0ta1dTM3Y4YWNvXzdwQVRGVU1HM0J6VlFVYlk5bFhjTDAzS00zdE5yUzV5NUVLaGJjTjRMT0IxNGVhM3Y5MmNwOTRVZEg1eGhYUm5nT2p4Wkl5cHZ5a1FOYVY3NXJsWm5vc1E4OEdoS3pjbGlFS3cxbVg0TDh0M1A2S1NVQUlwdDBCZERXbW5sRjdpQVN3eXVqZ0loRi1R?oc=5"" target=""_blank"">Jelang Pleidoi, Nadiem Akui Masih Jalani Pemulihan Kesehatan</a>&nbsp;&nbsp;<font color=""#6f6f6f"">Kompas.com</font>",https://news.google.com/rss/articles/CBMisgFBVV95cUxOS09aLWRVNkRfbmFLc09fWUgxaE0ta1dTM3Y4YWNvXzdwQVRGVU1HM0J6VlFVYlk5bFhjTDAzS00zdE5yUzV5NUVLaGJjTjRMT0IxNGVhM3Y5MmNwOTRVZEg1eGhYUm5nT2p4Wkl5cHZ5a1FOYVY3NXJsWm5vc1E4OEdoS3pjbGlFS3cxbVg0TDh0M1A2S1NVQUlwdDBCZERXbW5sRjdpQVN3eXVqZ0loRi1R?oc=5,2026-06-02 03:20:00,Kompas.com
242,"Intel Rilis Xeon 6 Plus, CPU untuk Data Center yang Lebih Hemat dan Kencang - Kompas.com","<a href=""https://news.google.com/rss/articles/CBMiwgFBVV95cUxNWTFaNXFFUU5JV21GVFQ2VGVQeEQ3aHJSVXZHVVdJaTVoZkc3T0VlNDk5elRXQ3ExQURteFczRWREdnFsR3pHUk5JM1phblptLXBueWJBcnhzeGxDMkR0N3FVZHhWMG5xYW5TUDdYTERMM1I0VEc0Yi14cDI3U0tabHlvT0xWSlE0dW9rMGtfQlR5YzVMNTFTX3hQQ0c3emNLcE5IT0ZTeEVKcW10cVRpSzZkQWpNTmVYcHVBcEpnU2N3dw?oc=5"" target=""_blank"">Intel Rilis Xeon 6 Plus, CPU untuk Data Center yang Lebih Hemat dan Kencang</a>&nbsp;&nbsp;<font color=""#6f6f6f"">Kompas.com</font>",https://news.google.com/rss/articles/CBMiwgFBVV95cUxNWTFaNXFFUU5JV21GVFQ2VGVQeEQ3aHJSVXZHVVdJaTVoZkc3T0VlNDk5elRXQ3ExQURteFczRWREdnFsR3pHUk5JM1phblptLXBueWJBcnhzeGxDMkR0N3FVZHhWMG5xYW5TUDdYTERMM1I0VEc0Yi14cDI3U0tabHlvT0xWSlE0dW9rMGtfQlR5YzVMNTFTX3hQQ0c3emNLcE5IT0ZTeEVKcW10cVRpSzZkQWpNTmVYcHVBcEpnU2N3dw?oc=5,2026-06-02 06:03:00,Kompas.com
243,Bos Meta Bikin AI untuk Membantu Ilmuwan Temukan Obat Baru - Kompas.com,"<a href=""https://news.google.com/rss/articles/CBMirAFBVV95cUxOMEZjcWpYTGlOM3VwODFMWjFUU0JZNTNhUnRidXRnQ0pfaWRpd0FTT2JINnhrdlRBN1cyaC1vaDc4d3NYbWgxVkxWUTQwbTcydC1QU0NVMmIwWjVXT2o1bHdGZjN5R3BVMHd6OEhyTlZFRzM3bnhkS1BCcExVc0ZDYWpPOF9sVmlmanJNelpLd290aVFNMVpxRno1UDM0X0xxZldYOWI1SUNkdUVK?oc=5"" target=""_blank"">Bos Meta Bikin AI untuk Membantu Ilmuwan Temukan Obat Baru</a>&nbsp;&nbsp;<font color=""#6f6f6f"">Kompas.com</font>",https://news.google.com/rss/articles/CBMirAFBVV95cUxOMEZjcWpYTGlOM3VwODFMWjFUU0JZNTNhUnRidXRnQ0pfaWRpd0FTT2JINnhrdlRBN1cyaC1vaDc4d3NYbWgxVkxWUTQwbTcydC1QU0NVMmIwWjVXT2o1bHdGZjN5R3BVMHd6OEhyTlZFRzM3bnhkS1BCcExVc0ZDYWpPOF9sVmlmanJNelpLd290aVFNMVpxRno1UDM0X0xxZldYOWI1SUNkdUVK?oc=5,2026-05-30 03:37:00,Kompas.com
244,"Operasi Patuh Jaya Dimulai Senin Depan, Tilang Manual Berlaku Lagi! - Kompas.com","<a href=""https://news.google.com/rss/articles/CBMi4wFBVV95cUxQNF9FdXBCMVdRVzAtRkJuYjRONTdVOHZFZGFQVlBrSkRQWmFSRmZtSUpvYkxxNmRRcnc0TVZ4dTY4b2xIUlRPbEtXSEppRC0tOEhkdnA1Tm4yV0pzaUJXS2RHQTRITWtsdjRtZDRpdXFXSC0tMFA3cGY4WVVibmxxQzJsSjdKNG9HSEhlUTRBQy1jd1A1OVZfR2VBWjZheV85aHBPb1gxMlhmNk5VdXViWlpET25fVk8teC1ON1ZiY3dIM2k5U202ODhjLVFUNXZUQ2sxcXNkUWVhXzJ5b3YtYkkzWQ?oc=5"" target=""_blank"">Operasi Patuh Jaya Dimulai Senin Depan, Tilang Manual Berlaku Lagi!</a>&nbsp;&nbsp;<font color=""#6f6f6f"">Kompas.com</font>",https://news.google.com/rss/articles/CBMi4wFBVV95cUxQNF9FdXBCMVdRVzAtRkJuYjRONTdVOHZFZGFQVlBrSkRQWmFSRmZtSUpvYkxxNmRRcnc0TVZ4dTY4b2xIUlRPbEtXSEppRC0tOEhkdnA1Tm4yV0pzaUJXS2RHQTRITWtsdjRtZDRpdXFXSC0tMFA3cGY4WVVibmxxQzJsSjdKNG9HSEhlUTRBQy1jd1A1OVZfR2VBWjZheV85aHBPb1gxMlhmNk5VdXViWlpET25fVk8teC1ON1ZiY3dIM2k5U202ODhjLVFUNXZUQ2sxcXNkUWVhXzJ5b3YtYkkzWQ?oc=5,2026-06-04 00:20:22,Kompas.com
245,"Ada Pemutihan Pajak Kendaraan di Jakarta, Simak Periodenya - Kompas.com","<a href=""https://news.google.com/rss/articles/CBMinAFBVV95cUxPZFFSUHp1d3BlZGhZcndiTjZzeUFHbk9DSWR0MHRoS0ctWUhzakdrNnJ2RmRfb2dxRlNwNVZxRUtKQkJTd01fQV9LVGdRLWZrTW9CWjY2dTg1d2xweEpJUURTTW1DZi1qaFdVZWhzR2huYk1ncHFVa2VFYmN0MWYwWk05Q2ZyVzMwSHZ4ZG44TTRBU3RZNlR6ZjZoSHk?oc=5"" target=""_blank"">Ada Pemutihan Pajak Kendaraan di Jakarta, Simak Periodenya</a>&nbsp;&nbsp;<font color=""#6f6f6f"">Kompas.com</font>",https://news.google.com/rss/articles/CBMinAFBVV95cUxPZFFSUHp1d3BlZGhZcndiTjZzeUFHbk9DSWR0MHRoS0ctWUhzakdrNnJ2RmRfb2dxRlNwNVZxRUtKQkJTd01fQV9LVGdRLWZrTW9CWjY2dTg1d2xweEpJUURTTW1DZi1qaFdVZWhzR2huYk1ncHFVa2VFYmN0MWYwWk05Q2ZyVzMwSHZ4ZG44TTRBU3RZNlR6ZjZoSHk?oc=5,2026-06-02 14:27:14,Kompas.com
246,64 Lulusan Pesantren di Cirebon Raih Beasiswa ke 15 Kampus di China - Kompas.com,"<a href=""https://news.google.com/rss/articles/CBMivAFBVV95cUxPdTloOVJoem8zdmhWNkxYdnZRaUFiel8xRGM0a0p0NFFPV3gyakw2LVNjTWZNSkcybUlHUDh4ZU5DX0NURWxwaUpUeHBvMzJIYlRXUjh6RlVmc1kwTEdDYi1HTGlGUWVwMk56eHZqZmlTdzM1ei1ETlp6SElIRmlQd0NYQzVOMlA0NGZwWTVpRllvZnNjbU1tU1NhTElmRi1ramVMUHdkSEtsQXlvNWtpUzNRdnRta2M4M3o5Wg?oc=5"" target=""_blank"">64 Lulusan Pesantren di Cirebon Raih Beasiswa ke 15 Kampus di China</a>&nbsp;&nbsp;<font color=""#6f6f6f"">Kompas.com</font>",https://news.google.com/rss/articles/CBMivAFBVV95cUxPdTloOVJoem8zdmhWNkxYdnZRaUFiel8xRGM0a0p0NFFPV3gyakw2LVNjTWZNSkcybUlHUDh4ZU5DX0NURWxwaUpUeHBvMzJIYlRXUjh6RlVmc1kwTEdDYi1HTGlGUWVwMk56eHZqZmlTdzM1ei1ETlp6SElIRmlQd0NYQzVOMlA0NGZwWTVpRllvZnNjbU1tU1NhTElmRi1ramVMUHdkSEtsQXlvNWtpUzNRdnRta2M4M3o5Wg?oc=5,2026-06-02 04:01:00,Kompas.com
247,"Cara Mudah Buat SIM Digital di Aplikasi Korlantas Polri, Cuma Lewat HP - Kompas.com","<a href=""https://news.google.com/rss/articles/CBMi_AFBVV95cUxNNzE5cHRUZUlSVnV3X1RVZGRDamtLRzFfSEs3R0RjQzZ4SFpoelYzYVYtZExjQ1F6N01oUGppNV9nWEF1RkhXMWxBV0xhbDF1aUhDNVdSOTBOUEEyb25ncjJlYklqbVlyTWRZcndpbU5vc2IxOHFKcFVwaTMxcWJYLVhUeVZhdVNSWk9qNWd4U3RvaF9DM2pnenNrNFF1X3c4Z1JBcW4yWkllTEl0RUF1U0xRVGNxWkt5MW4yLXlURkpUT1dITXE3Q191anVMU2NTYW00aTNvcWxqbFVyWVpSbmk0UjNzNS1KWFUzY3BobXJ4Nlh4TnRzcW9reFQ?oc=5"" target=""_blank"">Cara Mudah Buat SIM Digital di Aplikasi Korlantas Polri, Cuma Lewat HP</a>&nbsp;&nbsp;<font color=""#6f6f6f"">Kompas.com</font>",https://news.google.com/rss/articles/CBMi_AFBVV95cUxNNzE5cHRUZUlSVnV3X1RVZGRDamtLRzFfSEs3R0RjQzZ4SFpoelYzYVYtZExjQ1F6N01oUGppNV9nWEF1RkhXMWxBV0xhbDF1aUhDNVdSOTBOUEEyb25ncjJlYklqbVlyTWRZcndpbU5vc2IxOHFKcFVwaTMxcWJYLVhUeVZhdVNSWk9qNWd4U3RvaF9DM2pnenNrNFF1X3c4Z1JBcW4yWkllTEl0RUF1U0xRVGNxWkt5MW4yLXlURkpUT1dITXE3Q191anVMU2NTYW00aTNvcWxqbFVyWVpSbmk0UjNzNS1KWFUzY3BobXJ4Nlh4TnRzcW9reFQ?oc=5,2026-06-03 08:46:56,Kompas.com
248,"Selesai Geledah Kantor BGN, Kejagung Bawa Box Kontainer - Kompas.com","<a href=""https://news.google.com/rss/articles/CBMimAFBVV95cUxPSU8tdDQwX3M4S2xfdTlfeG1UbHBIcXRudDBiZnkxZWx4SXlYVXk1cW5qb0N2a3FRbUljdXNBR2RPVVBDbGtodUFsOG5iV3l1MkFHQ19uaERaTnlyamtYdWZ0ck9wMTQzNXI1UlpMc2tmejE2cWZ1aXNRVm9lSFV6eU0xMi1RVE5PdmVMWmhUd20tSlpjMjBWbA?oc=5"" target=""_blank"">Selesai Geledah Kantor BGN, Kejagung Bawa Box Kontainer</a>&nbsp;&nbsp;<font color=""#6f6f6f"">Kompas.com</font>",https://news.google.com/rss/articles/CBMimAFBVV95cUxPSU8tdDQwX3M4S2xfdTlfeG1UbHBIcXRudDBiZnkxZWx4SXlYVXk1cW5qb0N2a3FRbUljdXNBR2RPVVBDbGtodUFsOG5iV3l1MkFHQ19uaERaTnlyamtYdWZ0ck9wMTQzNXI1UlpMc2tmejE2cWZ1aXNRVm9lSFV6eU0xMi1RVE5PdmVMWmhUd20tSlpjMjBWbA?oc=5,2026-06-03 11:45:32,Kompas.com
249,"Asus Umumkan ROG Xbox Ally X20, Konsol Genggam Layar OLED dan Joystick Anti-drift - Kompas.com","<a href=""https://news.google.com/rss/articles/CBMizgFBVV95cUxQSmc0aGdRVEd2ZDlCSXBNUEJRb0x0MUtROEt1TDFJQWFMSGxwZ0h2SmFuLVFzclh3WXFoTnd2UDlsOWdERVVZdzR4dF92aVlfZXF6RVVMcXp5S09xRTZlYm1uRUJ1QlMzcUVaU1RWSHhZYUdmUEpkRGhMaDNOQjlLa2V5U2JqVzNibUFqZ01QZERJS2dwZEl2ak4xZ1hsU1FlOFFlUGpXWEdrNGl1ODZrNk8xWktmamxqYlFZYWhYcTVtUzNKVzl6Smh3MkVVdw?oc=5"" target=""_blank"">Asus Umumkan ROG Xbox Ally X20, Konsol Genggam Layar OLED dan Joystick Anti-drift</a>&nbsp;&nbsp;<font color=""#6f6f6f"">Kompas.com</font>",https://news.google.com/rss/articles/CBMizgFBVV95cUxQSmc0aGdRVEd2ZDlCSXBNUEJRb0x0MUtROEt1TDFJQWFMSGxwZ0h2SmFuLVFzclh3WXFoTnd2UDlsOWdERVVZdzR4dF92aVlfZXF6RVVMcXp5S09xRTZlYm1uRUJ1QlMzcUVaU1RWSHhZYUdmUEpkRGhMaDNOQjlLa2V5U2JqVzNibUFqZ01QZERJS2dwZEl2ak4xZ1hsU1FlOFFlUGpXWEdrNGl1ODZrNk8xWktmamxqYlFZYWhYcTVtUzNKVzl6Smh3MkVVdw?oc=5,2026-06-02 02:03:00,Kompas.com
250,Mendiktisaintek Akan Proses Hukum Pelaku Riset Palsu Denmark agar Jera - Kompas.com,"<a href=""https://news.google.com/rss/articles/CBMiwAFBVV95cUxQTVFtSkdlOXNyX3N6bXc0OGZkU0J0R2NubXJndUpCVXdqcFA0NGdnV0I5U19NNUxDcnllX2pKZFlrMVhXeTZXcUZSbWppT0ZHUDNRTE83TXR0b0VPaVEwLVUwQjBBdDM4OWFIVkRYbnhYd1ZsOWlsQU41cUlKRGJHNnJydEpUZzlDYUdlWW1MSDZqdm9vWGZydDFQdWk3ZFlnQ2ozSTNQT1FFT2hZbUhpRWtlSVVkX24yMEdQM0dnVWc?oc=5"" target=""_blank"">Mendiktisaintek Akan Proses Hukum Pelaku Riset Palsu Denmark agar Jera</a>&nbsp;&nbsp;<font color=""#6f6f6f"">Kompas.com</font>",https://news.google.com/rss/articles/CBMiwAFBVV95cUxQTVFtSkdlOXNyX3N6bXc0OGZkU0J0R2NubXJndUpCVXdqcFA0NGdnV0I5U19NNUxDcnllX2pKZFlrMVhXeTZXcUZSbWppT0ZHUDNRTE83TXR0b0VPaVEwLVUwQjBBdDM4OWFIVkRYbnhYd1ZsOWlsQU41cUlKRGJHNnJydEpUZzlDYUdlWW1MSDZqdm9vWGZydDFQdWk3ZFlnQ2ozSTNQT1FFT2hZbUhpRWtlSVVkX24yMEdQM0dnVWc?oc=5,2026-06-02 05:58:00,Kompas.com
251,"TikTok Mau Ikut Bikin Mobil Listrik, Modal Duit Rp 15 Triliun - Kompas.com","<a href=""https://news.google.com/rss/articles/CBMitAFBVV95cUxNNGh4M3pvTUtCeVAtaHpFQ1JHYzRtNVpQR2luOWhCbVpZS3FxWlJfYU5TY0hDaDBWM0o0YkZYTkEyaTB6b2cwZUZaWFpfS1RhZkFhd1p3WFR0TVR2WW9BRXY1eXVDYlVRcnVIYjVpZGVab3ROVDhYUDJpU09jeXE2bXJlVUN0S0R4TE9ndWtXOTM5MXNFQ2hfbXU4d0FBdkZjVFgxdzJwRDlqZDJVNGRJb0dGNVg?oc=5"" target=""_blank"">TikTok Mau Ikut Bikin Mobil Listrik, Modal Duit Rp 15 Triliun</a>&nbsp;&nbsp;<font color=""#6f6f6f"">Kompas.com</font>",https://news.google.com/rss/articles/CBMitAFBVV95cUxNNGh4M3pvTUtCeVAtaHpFQ1JHYzRtNVpQR2luOWhCbVpZS3FxWlJfYU5TY0hDaDBWM0o0YkZYTkEyaTB6b2cwZUZaWFpfS1RhZkFhd1p3WFR0TVR2WW9BRXY1eXVDYlVRcnVIYjVpZGVab3ROVDhYUDJpU09jeXE2bXJlVUN0S0R4TE9ndWtXOTM5MXNFQ2hfbXU4d0FBdkZjVFgxdzJwRDlqZDJVNGRJb0dGNVg?oc=5,2026-06-02 09:01:00,Kompas.com
252,"Forbes Ungkap 8 Orang Terkaya di Dunia Berasal dari AS, Berapa Kekayaannya? - Kompas.com","<a href=""https://news.google.com/rss/articles/CBMixwFBVV95cUxOanFpRWxsdG1xSC1DN2xDX2hhdTdFeDduaGMtNUJFMGpkS21iYV9tY1BqbTJWdk5aXzJGTzRfZk9PNVF1djFobGplVmxGOXY2QzdLQWRiSC1HSjRRMGt2VlFOQ3Z0bnBicmxKYmxjd3Y4eTlqWURuOVNyeU1pbmU4NnA5WUNDWEQ0bndPa0JiRVlKVlpZTlN3VHNlZndSTEtRRUg4TzFrVDhtZTR6RjBLSDcwSkZmaEtRSklUTzBfUFBTRzREYURF0gHHAUFVX3lxTFB0aUJROXoxUE0xWGRfZ0JlSVJhM2toMVM0cThBQ1diR0VEclgwcC1ueGw0Y0gyMVZNdU5DUzdockFIaE5qQ0RNQ2RIMW84V1lfUHRtcVBKQl9nUmtXQ0FMMkFKT2lnYzI4aUpCZjc0eGJiOVJ4ZUt0OHl5QVZORHlzQUVPR3dETjhFYXRQMlJXeUk2UV93YTdGQ1E0eC02NS1lOEM4VVNNNzNjZmJOM3dJT2UydTZ5czdXNU1zeTJOQVNzSW5kX2c?oc=5"" target=""_blank"">Forbes Ungkap 8 Orang Terkaya di Dunia Berasal dari AS, Berapa Kekayaannya?</a>&nbsp;&nbsp;<font color=""#6f6f6f"">Kompas.com</font>",https://news.google.com/rss/articles/CBMixwFBVV95cUxOanFpRWxsdG1xSC1DN2xDX2hhdTdFeDduaGMtNUJFMGpkS21iYV9tY1BqbTJWdk5aXzJGTzRfZk9PNVF1djFobGplVmxGOXY2QzdLQWRiSC1HSjRRMGt2VlFOQ3Z0bnBicmxKYmxjd3Y4eTlqWURuOVNyeU1pbmU4NnA5WUNDWEQ0bndPa0JiRVlKVlpZTlN3VHNlZndSTEtRRUg4TzFrVDhtZTR6RjBLSDcwSkZmaEtRSklUTzBfUFBTRzREYURF0gHHAUFVX3lxTFB0aUJROXoxUE0xWGRfZ0JlSVJhM2toMVM0cThBQ1diR0VEclgwcC1ueGw0Y0gyMVZNdU5DUzdockFIaE5qQ0RNQ2RIMW84V1lfUHRtcVBKQl9nUmtXQ0FMMkFKT2lnYzI4aUpCZjc0eGJiOVJ4ZUt0OHl5QVZORHlzQUVPR3dETjhFYXRQMlJXeUk2UV93YTdGQ1E0eC02NS1lOEM4VVNNNzNjZmJOM3dJT2UydTZ5czdXNU1zeTJOQVNzSW5kX2c?oc=5,2026-06-03 08:31:00,Kompas.com
253,"AI Sering Salah Deteksi Bug, Cisco Bikin Kerangka Solusi Berbasis Agentic AI - Kompas.com","<a href=""https://news.google.com/rss/articles/CBMiwwFBVV95cUxPZy1yVXNOVDZSczJ4Y09TS2owQkNrenE4Xzk2dW1zX25uWGl6VjFGY2JSREx0VVg3NlE5bkpPbmNxSlRKREFoM1VtTHlqcUVSejFFWXZsY0FuODY3MW5BTklTU1VaZHp2c1ZlNjl5b0gzODRYNTNrRzI5UVFiMUU5U2dNQS1vUjBWa1h2SkJ2Tkw0YUZEX1dpMWJXRlg2a09RVW9IdXdnOEN1UThNRm03ckEwRVZXbG1hOWRnU2dEM0lzd3M?oc=5"" target=""_blank"">AI Sering Salah Deteksi Bug, Cisco Bikin Kerangka Solusi Berbasis Agentic AI</a>&nbsp;&nbsp;<font color=""#6f6f6f"">Kompas.com</font>",https://news.google.com/rss/articles/CBMiwwFBVV95cUxPZy1yVXNOVDZSczJ4Y09TS2owQkNrenE4Xzk2dW1zX25uWGl6VjFGY2JSREx0VVg3NlE5bkpPbmNxSlRKREFoM1VtTHlqcUVSejFFWXZsY0FuODY3MW5BTklTU1VaZHp2c1ZlNjl5b0gzODRYNTNrRzI5UVFiMUU5U2dNQS1vUjBWa1h2SkJ2Tkw0YUZEX1dpMWJXRlg2a09RVW9IdXdnOEN1UThNRm03ckEwRVZXbG1hOWRnU2dEM0lzd3M?oc=5,2026-06-01 09:04:00,Kompas.com
254,"China Punya Robot Polantas, 3 Hari ""Tilang"" 12.000 Pelanggaran - Kompas.com","<a href=""https://news.google.com/rss/articles/CBMirAFBVV95cUxOQ1pZR1hNOWxYNGg2NEtjZm93T19PNUVQTmxraTMtZVROeDZyUm55M3BYNkZ2X2JmUTkyWEZ6a0EwMkl0TWFwbmxaYl9TdmxLRjdXbzVRd0FGQ2J1R1ZET3pROGJKQ29iRVUtMGpSeEx1TUlaTENvcC1oYldtWk0zUS1PVk9YbC1maWdMY1pxNWpyQWpHY3dfQVVPWHVPaWM5TEU4T0RVSEQzWE5a?oc=5"" target=""_blank"">China Punya Robot Polantas, 3 Hari ""Tilang"" 12.000 Pelanggaran</a>&nbsp;&nbsp;<font color=""#6f6f6f"">Kompas.com</font>",https://news.google.com/rss/articles/CBMirAFBVV95cUxOQ1pZR1hNOWxYNGg2NEtjZm93T19PNUVQTmxraTMtZVROeDZyUm55M3BYNkZ2X2JmUTkyWEZ6a0EwMkl0TWFwbmxaYl9TdmxLRjdXbzVRd0FGQ2J1R1ZET3pROGJKQ29iRVUtMGpSeEx1TUlaTENvcC1oYldtWk0zUS1PVk9YbC1maWdMY1pxNWpyQWpHY3dfQVVPWHVPaWM5TEU4T0RVSEQzWE5a?oc=5,2026-06-04 01:44:00,Kompas.com
255,"Kejagung: Dadan Hindayana Cs Tersangka Korupsi MBG, Mark Up Pengadaan Motor hingga Sepatu - Kompas.com","<a href=""https://news.google.com/rss/articles/CBMixAFBVV95cUxPcWNOWVk1RTRobG9iUkx4VGg4T3hIdjgyN0xpQmNZSWctM2xKNzA1UlY0cjJDLS1JckJnbXpRdTJiQ2dhTkg2Rnh0eVN3NWNCbUdwYjcxVFBPRjJLVkF6bmVFVFJNc01sY1FmMVpUbWlITm4zOUNHRXJNVnhqMjFFempHN25ybU04VFpGLUxvMXlaTXpUZklsbGZIODJGSTlHd0RmOVJqV2RMdV9yMFFOZ29LQTNNdVROWGVXeHVKMHhpZUtl?oc=5"" target=""_blank"">Kejagung: Dadan Hindayana Cs Tersangka Korupsi MBG, Mark Up Pengadaan Motor hingga Sepatu</a>&nbsp;&nbsp;<font color=""#6f6f6f"">Kompas.com</font>",https://news.google.com/rss/articles/CBMixAFBVV95cUxPcWNOWVk1RTRobG9iUkx4VGg4T3hIdjgyN0xpQmNZSWctM2xKNzA1UlY0cjJDLS1JckJnbXpRdTJiQ2dhTkg2Rnh0eVN3NWNCbUdwYjcxVFBPRjJLVkF6bmVFVFJNc01sY1FmMVpUbWlITm4zOUNHRXJNVnhqMjFFempHN25ybU04VFpGLUxvMXlaTXpUZklsbGZIODJGSTlHd0RmOVJqV2RMdV9yMFFOZ29LQTNNdVROWGVXeHVKMHhpZUtl?oc=5,2026-06-03 11:42:18,Kompas.com
256,"Total Ada 122, Ini 8 Prodi yang Paling Banyak Ditutup Sepanjang 2026 - Kompas.com","<a href=""https://news.google.com/rss/articles/CBMivAFBVV95cUxOTXFKY1RDVXpRNVNwSTQ2dl9rMzFxRVBYRVFGSkRYOVdkTUtCb2g3STlkWjBSSnBnbXhWeVhMcU9QQ056MjBuem9sZ2hFcXFrSXNMV1E2djZFNHhDbWRWdHNYMUZjM2pkN1Z6UTZVaVV3RjE1SGF4YXVtUC1LY05zR0U1UTNqN2x6aDA3aFFWcjFqLTFWVWdzMi1YUnljNjVfTUZaODExb21vYkRnMkUxNXVTSlhQSXVDSjlheA?oc=5"" target=""_blank"">Total Ada 122, Ini 8 Prodi yang Paling Banyak Ditutup Sepanjang 2026</a>&nbsp;&nbsp;<font color=""#6f6f6f"">Kompas.com</font>",https://news.google.com/rss/articles/CBMivAFBVV95cUxOTXFKY1RDVXpRNVNwSTQ2dl9rMzFxRVBYRVFGSkRYOVdkTUtCb2g3STlkWjBSSnBnbXhWeVhMcU9QQ056MjBuem9sZ2hFcXFrSXNMV1E2djZFNHhDbWRWdHNYMUZjM2pkN1Z6UTZVaVV3RjE1SGF4YXVtUC1LY05zR0U1UTNqN2x6aDA3aFFWcjFqLTFWVWdzMi1YUnljNjVfTUZaODExb21vYkRnMkUxNXVTSlhQSXVDSjlheA?oc=5,2026-06-03 06:18:00,Kompas.com
257,Nadiem Pakai Jaket Gojek di Sidang Pleidoi - Kompas.com,"<a href=""https://news.google.com/rss/articles/CBMimwFBVV95cUxPbzN3RjZHTnVFWXgxdjZISW5QQ005cW1mbVVXUUVwTVZ3Yk5SUnROOHoxWGRNUk5EVzRoejJaenhSaEgxM0FlLTEtY3ROTEE0TU40UXRoSnZZRDNYNF93VHJyVjlOTDJHZExDTDBHMHJackR3dGdZMkZEQ2h4VzV4TDJncDU4ZjllaVB4Mmo5NlQ2VDJMeGlweGdtUQ?oc=5"" target=""_blank"">Nadiem Pakai Jaket Gojek di Sidang Pleidoi</a>&nbsp;&nbsp;<font color=""#6f6f6f"">Kompas.com</font>",https://news.google.com/rss/articles/CBMimwFBVV95cUxPbzN3RjZHTnVFWXgxdjZISW5QQ005cW1mbVVXUUVwTVZ3Yk5SUnROOHoxWGRNUk5EVzRoejJaenhSaEgxM0FlLTEtY3ROTEE0TU40UXRoSnZZRDNYNF93VHJyVjlOTDJHZExDTDBHMHJackR3dGdZMkZEQ2h4VzV4TDJncDU4ZjllaVB4Mmo5NlQ2VDJMeGlweGdtUQ?oc=5,2026-06-02 04:34:00,Kompas.com
258,"Asus Umumkan VivoWatch 6 Plus, Pakai Bodi Titanium dan Layar AMOLED - Kompas.com","<a href=""https://news.google.com/rss/articles/CBMitwFBVV95cUxNUWNlTDNxRF96ZTJIUHEtUkV3Q082T3NiUXFTMEJobV9INmhhTlZpaC1KNG9mdTBNeGJoZlBxWXlGcDk3OVZvXzA1SWRsTkEwUnZITV9ad0U3QTVfNl9MN2NoTzhKckhCX3pfNDlDWkJjZ1R2elZoUU85RzZQOThlSGx2T2ZZR0Zsb0J2LWxPU2xzbWd5dXFYelhsc0RrRzhWemtiQU1Sdl9mTHhVMENjeHdkLVMwLWc?oc=5"" target=""_blank"">Asus Umumkan VivoWatch 6 Plus, Pakai Bodi Titanium dan Layar AMOLED</a>&nbsp;&nbsp;<font color=""#6f6f6f"">Kompas.com</font>",https://news.google.com/rss/articles/CBMitwFBVV95cUxNUWNlTDNxRF96ZTJIUHEtUkV3Q082T3NiUXFTMEJobV9INmhhTlZpaC1KNG9mdTBNeGJoZlBxWXlGcDk3OVZvXzA1SWRsTkEwUnZITV9ad0U3QTVfNl9MN2NoTzhKckhCX3pfNDlDWkJjZ1R2elZoUU85RzZQOThlSGx2T2ZZR0Zsb0J2LWxPU2xzbWd5dXFYelhsc0RrRzhWemtiQU1Sdl9mTHhVMENjeHdkLVMwLWc?oc=5,2026-06-04 02:02:00,Kompas.com
259,"Wakapolri Temui Otoritas Keamanan Arab Saudi, Bahas Perlindungan Jemaah Haji Indonesia - Kompas.com","<a href=""https://news.google.com/rss/articles/CBMixwFBVV95cUxOTFBMdFM1ODUtSlJXdzE5ZzJwUGpnT0NlLXZ5dFRMOWtrY0hwa1EwNDBmbWhCR2M5UWZPLW94T21Nbm5uVXh5ZU91dDUxVVRlWnI3aUJFUF9lbUw3VEZGMkxnUDlBT3dabUVLNmtVYTBZNkhXTTJJMzBFZHVmTFI1bGpoOG5kOHM5YkFIclJZNG5zRmtxUmNXQk1SUjExY0RxZTRocjNreDQ0a1hkeVF1ZGhLT3M2OTJLWGxGNXJmSTNxSy1IVmVB?oc=5"" target=""_blank"">Wakapolri Temui Otoritas Keamanan Arab Saudi, Bahas Perlindungan Jemaah Haji Indonesia</a>&nbsp;&nbsp;<font color=""#6f6f6f"">Kompas.com</font>",https://news.google.com/rss/articles/CBMixwFBVV95cUxOTFBMdFM1ODUtSlJXdzE5ZzJwUGpnT0NlLXZ5dFRMOWtrY0hwa1EwNDBmbWhCR2M5UWZPLW94T21Nbm5uVXh5ZU91dDUxVVRlWnI3aUJFUF9lbUw3VEZGMkxnUDlBT3dabUVLNmtVYTBZNkhXTTJJMzBFZHVmTFI1bGpoOG5kOHM5YkFIclJZNG5zRmtxUmNXQk1SUjExY0RxZTRocjNreDQ0a1hkeVF1ZGhLT3M2OTJLWGxGNXJmSTNxSy1IVmVB?oc=5,2026-06-02 03:14:00,Kompas.com
260,"Nadiem Singgung Pengorbanan buat Negara: Hadiahnya Jeruji Besi, Betapa Hancur Hati Saya... - Kompas.com","<a href=""https://news.google.com/rss/articles/CBMixwFBVV95cUxQQmxRR2tVZ2NadDRRdkhuc2Q2X1JWUVFxQl9McmxfMHJ1SEZaczVSckJ4TmtXWjdDVUM1Zm10RlBHQmstUk1WVjNaVWNQMmw1WEIwZ2VTYUV4N25reWhTbU1jNlpOY0ZpeVdTX0F2S0xscVRPY0J1M3UwS1VYM0VpYjNtX3NpTExtYW1OWTJWRjRyOXRXeEptTmNKMXhQRTJhYzhZS0RqclREMkpSS0RhazE1YUpHY2dFWXU2MUw0cDU5UnhHYVF3?oc=5"" target=""_blank"">Nadiem Singgung Pengorbanan buat Negara: Hadiahnya Jeruji Besi, Betapa Hancur Hati Saya...</a>&nbsp;&nbsp;<font color=""#6f6f6f"">Kompas.com</font>",https://news.google.com/rss/articles/CBMixwFBVV95cUxQQmxRR2tVZ2NadDRRdkhuc2Q2X1JWUVFxQl9McmxfMHJ1SEZaczVSckJ4TmtXWjdDVUM1Zm10RlBHQmstUk1WVjNaVWNQMmw1WEIwZ2VTYUV4N25reWhTbU1jNlpOY0ZpeVdTX0F2S0xscVRPY0J1M3UwS1VYM0VpYjNtX3NpTExtYW1OWTJWRjRyOXRXeEptTmNKMXhQRTJhYzhZS0RqclREMkpSS0RhazE1YUpHY2dFWXU2MUw0cDU5UnhHYVF3?oc=5,2026-06-02 07:51:00,Kompas.com
261,Transportasi Masa Depan dan Bahasa Perancis - Kompas.com,"<a href=""https://news.google.com/rss/articles/CBMingFBVV95cUxPeHV4bHZyRmlGeVUwcUJJVkx4bkZTT3NTemthVUxleGZEQkFlZW9RMTJyN1MtMThVQVFWMy1MN1JfOWpsWWYwcU5VdEVqR0VxZVJiRG93T01GTy1LMnI0N3NlVVlQclJZRGR1SENLbmlSMWF0TDVXRHVQakZmLW9pdjU5aDgtTVZQYzg4SHJHY0pFWE5CQnJYMUtvX2MyZw?oc=5"" target=""_blank"">Transportasi Masa Depan dan Bahasa Perancis</a>&nbsp;&nbsp;<font color=""#6f6f6f"">Kompas.com</font>",https://news.google.com/rss/articles/CBMingFBVV95cUxPeHV4bHZyRmlGeVUwcUJJVkx4bkZTT3NTemthVUxleGZEQkFlZW9RMTJyN1MtMThVQVFWMy1MN1JfOWpsWWYwcU5VdEVqR0VxZVJiRG93T01GTy1LMnI0N3NlVVlQclJZRGR1SENLbmlSMWF0TDVXRHVQakZmLW9pdjU5aDgtTVZQYzg4SHJHY0pFWE5CQnJYMUtvX2MyZw?oc=5,2026-05-31 01:00:00,Kompas.com
262,"Hingga Akhir Mei, Satgas Haji Tetapkan 26 Tersangka Kasus Penipuan Haji - Kompas.com","<a href=""https://news.google.com/rss/articles/CBMiwAFBVV95cUxQaU5IS3BUOGhnMUZyTUJHQUFiaWFVVTIyU2o4UlpYZ1ZqNnNSQ01fUVFmR3lHMTBiZURoeE14MG0tVXhzclQzRkdPTTZSOG00aXR2YXVMa0NWankwc0R1NkN5RkVmc21XM3RraEVoWXdFYjRab2F1V2htbHJKbTdCdkN2RjRJeVB1emoyRlRxbW9LTWpYRGlaYWgwczlIM25rdmZIOGhCX2lrU1Z5SWRyOXdtb0tVQmZxSlpGcEt6dHc?oc=5"" target=""_blank"">Hingga Akhir Mei, Satgas Haji Tetapkan 26 Tersangka Kasus Penipuan Haji</a>&nbsp;&nbsp;<font color=""#6f6f6f"">Kompas.com</font>",https://news.google.com/rss/articles/CBMiwAFBVV95cUxQaU5IS3BUOGhnMUZyTUJHQUFiaWFVVTIyU2o4UlpYZ1ZqNnNSQ01fUVFmR3lHMTBiZURoeE14MG0tVXhzclQzRkdPTTZSOG00aXR2YXVMa0NWankwc0R1NkN5RkVmc21XM3RraEVoWXdFYjRab2F1V2htbHJKbTdCdkN2RjRJeVB1emoyRlRxbW9LTWpYRGlaYWgwczlIM25rdmZIOGhCX2lrU1Z5SWRyOXdtb0tVQmZxSlpGcEt6dHc?oc=5,2026-06-02 02:35:00,Kompas.com
263,"Polisi Sebut Berkas Perkara Ijazah Jokowi Lengkap, Roy Suryo: Ngaco Banget - Kompas.com","<a href=""https://news.google.com/rss/articles/CBMisAFBVV95cUxNUXB5ajNIUll4WHhGNFBsVC1qekgxT3VhQ09kOWtWRlVmWWRsVTFVMVdQZ215d1VCSm9tR1c0UVBWZjlKWWNpZlNCWjJHZnpZalp0d3J1WDhsQUduV285LUtLNzl0NDZMcFdhUERmaVlGLWhRLUp3dHIyLTdFWWtnWnNTVU9vS2tvV0ptajg5dUFmbW16UURFOU1DNmhmZ3BmYnVUbS0yUXd2WV9WOVV1VQ?oc=5"" target=""_blank"">Polisi Sebut Berkas Perkara Ijazah Jokowi Lengkap, Roy Suryo: Ngaco Banget</a>&nbsp;&nbsp;<font color=""#6f6f6f"">Kompas.com</font>",https://news.google.com/rss/articles/CBMisAFBVV95cUxNUXB5ajNIUll4WHhGNFBsVC1qekgxT3VhQ09kOWtWRlVmWWRsVTFVMVdQZ215d1VCSm9tR1c0UVBWZjlKWWNpZlNCWjJHZnpZalp0d3J1WDhsQUduV285LUtLNzl0NDZMcFdhUERmaVlGLWhRLUp3dHIyLTdFWWtnWnNTVU9vS2tvV0ptajg5dUFmbW16UURFOU1DNmhmZ3BmYnVUbS0yUXd2WV9WOVV1VQ?oc=5,2026-06-03 16:40:30,Kompas.com
264,Kompolnas Nilai Polisi Seharusnya Mampu Berantas Begal Tanpa Bantuan TNI - Kompas.com,"<a href=""https://news.google.com/rss/articles/CBMiwwFBVV95cUxPN1UxQXdRN251ajhfVVJaUm5objg0OFpySVJvTV9qZnpCTk0xZ0lFV1dER2FzRGZUcWlaRkg3ZTRTX0lsQlVLNEVYWWtZdEJmbFJoUGU1WFlxdV85U1JsaTQ3djczbExwM3pDcmlaMVlhVnhkZHRFRE8zdWgxX0ZoRmF1dzNxT3pJZk44ZVlUbWNWaDFSOXA2dTRvUlViUWszN0dpQTFsMGZ4SkVQUmxBNGxXVEk1UDdvemdrMzdjNGtXdEE?oc=5"" target=""_blank"">Kompolnas Nilai Polisi Seharusnya Mampu Berantas Begal Tanpa Bantuan TNI</a>&nbsp;&nbsp;<font color=""#6f6f6f"">Kompas.com</font>",https://news.google.com/rss/articles/CBMiwwFBVV95cUxPN1UxQXdRN251ajhfVVJaUm5objg0OFpySVJvTV9qZnpCTk0xZ0lFV1dER2FzRGZUcWlaRkg3ZTRTX0lsQlVLNEVYWWtZdEJmbFJoUGU1WFlxdV85U1JsaTQ3djczbExwM3pDcmlaMVlhVnhkZHRFRE8zdWgxX0ZoRmF1dzNxT3pJZk44ZVlUbWNWaDFSOXA2dTRvUlViUWszN0dpQTFsMGZ4SkVQUmxBNGxXVEk1UDdvemdrMzdjNGtXdEE?oc=5,2026-06-02 08:08:00,Kompas.com
265,5 Skill yang Bisa Bikin Karier Tetap Aman di Era AI - Kompas.com,"<a href=""https://news.google.com/rss/articles/CBMisAFBVV95cUxQOTdkUDNZT2ZLQmI4MkxRZDFkRTJjdkdkYWNEMDgxQ3J1Vll0bnJoZVROTVlEcHNWVW50ZHdya3FNNHBBVmV2VGhtQTJMODRRTV8yd3IxSkhDWXVucjFWYTIwMUtMMUQ0NzhoZThjWEstSGtzeUJuV0NsUjg5b0F0azg4SFhnUzBCU2JrX2o3UFk4WG94bGlNUUNvUmZSWGZtbjVNeC0teXA1eVJoSHZBcA?oc=5"" target=""_blank"">5 Skill yang Bisa Bikin Karier Tetap Aman di Era AI</a>&nbsp;&nbsp;<font color=""#6f6f6f"">Kompas.com</font>",https://news.google.com/rss/articles/CBMisAFBVV95cUxQOTdkUDNZT2ZLQmI4MkxRZDFkRTJjdkdkYWNEMDgxQ3J1Vll0bnJoZVROTVlEcHNWVW50ZHdya3FNNHBBVmV2VGhtQTJMODRRTV8yd3IxSkhDWXVucjFWYTIwMUtMMUQ0NzhoZThjWEstSGtzeUJuV0NsUjg5b0F0azg4SFhnUzBCU2JrX2o3UFk4WG94bGlNUUNvUmZSWGZtbjVNeC0teXA1eVJoSHZBcA?oc=5,2026-05-29 02:19:00,Kompas.com
266,"116 Kloter Haji Pulang lewat Juanda, Imigrasi Terapkan Corridor Gate Berbasis AI - Kompas.com","<a href=""https://news.google.com/rss/articles/CBMivgFBVV95cUxNQWpUdm1FcnpxME9YQnNxemwzX04xUkdxMXRQQnk5NG9ILU41dUYzZFVBRnB4NlU4ZG5EWDBXckN6YUh1b3JVNVhzZkoxNVVLdHRla3otS0tFbXlfS294Ym05VnMtMWQyRFlqX29EaWR3LUx1VVVjNEJ4VVlURzJ1ck8ydUZpWHZCMDRURktNbjBxdW5VbzhmckltQVF4by1kTDhOWlpfclV3b2d0Q3pxVlZsX0pTWFk4VHF1eXV3?oc=5"" target=""_blank"">116 Kloter Haji Pulang lewat Juanda, Imigrasi Terapkan Corridor Gate Berbasis AI</a>&nbsp;&nbsp;<font color=""#6f6f6f"">Kompas.com</font>",https://news.google.com/rss/articles/CBMivgFBVV95cUxNQWpUdm1FcnpxME9YQnNxemwzX04xUkdxMXRQQnk5NG9ILU41dUYzZFVBRnB4NlU4ZG5EWDBXckN6YUh1b3JVNVhzZkoxNVVLdHRla3otS0tFbXlfS294Ym05VnMtMWQyRFlqX29EaWR3LUx1VVVjNEJ4VVlURzJ1ck8ydUZpWHZCMDRURktNbjBxdW5VbzhmckltQVF4by1kTDhOWlpfclV3b2d0Q3pxVlZsX0pTWFk4VHF1eXV3?oc=5,2026-06-02 02:05:00,Kompas.com
267,"Bukan Cuma China, Ini Daftar 10 Negara Penampung Ekspor Terbesar Indonesia di 2026 - Kompas.com","<a href=""https://news.google.com/rss/articles/CBMivAFBVV95cUxPSjI2THdkRlhUUTlybDE3NEhJU0k5TDRxcXkzM21Hano3VWpKODBPQTVBbzktRnVoZ3dGem94LXY3VE5pRWN4TmoyOWo2NHZxMkVsLWF3dzdBWFJwNXZmZXdXS2dmN1NxbkhxTlotdEROdWdCQ1M3NWdSWnY2TWdUamJxalB0WDJBZjNldVFCaVFHdUJOakdIaG1VcUxXTUtYMTlRbVA4bEJZSHlWVkllcDUyTlF1U25qd2FyMA?oc=5"" target=""_blank"">Bukan Cuma China, Ini Daftar 10 Negara Penampung Ekspor Terbesar Indonesia di 2026</a>&nbsp;&nbsp;<font color=""#6f6f6f"">Kompas.com</font>",https://news.google.com/rss/articles/CBMivAFBVV95cUxPSjI2THdkRlhUUTlybDE3NEhJU0k5TDRxcXkzM21Hano3VWpKODBPQTVBbzktRnVoZ3dGem94LXY3VE5pRWN4TmoyOWo2NHZxMkVsLWF3dzdBWFJwNXZmZXdXS2dmN1NxbkhxTlotdEROdWdCQ1M3NWdSWnY2TWdUamJxalB0WDJBZjNldVFCaVFHdUJOakdIaG1VcUxXTUtYMTlRbVA4bEJZSHlWVkllcDUyTlF1U25qd2FyMA?oc=5,2026-06-03 11:41:01,Kompas.com
268,Dudung Ungkap Banyak Laporan ke Presiden Sebelum Kepala BGN Dicopot - Kompas.com,"<a href=""https://news.google.com/rss/articles/CBMiqgFBVV95cUxOeUluV3dBVHNaakIxWkk4cDRwR0k0LWVhMHhXd3F4WkZQRkJqdktzRHpRMjNXemZsVER2SDFDV2hoS05hX2ZGbXFyUFVIMVItNHkyWjVIdVZNNThIdUtBSG11TXZ0RXBxN3lIQ21pY2w3bzBra0YxcTZ6LVRQbk5lVHdmeFhqZHhrOUdnM0l2V3VmcVViSjA3Q0dZQkZYaXc3d3JEdWsyUkZGdw?oc=5"" target=""_blank"">Dudung Ungkap Banyak Laporan ke Presiden Sebelum Kepala BGN Dicopot</a>&nbsp;&nbsp;<font color=""#6f6f6f"">Kompas.com</font>",https://news.google.com/rss/articles/CBMiqgFBVV95cUxOeUluV3dBVHNaakIxWkk4cDRwR0k0LWVhMHhXd3F4WkZQRkJqdktzRHpRMjNXemZsVER2SDFDV2hoS05hX2ZGbXFyUFVIMVItNHkyWjVIdVZNNThIdUtBSG11TXZ0RXBxN3lIQ21pY2w3bzBra0YxcTZ6LVRQbk5lVHdmeFhqZHhrOUdnM0l2V3VmcVViSjA3Q0dZQkZYaXc3d3JEdWsyUkZGdw?oc=5,2026-06-03 11:41:01,Kompas.com
269,Siap Naik Taksi Terbang? China Berhasil Uji eVTOL Berawak Perdana! - Kompas.com,"<a href=""https://news.google.com/rss/articles/CBMipgFBVV95cUxNTW5qU3BOQ3RCaWd0QXdxem5rR1RyeWYzaktxa19JRjFaak9mUjBQaTVIQlFJSVhkeFdySTYwbllvdTkyYWZTNTZlTWtCTnNHUTh6ZEl5cVpDQUxDTlRmSnd6d2djajk4RHktYUlXQm5tMm5UTnhVR3A5RUpsMGNfS2hKZ0NabF9ndWdObjZYelpEdjZBVEtXLS1EYUFuc1k4V1BUd0dn?oc=5"" target=""_blank"">Siap Naik Taksi Terbang? China Berhasil Uji eVTOL Berawak Perdana!</a>&nbsp;&nbsp;<font color=""#6f6f6f"">Kompas.com</font>",https://news.google.com/rss/articles/CBMipgFBVV95cUxNTW5qU3BOQ3RCaWd0QXdxem5rR1RyeWYzaktxa19JRjFaak9mUjBQaTVIQlFJSVhkeFdySTYwbllvdTkyYWZTNTZlTWtCTnNHUTh6ZEl5cVpDQUxDTlRmSnd6d2djajk4RHktYUlXQm5tMm5UTnhVR3A5RUpsMGNfS2hKZ0NabF9ndWdObjZYelpEdjZBVEtXLS1EYUFuc1k4V1BUd0dn?oc=5,2026-06-03 08:24:46,Kompas.com
270,"Kenapa Iran ""Nekat"" Serang Kuwait dan Bahrain? - Kompas.com","<a href=""https://news.google.com/rss/articles/CBMiigFBVV95cUxQZXVnWjJsYkZ1Mk5JMTlJNDhmRWo4MFhaQXRIWUxZaTZwWnBHWDBfOG1nTUlmY2dmc0xQZFg1MWVZdnVWOEJmTXF0bFBicEJ0RGQ4cm43Q0Zucl9YU0ZUU2RQU21WdW43LTRZY3ZsQk1FbHh3QkRROTZFRGZMVjR1ZEt1bTgyelFkdHc?oc=5"" target=""_blank"">Kenapa Iran ""Nekat"" Serang Kuwait dan Bahrain?</a>&nbsp;&nbsp;<font color=""#6f6f6f"">Kompas.com</font>",https://news.google.com/rss/articles/CBMiigFBVV95cUxQZXVnWjJsYkZ1Mk5JMTlJNDhmRWo4MFhaQXRIWUxZaTZwWnBHWDBfOG1nTUlmY2dmc0xQZFg1MWVZdnVWOEJmTXF0bFBicEJ0RGQ4cm43Q0Zucl9YU0ZUU2RQU21WdW43LTRZY3ZsQk1FbHh3QkRROTZFRGZMVjR1ZEt1bTgyelFkdHc?oc=5,2026-06-03 12:07:37,Kompas.com
271,"Operasi Patuh Lodaya Selama 14 Hari Mulai 8 Juni 2026, Polda Jabar Andalkan ETLE untuk Penindakan - Kompas.com","<a href=""https://news.google.com/rss/articles/CBMixgFBVV95cUxOQjlhZjdWSjJldHBzMzNYbWd2NzRWNF9mYndQcDNKVUdON0hxZlladVFKeGZsUERVTzhxV2VLRk1sSFhiZUFSU0pxOU9ySkVIcElOVXFDV3ZRc2lIWHNLSDNIQlphaGhhNkU4LVA1UmZKbnJRYy13eTdRMFJZeTAtTFVJdzQ3NmRIY3pvSGZJR0wtVngwV3lwX0FXOHZ3QWJnQ0pWSy1QbE5aN2ZiMTRBZUc5cE4wb1I2TTJEbkJmMUhBSmhrSGc?oc=5"" target=""_blank"">Operasi Patuh Lodaya Selama 14 Hari Mulai 8 Juni 2026, Polda Jabar Andalkan ETLE untuk Penindakan</a>&nbsp;&nbsp;<font color=""#6f6f6f"">Kompas.com</font>",https://news.google.com/rss/articles/CBMixgFBVV95cUxOQjlhZjdWSjJldHBzMzNYbWd2NzRWNF9mYndQcDNKVUdON0hxZlladVFKeGZsUERVTzhxV2VLRk1sSFhiZUFSU0pxOU9ySkVIcElOVXFDV3ZRc2lIWHNLSDNIQlphaGhhNkU4LVA1UmZKbnJRYy13eTdRMFJZeTAtTFVJdzQ3NmRIY3pvSGZJR0wtVngwV3lwX0FXOHZ3QWJnQ0pWSy1QbE5aN2ZiMTRBZUc5cE4wb1I2TTJEbkJmMUhBSmhrSGc?oc=5,2026-06-03 07:22:00,Kompas.com
272,TransitionZero Luncurkan Platform Pemodelan Sistem Energi untuk Asia Tenggara - Kompas.com,"<a href=""https://news.google.com/rss/articles/CBMivgFBVV95cUxOaUpUYXU0a0RRMXA3MVYySkZpMUU5VzBrY2YtLWs0eHdhLVVhclJiRHRJY3VCcEFFdDlLQVIwMnBrSHppZ3E2U0xLYlZFXzlPWU5DT0RWZlQzTlJoSm5JeWNCQ1NrQmJyTEs4Q1RUb0hKNGNwdkhSenlGdDZ2QlBhUmdqR0RfbEh3TDBaOHJXZE5qR0xkcDlvVjgzbG1DMEZnLURvU2hCRmhFSkh6azktWDVqZWM1XzlrS0RHd0J3?oc=5"" target=""_blank"">TransitionZero Luncurkan Platform Pemodelan Sistem Energi untuk Asia Tenggara</a>&nbsp;&nbsp;<font color=""#6f6f6f"">Kompas.com</font>",https://news.google.com/rss/articles/CBMivgFBVV95cUxOaUpUYXU0a0RRMXA3MVYySkZpMUU5VzBrY2YtLWs0eHdhLVVhclJiRHRJY3VCcEFFdDlLQVIwMnBrSHppZ3E2U0xLYlZFXzlPWU5DT0RWZlQzTlJoSm5JeWNCQ1NrQmJyTEs4Q1RUb0hKNGNwdkhSenlGdDZ2QlBhUmdqR0RfbEh3TDBaOHJXZE5qR0xkcDlvVjgzbG1DMEZnLURvU2hCRmhFSkh6azktWDVqZWM1XzlrS0RHd0J3?oc=5,2026-06-03 09:20:00,Kompas.com
273,"Acer Predator Atlas 8 Rilis, Handheld Gaming PC Pertama dengan Intel Arc G3 - Kompas.com","<a href=""https://news.google.com/rss/articles/CBMiwgFBVV95cUxNaXlaSHNGZDktQ2lIQnluaHR6WkJiallDYmZWQlNlU21zVUdDdVpKZlZvZGFoQkI1bVpaN2l4cHBzd0RBRTZTcUItNmlRdmJieUszRmZBbTZ4YXc4b0YwMnF4dEFtNllNTGRuRkZ0Z2E2TU1RRjR3WHo0UEEzeE5IUk1KQ2NLUXlHRW44NkhoS09JejZYQkMyekRqdzZtRnlQZnRmTGk3NjZlQmg1b3NXVWM0Vm14U1J6eEZtYjZmSTY3UQ?oc=5"" target=""_blank"">Acer Predator Atlas 8 Rilis, Handheld Gaming PC Pertama dengan Intel Arc G3</a>&nbsp;&nbsp;<font color=""#6f6f6f"">Kompas.com</font>",https://news.google.com/rss/articles/CBMiwgFBVV95cUxNaXlaSHNGZDktQ2lIQnluaHR6WkJiallDYmZWQlNlU21zVUdDdVpKZlZvZGFoQkI1bVpaN2l4cHBzd0RBRTZTcUItNmlRdmJieUszRmZBbTZ4YXc4b0YwMnF4dEFtNllNTGRuRkZ0Z2E2TU1RRjR3WHo0UEEzeE5IUk1KQ2NLUXlHRW44NkhoS09JejZYQkMyekRqdzZtRnlQZnRmTGk3NjZlQmg1b3NXVWM0Vm14U1J6eEZtYjZmSTY3UQ?oc=5,2026-05-31 02:09:00,Kompas.com
274,"Singgung Pengabdian di Pemerintahan, Nadiem: Hadiah yang Saya Dapatkan Adalah Jeruji Besi - Kompas.com","<a href=""https://news.google.com/rss/articles/CBMixwFBVV95cUxOMDRsTmFOY18yTjIzc205LVdzdUxobF9STlZMUno3R0dOa29VT1MtQ3Bnak9LdFl2ajlnSzZOSVowSUJqY0R6Ukd0V0JIREpIb0NiTVRlZzZWMllBRkxvNTg1SXdYNWczYXY4ZDBrbWZ5RUFVdEl4VURPNUFhVTlIcVpDVVkyTXhYQjl3Y1hna0RqcE02TS0zSE5yMDJFWmpfeXlLRmMxSmNkWGJEM2JmWG1Pc0RPV1pQellxVUQ2Slo1NmhfZkRr?oc=5"" target=""_blank"">Singgung Pengabdian di Pemerintahan, Nadiem: Hadiah yang Saya Dapatkan Adalah Jeruji Besi</a>&nbsp;&nbsp;<font color=""#6f6f6f"">Kompas.com</font>",https://news.google.com/rss/articles/CBMixwFBVV95cUxOMDRsTmFOY18yTjIzc205LVdzdUxobF9STlZMUno3R0dOa29VT1MtQ3Bnak9LdFl2ajlnSzZOSVowSUJqY0R6Ukd0V0JIREpIb0NiTVRlZzZWMllBRkxvNTg1SXdYNWczYXY4ZDBrbWZ5RUFVdEl4VURPNUFhVTlIcVpDVVkyTXhYQjl3Y1hna0RqcE02TS0zSE5yMDJFWmpfeXlLRmMxSmNkWGJEM2JmWG1Pc0RPV1pQellxVUQ2Slo1NmhfZkRr?oc=5,2026-06-02 07:14:00,Kompas.com
275,Sidang Nadiem Mendadak Gelap Saat Bahas Pesan kepada Ibam Arief - Kompas.com,"<a href=""https://news.google.com/rss/articles/CBMipAFBVV95cUxONzg5MWF1TXFFbVkyc1FTTmFGZjRsMi1uc1B3MFEwczhUTUR4akhFd0tINTRtUlZ5d3ZOR296V1pJYUdIQXFmV2FYUjJsQkJvenRMTGFYek5qTEdEcF9mLW5zdC1DNFB3Y2JDLXVjSWZ5U0ZZWGgtbGN4THVrd1JVWVI3V29CVnV3djVyanZ4dkFzbWs4Y1cwNnlGNTJlMm5uNW8wLQ?oc=5"" target=""_blank"">Sidang Nadiem Mendadak Gelap Saat Bahas Pesan kepada Ibam Arief</a>&nbsp;&nbsp;<font color=""#6f6f6f"">Kompas.com</font>",https://news.google.com/rss/articles/CBMipAFBVV95cUxONzg5MWF1TXFFbVkyc1FTTmFGZjRsMi1uc1B3MFEwczhUTUR4akhFd0tINTRtUlZ5d3ZOR296V1pJYUdIQXFmV2FYUjJsQkJvenRMTGFYek5qTEdEcF9mLW5zdC1DNFB3Y2JDLXVjSWZ5U0ZZWGgtbGN4THVrd1JVWVI3V29CVnV3djVyanZ4dkFzbWs4Y1cwNnlGNTJlMm5uNW8wLQ?oc=5,2026-06-02 09:48:53,Kompas.com
276,"Soal Pemalsuan Riset di Konferensi Internasional, Kemendikti Bentuk Tim Khusus - Kompas.com","<a href=""https://news.google.com/rss/articles/CBMiwAFBVV95cUxPWWVKNUxnR3dqZEc0RGh4WGRHRWcyamdTeVVpajZOb0FmQmtMN3BveTFYbW8zVzR5NWVtSmR1TG92aVpWRzd1YlBKQkpMOUoweWd1UWMxTGlhLThWakpiRklBMFRBMkExR0xVcXhmdkRjaWNUZFR2VnhoUFFDTU5RR0RFQ0pQaXhXTHJRRERiZE5Rd3hoOGVVSXpraXhKUTNLZFpkb29IOEFBc1Z2aTg2aGczQ2RKdXFlU0pQTmdsY2M?oc=5"" target=""_blank"">Soal Pemalsuan Riset di Konferensi Internasional, Kemendikti Bentuk Tim Khusus</a>&nbsp;&nbsp;<font color=""#6f6f6f"">Kompas.com</font>",https://news.google.com/rss/articles/CBMiwAFBVV95cUxPWWVKNUxnR3dqZEc0RGh4WGRHRWcyamdTeVVpajZOb0FmQmtMN3BveTFYbW8zVzR5NWVtSmR1TG92aVpWRzd1YlBKQkpMOUoweWd1UWMxTGlhLThWakpiRklBMFRBMkExR0xVcXhmdkRjaWNUZFR2VnhoUFFDTU5RR0RFQ0pQaXhXTHJRRERiZE5Rd3hoOGVVSXpraXhKUTNLZFpkb29IOEFBc1Z2aTg2aGczQ2RKdXFlU0pQTmdsY2M?oc=5,2026-06-03 03:48:00,Kompas.com
277,"Lebanon, Ujian Berat AS: Jadi ""Senjata"" Iran Setir Perundingan, Trump-Netanyahu Retak Atau Retorika? - Kompas.com","<a href=""https://news.google.com/rss/articles/CBMizgFBVV95cUxPUUVrRXRPTFhFemt4QjlGNk1IN3FndVd1VFVjV21yTWphSzcySkJzR3lNdEFhYkdOXzgydEt1X1BHVVVfeHBUZll4QXJnZks3T2hTYnJIR2NIR1RiNUVmakxLZnJTamx0a3pVSzdkZDh4eFVHakFIM0xieVctaEgycEpsMVF4Sk9mTzdBdEI5R014cnhyVFo1TXN3ZnlONjBJbDJUVW1JZkdZZzA2T0JDSjkyVHlGM1BUd003NDAxQzE2QlpkR2ZSZXdvVHhDUQ?oc=5"" target=""_blank"">Lebanon, Ujian Berat AS: Jadi ""Senjata"" Iran Setir Perundingan, Trump-Netanyahu Retak Atau Retorika?</a>&nbsp;&nbsp;<font color=""#6f6f6f"">Kompas.com</font>",https://news.google.com/rss/articles/CBMizgFBVV95cUxPUUVrRXRPTFhFemt4QjlGNk1IN3FndVd1VFVjV21yTWphSzcySkJzR3lNdEFhYkdOXzgydEt1X1BHVVVfeHBUZll4QXJnZks3T2hTYnJIR2NIR1RiNUVmakxLZnJTamx0a3pVSzdkZDh4eFVHakFIM0xieVctaEgycEpsMVF4Sk9mTzdBdEI5R014cnhyVFo1TXN3ZnlONjBJbDJUVW1JZkdZZzA2T0JDSjkyVHlGM1BUd003NDAxQzE2QlpkR2ZSZXdvVHhDUQ?oc=5,2026-06-03 11:33:18,Kompas.com
278,"BNPP RI Gelar Upacara Hari Lahir Pancasila 2026, Teguhkan Persatuan Bangsa - Kompas.com","<a href=""https://news.google.com/rss/articles/CBMi3wFBVV95cUxOZkprdG81Unk4cDlibXVZRDdLQjYteXhwV1p0eDFLRFRMNnRBMGtRajRial9qNE9KMjUxZTZwYXFaZk0weGQ5emE2ZHpLNTdwRlEtRlFueTdaNjRlaXQ2SzJxdlhVbWNwaGdBZDMwU0FQZU9OdDMtS2NiX2xCSnRGLUdvN1FrNE5nY0hPUXRiMDNQU1BHUDJPeEp0cWd5TnlvZEtCaWxqdWZsUjlILVJKZGRuZFI2TnpVM1lWRmpWMVBGYXQ3YU41d1BPd2pLa0N0NzA3dE1KWHRjZkxxSlJR?oc=5"" target=""_blank"">BNPP RI Gelar Upacara Hari Lahir Pancasila 2026, Teguhkan Persatuan Bangsa</a>&nbsp;&nbsp;<font color=""#6f6f6f"">Kompas.com</font>",https://news.google.com/rss/articles/CBMi3wFBVV95cUxOZkprdG81Unk4cDlibXVZRDdLQjYteXhwV1p0eDFLRFRMNnRBMGtRajRial9qNE9KMjUxZTZwYXFaZk0weGQ5emE2ZHpLNTdwRlEtRlFueTdaNjRlaXQ2SzJxdlhVbWNwaGdBZDMwU0FQZU9OdDMtS2NiX2xCSnRGLUdvN1FrNE5nY0hPUXRiMDNQU1BHUDJPeEp0cWd5TnlvZEtCaWxqdWZsUjlILVJKZGRuZFI2TnpVM1lWRmpWMVBGYXQ3YU41d1BPd2pLa0N0NzA3dE1KWHRjZkxxSlJR?oc=5,2026-06-01 10:34:00,Kompas.com
279,Pemanfaatan AI dalam Transformasi Bisnis - Kompas.com,"<a href=""https://news.google.com/rss/articles/CBMilgFBVV95cUxNR3QydmIzZDBPVElLMlhSR0IyOW92dnM0bzQzVHppOFh2NURwdENuM1VEeWxhS1lsbVNnVWFEMjdzZ3hNVWd3MEt2VFZJaGMyV0g2ZThyMXlDbTQ4TFlKMTRZTjNJV3NCS3ZjcGZ6eXlrZ254REdCVkNfMFZLaHdJaDhUWE05b20wc3pycndEdjJteDJpdXc?oc=5"" target=""_blank"">Pemanfaatan AI dalam Transformasi Bisnis</a>&nbsp;&nbsp;<font color=""#6f6f6f"">Kompas.com</font>",https://news.google.com/rss/articles/CBMilgFBVV95cUxNR3QydmIzZDBPVElLMlhSR0IyOW92dnM0bzQzVHppOFh2NURwdENuM1VEeWxhS1lsbVNnVWFEMjdzZ3hNVWd3MEt2VFZJaGMyV0g2ZThyMXlDbTQ4TFlKMTRZTjNJV3NCS3ZjcGZ6eXlrZ254REdCVkNfMFZLaHdJaDhUWE05b20wc3pycndEdjJteDJpdXc?oc=5,2026-06-03 05:17:59,Kompas.com
280,Mikroba Bawah Tanah Mampu Ubah CO2 dari PLTU Jadi Batuan Berharga - Kompas.com,"<a href=""https://news.google.com/rss/articles/CBMiugFBVV95cUxQeFFWSUl1RFlTTTJteVRYVkQxUUk0VDdSUzZpd0NJWVZSQ0U2bVV1WXdvOVZpX19qdzhzSE1XTkhiS01TcC0tYUJRbmEyMl9pb095UFBiRFpBaGdKczlqaGFBcG4xY2hQLXhidDlMQ0h6UDB3OEY4RWoyWnpLeTRVeW5KQnVuVDdlTnRON2JtUTRvVVRSX0s0OFExQ29ONDliNmhubTJLMzg1Znp1TGJEXzRLMlY1cEtJOXc?oc=5"" target=""_blank"">Mikroba Bawah Tanah Mampu Ubah CO2 dari PLTU Jadi Batuan Berharga</a>&nbsp;&nbsp;<font color=""#6f6f6f"">Kompas.com</font>",https://news.google.com/rss/articles/CBMiugFBVV95cUxQeFFWSUl1RFlTTTJteVRYVkQxUUk0VDdSUzZpd0NJWVZSQ0U2bVV1WXdvOVZpX19qdzhzSE1XTkhiS01TcC0tYUJRbmEyMl9pb095UFBiRFpBaGdKczlqaGFBcG4xY2hQLXhidDlMQ0h6UDB3OEY4RWoyWnpLeTRVeW5KQnVuVDdlTnRON2JtUTRvVVRSX0s0OFExQ29ONDliNmhubTJLMzg1Znp1TGJEXzRLMlY1cEtJOXc?oc=5,2026-05-29 01:09:00,Kompas.com
281,Penampakan Kyiv Porak-poranda dan Terbakar Usai Dihantam Serangan Rusia - Kompas.com,"<a href=""https://news.google.com/rss/articles/CBMirwFBVV95cUxNbXFyY19LYmNIWm5IUzV0N0xsUzRDMmRLX1lYMldTRXBBUC1IbkM1UUpaVFhVU0s3dkpMclNLeUZXcmZhaC1yMVhvaVA4RnBCSzBRLUVDOHpReUNYNjF5aHB5eHhBWEI3ZHZjT0hHTWo1TEs5SUlfVFV5WlZfdmJtMTZaTkZSX21Vbmk2SWx1eEVvVnRYRnliV0hJQnlJQnJpVUt3TG9wY2o0RkVtSWs4?oc=5"" target=""_blank"">Penampakan Kyiv Porak-poranda dan Terbakar Usai Dihantam Serangan Rusia</a>&nbsp;&nbsp;<font color=""#6f6f6f"">Kompas.com</font>",https://news.google.com/rss/articles/CBMirwFBVV95cUxNbXFyY19LYmNIWm5IUzV0N0xsUzRDMmRLX1lYMldTRXBBUC1IbkM1UUpaVFhVU0s3dkpMclNLeUZXcmZhaC1yMVhvaVA4RnBCSzBRLUVDOHpReUNYNjF5aHB5eHhBWEI3ZHZjT0hHTWo1TEs5SUlfVFV5WlZfdmJtMTZaTkZSX21Vbmk2SWx1eEVvVnRYRnliV0hJQnlJQnJpVUt3TG9wY2o0RkVtSWs4?oc=5,2026-06-02 10:02:39,Kompas.com
282,"3 Jurusan S1 Teknik Metalurgi Terbaik di Indonesia, Referensi Ikut Jalur Mandiri 2026 - Kompas.com","<a href=""https://news.google.com/rss/articles/CBMiwgFBVV95cUxPaGtOc1N3eDQwclNsYUhrSWwtd2dfMkRxdk9kU3dEamJnaE5SUXRZWk9IOGpYbUY2cFhsRmJ2V3E1b1gwdmZENTNaUHNGOHJhR1Y0MG9WdEVUSmNzYTFWenlVN1hzc2NKNTZYYkFEUTB5NmRCaXJKOUVFSlNDQXN1UHdGWlVETnZ5ckdsZ2xuWlY4SDFMbU9UeEhaUWNyaWowSG1mMEhNTFRpQ3FFWG0zVkNDdUs2QVdCWlNidHgzY0t1dw?oc=5"" target=""_blank"">3 Jurusan S1 Teknik Metalurgi Terbaik di Indonesia, Referensi Ikut Jalur Mandiri 2026</a>&nbsp;&nbsp;<font color=""#6f6f6f"">Kompas.com</font>",https://news.google.com/rss/articles/CBMiwgFBVV95cUxPaGtOc1N3eDQwclNsYUhrSWwtd2dfMkRxdk9kU3dEamJnaE5SUXRZWk9IOGpYbUY2cFhsRmJ2V3E1b1gwdmZENTNaUHNGOHJhR1Y0MG9WdEVUSmNzYTFWenlVN1hzc2NKNTZYYkFEUTB5NmRCaXJKOUVFSlNDQXN1UHdGWlVETnZ5ckdsZ2xuWlY4SDFMbU9UeEhaUWNyaWowSG1mMEhNTFRpQ3FFWG0zVkNDdUs2QVdCWlNidHgzY0t1dw?oc=5,2026-06-02 12:25:00,Kompas.com
283,Iran Bersumpah Kirim Serangan Besar-besaran jika Diserang AS - Kompas.com,"<a href=""https://news.google.com/rss/articles/CBMioAFBVV95cUxQTzY3VUtLbjU4UWlkTE5kUEVleExnaDVYUUhfaWFHWGdydzJCUU1fU2EzUUFfTWhCYldRTk5xRTFlT3dRbkNtUUR0ZkUwLVZCdEFCNTg0dGF5QjU1akpQc0NYdmc2RWtFeGlSa1g5YUc1c3N4MElBS0RuQU05UkY1SU5xNzNDSW9aMHBqSHBoWnNPVDRYQnA3SEFISmFlTXhC?oc=5"" target=""_blank"">Iran Bersumpah Kirim Serangan Besar-besaran jika Diserang AS</a>&nbsp;&nbsp;<font color=""#6f6f6f"">Kompas.com</font>",https://news.google.com/rss/articles/CBMioAFBVV95cUxQTzY3VUtLbjU4UWlkTE5kUEVleExnaDVYUUhfaWFHWGdydzJCUU1fU2EzUUFfTWhCYldRTk5xRTFlT3dRbkNtUUR0ZkUwLVZCdEFCNTg0dGF5QjU1akpQc0NYdmc2RWtFeGlSa1g5YUc1c3N4MElBS0RuQU05UkY1SU5xNzNDSW9aMHBqSHBoWnNPVDRYQnA3SEFISmFlTXhC?oc=5,2026-06-03 23:54:45,Kompas.com
284,Bisakah Alga Membersihkan Udara di Kota? - Kompas.com,"<a href=""https://news.google.com/rss/articles/CBMihAFBVV95cUxOSEVHU0ktUmh0MTVvVFdkU3FrQ1hKMW0yRW1wb3B5eUFDMnMtYnZSakI0RFB2aWRvaFVJZ1U4NlUzZ1dQdkFoaVdFcmdMYmJwY0dJd1dyenRYbmhYaE5xajA1eEdFQU9DY1pGZ1JaMnp6cVI5dXZlb3FRMExDM2FYY3kzdkU?oc=5"" target=""_blank"">Bisakah Alga Membersihkan Udara di Kota?</a>&nbsp;&nbsp;<font color=""#6f6f6f"">Kompas.com</font>",https://news.google.com/rss/articles/CBMihAFBVV95cUxOSEVHU0ktUmh0MTVvVFdkU3FrQ1hKMW0yRW1wb3B5eUFDMnMtYnZSakI0RFB2aWRvaFVJZ1U4NlUzZ1dQdkFoaVdFcmdMYmJwY0dJd1dyenRYbmhYaE5xajA1eEdFQU9DY1pGZ1JaMnp6cVI5dXZlb3FRMExDM2FYY3kzdkU?oc=5,2026-06-02 09:53:28,Kompas.com
285,"Asus Pad Resmi, Tablet OLED 144 Hz dengan Baterai 9.000 MAh - Kompas.com","<a href=""https://news.google.com/rss/articles/CBMiuAFBVV95cUxPN255SW9CeWFtaGR4YkRXTTdiZUs1Z0pGaUtMZzJMMGRFMU5IWWhaS191a3o5d2J4M0N5My1OdTZnYXBucERxWlQ1akRNTklEQVVreVFwU1gzcjV2ZzRRc2FabWpGMlZPbjF6UEhGUHZCSk5TZFZuZDdCWkgyQnkxRnJCT05mOGRtRGd6QThod1ZxdGNZOU9ZZ2xNVGNlS0RabndrLVdiV2sxRlU3WjBSYW1TS3FLR19I?oc=5"" target=""_blank"">Asus Pad Resmi, Tablet OLED 144 Hz dengan Baterai 9.000 MAh</a>&nbsp;&nbsp;<font color=""#6f6f6f"">Kompas.com</font>",https://news.google.com/rss/articles/CBMiuAFBVV95cUxPN255SW9CeWFtaGR4YkRXTTdiZUs1Z0pGaUtMZzJMMGRFMU5IWWhaS191a3o5d2J4M0N5My1OdTZnYXBucERxWlQ1akRNTklEQVVreVFwU1gzcjV2ZzRRc2FabWpGMlZPbjF6UEhGUHZCSk5TZFZuZDdCWkgyQnkxRnJCT05mOGRtRGd6QThod1ZxdGNZOU9ZZ2xNVGNlS0RabndrLVdiV2sxRlU3WjBSYW1TS3FLR19I?oc=5,2026-06-03 03:37:00,Kompas.com
286,"Jetour T1 i-DM Resmi Dijual, Harga Promo Mulai Rp 538 Juta - Kompas.com","<a href=""https://news.google.com/rss/articles/CBMisAFBVV95cUxNYXJjOWRONW41cXowSTFBYjNES3J3clNYRjdsSmU4VEI4ZUl6YWh2OW1tWEdaSmJXMWtvZXYtaE83RXpzWXVacHloOWdvcWx5N0Raa014QVR0NHluT3o1YlhvR3gzTFlleW0za2RyNFdoXzdsLWxxQnIwR3Q3MEFESThOZjBFOG1aTnpxaER3Mng1Q0tfeW56RnJLS3AxSEVqWi1HSlhUcnpyRU1OS1JaRQ?oc=5"" target=""_blank"">Jetour T1 i-DM Resmi Dijual, Harga Promo Mulai Rp 538 Juta</a>&nbsp;&nbsp;<font color=""#6f6f6f"">Kompas.com</font>",https://news.google.com/rss/articles/CBMisAFBVV95cUxNYXJjOWRONW41cXowSTFBYjNES3J3clNYRjdsSmU4VEI4ZUl6YWh2OW1tWEdaSmJXMWtvZXYtaE83RXpzWXVacHloOWdvcWx5N0Raa014QVR0NHluT3o1YlhvR3gzTFlleW0za2RyNFdoXzdsLWxxQnIwR3Q3MEFESThOZjBFOG1aTnpxaER3Mng1Q0tfeW56RnJLS3AxSEVqWi1HSlhUcnpyRU1OS1JaRQ?oc=5,2026-06-03 09:08:00,Kompas.com
287,"Tantangan Mobil Listrik di Masa Depan, Bisa Bikin Antrean SPKLU - Kompas.com","<a href=""https://news.google.com/rss/articles/CBMitwFBVV95cUxOT2RKanY3U1RsRXhibnNVZjg3VnBFNGZSZDBrRUtrNHFXUzlVVklVNkwzQ3h6bU5yQlJfS0RVblJEYXdjQ0tVZ095RkhldHpmaFB6MjlxZDZQcGpMVWxWMEp4NVg1T3llZE93ellNMHVWZlZvX3VscDhnRVJWak9DWmJiM2RKX2tXazR2djB4N05UbEE3THgxMDFqeTZPSVM5b0hmYXlucnZVMlp6ekgyQkNRQklYc0U?oc=5"" target=""_blank"">Tantangan Mobil Listrik di Masa Depan, Bisa Bikin Antrean SPKLU</a>&nbsp;&nbsp;<font color=""#6f6f6f"">Kompas.com</font>",https://news.google.com/rss/articles/CBMitwFBVV95cUxOT2RKanY3U1RsRXhibnNVZjg3VnBFNGZSZDBrRUtrNHFXUzlVVklVNkwzQ3h6bU5yQlJfS0RVblJEYXdjQ0tVZ095RkhldHpmaFB6MjlxZDZQcGpMVWxWMEp4NVg1T3llZE93ellNMHVWZlZvX3VscDhnRVJWak9DWmJiM2RKX2tXazR2djB4N05UbEE3THgxMDFqeTZPSVM5b0hmYXlucnZVMlp6ekgyQkNRQklYc0U?oc=5,2026-06-03 09:21:00,Kompas.com
288,"Segera Ubah QR Code BBM Subsidi, BPH Migas: Cegah Penyalahgunaan - Kompas.com","<a href=""https://news.google.com/rss/articles/CBMitAFBVV95cUxQLVBaaV9TRnl3ZjZoVFhzRFRURmhEZTJWQ01LX1F0LUVKd2pVcDJtWmczQVA4TFFqYU0wU3dQS2pTdkJHTlZZYURCWXlKUTI3RXA3aExDSVVHTmdMNUxlMWY2ck1jRHlYOG5YV1ZXaUhxWDkyczAzaWYzTXVUQ2VtbTkzSVRXQ3ZsSzFWTUZXSHRBVDBZS1hkdFlKT09yRmQ5emlGYThfSV9kVGtlOGFxc1lZcGo?oc=5"" target=""_blank"">Segera Ubah QR Code BBM Subsidi, BPH Migas: Cegah Penyalahgunaan</a>&nbsp;&nbsp;<font color=""#6f6f6f"">Kompas.com</font>",https://news.google.com/rss/articles/CBMitAFBVV95cUxQLVBaaV9TRnl3ZjZoVFhzRFRURmhEZTJWQ01LX1F0LUVKd2pVcDJtWmczQVA4TFFqYU0wU3dQS2pTdkJHTlZZYURCWXlKUTI3RXA3aExDSVVHTmdMNUxlMWY2ck1jRHlYOG5YV1ZXaUhxWDkyczAzaWYzTXVUQ2VtbTkzSVRXQ3ZsSzFWTUZXSHRBVDBZS1hkdFlKT09yRmQ5emlGYThfSV9kVGtlOGFxc1lZcGo?oc=5,2026-06-02 22:07:00,Kompas.com
289,AS Tembakkan Rudal Hellfire ke Kapal terkait Iran yang Terobos Selat Hormuz - Kompas.com,"<a href=""https://news.google.com/rss/articles/CBMitAFBVV95cUxPRnBhNWw1ZmlnVXFrOGVnTDBMNjg0SGxlUzRJOG9OUEpwTm5Ra3hMME5obXI3Z2tld0JGR2Z2ZC1PeUxiRTJ3d3JKejRhVkJzOUIyYWhfV2p3RlBhS3pSUnV4dzJTNjNhckxhSGFtV0xFRjQ5MDBObjZfcHBQM1ZvMnEyb184bmg1ZmY2ZWhvSVFlRmttNUpFOWlaNVg3d2tRODJfcnFNQy1iN0pGQkVUZWM1WGM?oc=5"" target=""_blank"">AS Tembakkan Rudal Hellfire ke Kapal terkait Iran yang Terobos Selat Hormuz</a>&nbsp;&nbsp;<font color=""#6f6f6f"">Kompas.com</font>",https://news.google.com/rss/articles/CBMitAFBVV95cUxPRnBhNWw1ZmlnVXFrOGVnTDBMNjg0SGxlUzRJOG9OUEpwTm5Ra3hMME5obXI3Z2tld0JGR2Z2ZC1PeUxiRTJ3d3JKejRhVkJzOUIyYWhfV2p3RlBhS3pSUnV4dzJTNjNhckxhSGFtV0xFRjQ5MDBObjZfcHBQM1ZvMnEyb184bmg1ZmY2ZWhvSVFlRmttNUpFOWlaNVg3d2tRODJfcnFNQy1iN0pGQkVUZWM1WGM?oc=5,2026-06-03 11:33:18,Kompas.com
290,Sinopsis dan Jadwal Teater Musikal Senja Teduh Pelita - Kompas.com,"<a href=""https://news.google.com/rss/articles/CBMisgFBVV95cUxNTm5mRE0yYXJrR3ZvdjlFUHFFSU9US29xYVFXNHlTUEZUaEhXbjdBcS1zVVpyNHdwTXQyeWxnR3VydTFfaDkydS0yUjJCVXkwdmpEaDFYbmV6LXJ0WF9vRGtYdVFNU1RwQ1UxUHhJS3JRem1aUTRPcXBfMzg2OHItQlpRc19IUGd3d0VEd3JRT0dqXzh5RTdGRjlIV1JmNW1fV3dyWXQ5SnExaDFIbkUyM293?oc=5"" target=""_blank"">Sinopsis dan Jadwal Teater Musikal Senja Teduh Pelita</a>&nbsp;&nbsp;<font color=""#6f6f6f"">Kompas.com</font>",https://news.google.com/rss/articles/CBMisgFBVV95cUxNTm5mRE0yYXJrR3ZvdjlFUHFFSU9US29xYVFXNHlTUEZUaEhXbjdBcS1zVVpyNHdwTXQyeWxnR3VydTFfaDkydS0yUjJCVXkwdmpEaDFYbmV6LXJ0WF9vRGtYdVFNU1RwQ1UxUHhJS3JRem1aUTRPcXBfMzg2OHItQlpRc19IUGd3d0VEd3JRT0dqXzh5RTdGRjlIV1JmNW1fV3dyWXQ5SnExaDFIbkUyM293?oc=5,2026-06-02 15:49:00,Kompas.com
291,Daftar 10 Pinjol Resmi OJK yang Tawarkan Bunga Rendah 2026 - Kompas.com,"<a href=""https://news.google.com/rss/articles/CBMingFBVV95cUxQN0xZSmVjNHYteTNBVWZCZU9GMUVnS3dvazN2TGlRZEdMOVR1UGRnclFkUTZQQ21qY3JWaGVmNE1vaFl5MDhyRmU2eTk4YUJLQnZyUlRHcW9iNTVLd2R3d0ZGaGZtc0oyem5veTR3Q2t0enRLNEk0SVZEbkYwZDFsTHN3eHczeDN6dzluUHNDUUpUcTdMSGItVnR4U3Rldw?oc=5"" target=""_blank"">Daftar 10 Pinjol Resmi OJK yang Tawarkan Bunga Rendah 2026</a>&nbsp;&nbsp;<font color=""#6f6f6f"">Kompas.com</font>",https://news.google.com/rss/articles/CBMingFBVV95cUxQN0xZSmVjNHYteTNBVWZCZU9GMUVnS3dvazN2TGlRZEdMOVR1UGRnclFkUTZQQ21qY3JWaGVmNE1vaFl5MDhyRmU2eTk4YUJLQnZyUlRHcW9iNTVLd2R3d0ZGaGZtc0oyem5veTR3Q2t0enRLNEk0SVZEbkYwZDFsTHN3eHczeDN6dzluUHNDUUpUcTdMSGItVnR4U3Rldw?oc=5,2026-06-03 12:01:12,Kompas.com
292,"Jalan Lenteng Agung Arah Depok Ditutup Sementara, Simak Jalur Alternatifnya - Kompas.com","<a href=""https://news.google.com/rss/articles/CBMiswFBVV95cUxNb25Vb2RLYllRNzR2Q2FnRm5mbHlqT0lqUTJvc0VPeGlPaWZQaWxLZzNUdXE5NXBCV3VuZ2twN3hKNUlNUUpieHI2UzhVVDRJTF9OUl9MbFB2WGk3UGxfR3YyQ0hEWXBDOEVINGNQVGRvd3ZrSFZtaHR2RXFsVGV5Q1dpZW55TldVV3dWcVJfdGI4Z2l6YTRjUXdyQ19mbEFZcHR0NlNKb21JclBlS1hYVzZkQQ?oc=5"" target=""_blank"">Jalan Lenteng Agung Arah Depok Ditutup Sementara, Simak Jalur Alternatifnya</a>&nbsp;&nbsp;<font color=""#6f6f6f"">Kompas.com</font>",https://news.google.com/rss/articles/CBMiswFBVV95cUxNb25Vb2RLYllRNzR2Q2FnRm5mbHlqT0lqUTJvc0VPeGlPaWZQaWxLZzNUdXE5NXBCV3VuZ2twN3hKNUlNUUpieHI2UzhVVDRJTF9OUl9MbFB2WGk3UGxfR3YyQ0hEWXBDOEVINGNQVGRvd3ZrSFZtaHR2RXFsVGV5Q1dpZW55TldVV3dWcVJfdGI4Z2l6YTRjUXdyQ19mbEFZcHR0NlNKb21JclBlS1hYVzZkQQ?oc=5,2026-06-01 19:14:24,Kompas.com
293,Ibnu Jamil Ungkap Pengalaman Pertama Voice Acting di Film Animasi Garuda di Dadaku - Kompas.com,"<a href=""https://news.google.com/rss/articles/CBMiwgFBVV95cUxPSVZrZ3QzUGNKdUt6c0ppSDJVNV9oeWh0XzV0a3dtLU11NVRpdFhweW1oX1RQUnBEcDNyYjgybzBWcWFUSExOMFRLemRoWURWcjVQRHJudzduNTdvVXpQcC1Bd3BhMlJVSDl1bDBxdjhMZTNzbDMwQWd5WVYyOVYwQ052Y1hINVpWTUNRb1BFZnVwOEVRZ3JZdjhtOFRsRGMwNno0bnktODN1SU5Yd0prWFdnZ2tqdFkyUndZV2ZYRTBmUQ?oc=5"" target=""_blank"">Ibnu Jamil Ungkap Pengalaman Pertama Voice Acting di Film Animasi Garuda di Dadaku</a>&nbsp;&nbsp;<font color=""#6f6f6f"">Kompas.com</font>",https://news.google.com/rss/articles/CBMiwgFBVV95cUxPSVZrZ3QzUGNKdUt6c0ppSDJVNV9oeWh0XzV0a3dtLU11NVRpdFhweW1oX1RQUnBEcDNyYjgybzBWcWFUSExOMFRLemRoWURWcjVQRHJudzduNTdvVXpQcC1Bd3BhMlJVSDl1bDBxdjhMZTNzbDMwQWd5WVYyOVYwQ052Y1hINVpWTUNRb1BFZnVwOEVRZ3JZdjhtOFRsRGMwNno0bnktODN1SU5Yd0prWFdnZ2tqdFkyUndZV2ZYRTBmUQ?oc=5,2026-06-03 16:34:00,Kompas.com
294,Dokter Temukan 2 Olahraga yang Turunkan Tekanan Darah Tinggi dalam Waktu 24 Jam - Kompas.com,"<a href=""https://news.google.com/rss/articles/CBMi1AFBVV95cUxQUmtIZWhUTHQ4VHMyMmhNUjhHRE9naHNRSUJvUU41TTFBajltajJZNTJsZmpiTGQxOTh4TlZlX2xfcGJoSlpJOUtZSDZQZXYxSGxuSmhWRVpibWVNNTJ4QjZiUGV0MmtneEhpLW16SVFUT2J3TVpoNEhfLWUyeHNYR3pjQk1lQnVGZjFnUFNubm1ZX2hLbHh3S3BGaXllV1BiTzl5dTlpcTh3Q1poUWRnNnhLZ0xLNE9TQkZlVXJvSjNfeVN6WHFxSGxCeVoxdXdCaC0zNNIByAFBVV95cUxQeU5IQUdsWjhILXEtMm9aaEIwV2lnMTdoam93SGdCVWR3b1hDRTNEclFTbU00OGpKWlVhTllmNmRZNk9OYnowRUw0OWhXeXZqRVpNZm14UXdINGFjOHpCNWl6QlBSX2hkU0xabi1Jbzh2eFVQZG9PT01Yc0FFdWxnZWJEWmlGd0FBOVpRNjZlSmVIZmIzcnlzaTJUT3V4UGd2SzE3bUtsWEN6bFU0ZU9CLThFQ3dRejZZNmF5SUlxV3h0WGF3ekRWRg?oc=5"" target=""_blank"">Dokter Temukan 2 Olahraga yang Turunkan Tekanan Darah Tinggi dalam Waktu 24 Jam</a>&nbsp;&nbsp;<font color=""#6f6f6f"">Kompas.com</font>",https://news.google.com/rss/articles/CBMi1AFBVV95cUxQUmtIZWhUTHQ4VHMyMmhNUjhHRE9naHNRSUJvUU41TTFBajltajJZNTJsZmpiTGQxOTh4TlZlX2xfcGJoSlpJOUtZSDZQZXYxSGxuSmhWRVpibWVNNTJ4QjZiUGV0MmtneEhpLW16SVFUT2J3TVpoNEhfLWUyeHNYR3pjQk1lQnVGZjFnUFNubm1ZX2hLbHh3S3BGaXllV1BiTzl5dTlpcTh3Q1poUWRnNnhLZ0xLNE9TQkZlVXJvSjNfeVN6WHFxSGxCeVoxdXdCaC0zNNIByAFBVV95cUxQeU5IQUdsWjhILXEtMm9aaEIwV2lnMTdoam93SGdCVWR3b1hDRTNEclFTbU00OGpKWlVhTllmNmRZNk9OYnowRUw0OWhXeXZqRVpNZm14UXdINGFjOHpCNWl6QlBSX2hkU0xabi1Jbzh2eFVQZG9PT01Yc0FFdWxnZWJEWmlGd0FBOVpRNjZlSmVIZmIzcnlzaTJUT3V4UGd2SzE3bUtsWEN6bFU0ZU9CLThFQ3dRejZZNmF5SUlxV3h0WGF3ekRWRg?oc=5,2026-06-02 23:30:00,Kompas.com
295,"Mandi Air Dingin sampai Ngopi Setelah Olahraga, Mana yang Efektif untuk Pemulihan - Kompas.com","<a href=""https://news.google.com/rss/articles/CBMiwwFBVV95cUxQWXNDWG80THVVZzRxSFljVGJ0TmxyOGlyejlad3FKRFp5dklDT0lzRDQtdmRDN0hBN2NxdVRnV0tRalpjS0FJTHJwZk5xSlFqZF9sMzVQNTN4cV8xWVFXUlpXZENjNl9UTzJ0NzJPUDhVYjhuUlJxeV9uenhqVlNEMk5xc1g5SXBsaTQ4Rm1KOWlmTWpEcFdERjFkZGpyZ3RBc2tUbG9BMks1bGRFaGwwbUZLdjdIeUhrTTNTYmh4UVhuWDA?oc=5"" target=""_blank"">Mandi Air Dingin sampai Ngopi Setelah Olahraga, Mana yang Efektif untuk Pemulihan</a>&nbsp;&nbsp;<font color=""#6f6f6f"">Kompas.com</font>",https://news.google.com/rss/articles/CBMiwwFBVV95cUxQWXNDWG80THVVZzRxSFljVGJ0TmxyOGlyejlad3FKRFp5dklDT0lzRDQtdmRDN0hBN2NxdVRnV0tRalpjS0FJTHJwZk5xSlFqZF9sMzVQNTN4cV8xWVFXUlpXZENjNl9UTzJ0NzJPUDhVYjhuUlJxeV9uenhqVlNEMk5xc1g5SXBsaTQ4Rm1KOWlmTWpEcFdERjFkZGpyZ3RBc2tUbG9BMks1bGRFaGwwbUZLdjdIeUhrTTNTYmh4UVhuWDA?oc=5,2026-06-04 02:00:00,Kompas.com
296,"Sulit, Izin Pertandingan Olahraga Jelang Pilpres - Kompas.com","<a href=""https://news.google.com/rss/articles/CBMiqAFBVV95cUxORlFhUFdaNkQ5VlJVTU90bTZsTVNxemxraHRpR0I4d0FmTjA3UjhWd0sxMmJST0RGSE8wb0wtUFZWUzNDcWlJSDBVTW4wV1BHbzRNcTcxYUpuR3VsaVg3S0luNmE3SzhHR2ZuY29sNjB3R0IzYThBUjFGNnFIWkZwWnQwWUZaM2NPY0pKc1NlV3J3Y01aWU1rdEJLeHZyaTY4bDRDUWFPd1Y?oc=5"" target=""_blank"">Sulit, Izin Pertandingan Olahraga Jelang Pilpres</a>&nbsp;&nbsp;<font color=""#6f6f6f"">Kompas.com</font>",https://news.google.com/rss/articles/CBMiqAFBVV95cUxORlFhUFdaNkQ5VlJVTU90bTZsTVNxemxraHRpR0I4d0FmTjA3UjhWd0sxMmJST0RGSE8wb0wtUFZWUzNDcWlJSDBVTW4wV1BHbzRNcTcxYUpuR3VsaVg3S0luNmE3SzhHR2ZuY29sNjB3R0IzYThBUjFGNnFIWkZwWnQwWUZaM2NPY0pKc1NlV3J3Y01aWU1rdEJLeHZyaTY4bDRDUWFPd1Y?oc=5,2009-05-06 07:00:00,Kompas.com
297,"Diet atau Olahraga, Mana Paling Efektif Turunkan Berat Badan? - Kompas.com","<a href=""https://news.google.com/rss/articles/CBMiwgFBVV95cUxQNUNscGtxM3E1anphZmxEV0JUNjlTZVlCYXVjbUduT1NxeXprMW5abXZ3blBPOFVPcTJFOVVUZ0lNOXEydTFlSktwMFRwRU1hMWRjRHNhSTcwWk9HcWpVc1VGSWNuaS1Hb1dwcHN1NnpBNGV4WHVfWGx6MW1MZ0xydThrYUxiaVhfUVQ2dndiVWxLM0ltdk5BNjR6Z2o2YTFrbzVYNHFVWVlhOXZTOXRQUWpvcGJWQ193SmtMMWRyLXE4UQ?oc=5"" target=""_blank"">Diet atau Olahraga, Mana Paling Efektif Turunkan Berat Badan?</a>&nbsp;&nbsp;<font color=""#6f6f6f"">Kompas.com</font>",https://news.google.com/rss/articles/CBMiwgFBVV95cUxQNUNscGtxM3E1anphZmxEV0JUNjlTZVlCYXVjbUduT1NxeXprMW5abXZ3blBPOFVPcTJFOVVUZ0lNOXEydTFlSktwMFRwRU1hMWRjRHNhSTcwWk9HcWpVc1VGSWNuaS1Hb1dwcHN1NnpBNGV4WHVfWGx6MW1MZ0xydThrYUxiaVhfUVQ2dndiVWxLM0ltdk5BNjR6Z2o2YTFrbzVYNHFVWVlhOXZTOXRQUWpvcGJWQ193SmtMMWRyLXE4UQ?oc=5,2026-06-02 09:10:00,Kompas.com
298,"Indeks Reformasi Birokrasi Kemenpora Naik, DPR Apresiasi Langkah Deregulasi Menpora Erick - Kompas.com","<a href=""https://news.google.com/rss/articles/CBMi3gFBVV95cUxQRDE2TWhJNnRmMVhJdFg3OGZpTTctbm5EWHc4VXZCRk94aWRaT0duS3BfUV9LckdZRmdid0h3SmJwWTBYaE9fdEQ5UC1PUExIR3RXd1Z2R19KMnRKTHJMWFktbExQM1dpc19aQ19rTHg2blNKa2xvNkVGVEphTUlfVmI3ODFBaWVFbGpYVkE4d3VlLWlpMFhBSF9sc0ZEQnFNamMwLTNOc0J4V20xYng4YUtBdEdwR25ib3dLRERHSV9qa09YN2t1WHBnRVI2elZMMkdSY3MzcXpNTUlhTGc?oc=5"" target=""_blank"">Indeks Reformasi Birokrasi Kemenpora Naik, DPR Apresiasi Langkah Deregulasi Menpora Erick</a>&nbsp;&nbsp;<font color=""#6f6f6f"">Kompas.com</font>",https://news.google.com/rss/articles/CBMi3gFBVV95cUxQRDE2TWhJNnRmMVhJdFg3OGZpTTctbm5EWHc4VXZCRk94aWRaT0duS3BfUV9LckdZRmdid0h3SmJwWTBYaE9fdEQ5UC1PUExIR3RXd1Z2R19KMnRKTHJMWFktbExQM1dpc19aQ19rTHg2blNKa2xvNkVGVEphTUlfVmI3ODFBaWVFbGpYVkE4d3VlLWlpMFhBSF9sc0ZEQnFNamMwLTNOc0J4V20xYng4YUtBdEdwR25ib3dLRERHSV9qa09YN2t1WHBnRVI2elZMMkdSY3MzcXpNTUlhTGc?oc=5,2026-06-03 06:01:00,Kompas.com
299,"Menpora Erick Pastikan Keberangkatan Kontingen Aman, Indonesia Bidik 4 Emas Asian Games - Kompas.com","<a href=""https://news.google.com/rss/articles/CBMi5gFBVV95cUxOZWFoaHVOVndURmNNRE52SUF1T1ZmdXMtWk82LXJXcnVjZDJET2pjM3g5WW1RVDBRMFFiY204QzA3am5pY0pmU09FbFRGSUZDOFFJUE42XzhyaUl1U2JvRklibndxd3dMN240NHdJbUtMVzJhdVEtdGp4S3Z2Q3FKellTZjJSVXlybWhoYy00ZUl2YzEtM0pzOUpkN0tPT2Q0aUd1d2FPSE9SdVRGZmFjZXU1NGdnY192R1RiUnMyNWJJOVAxYlNmU2FfQXdqODJSSDNYMWs5N0ZhSjl5M2tCUWpuNURmZw?oc=5"" target=""_blank"">Menpora Erick Pastikan Keberangkatan Kontingen Aman, Indonesia Bidik 4 Emas Asian Games</a>&nbsp;&nbsp;<font color=""#6f6f6f"">Kompas.com</font>",https://news.google.com/rss/articles/CBMi5gFBVV95cUxOZWFoaHVOVndURmNNRE52SUF1T1ZmdXMtWk82LXJXcnVjZDJET2pjM3g5WW1RVDBRMFFiY204QzA3am5pY0pmU09FbFRGSUZDOFFJUE42XzhyaUl1U2JvRklibndxd3dMN240NHdJbUtMVzJhdVEtdGp4S3Z2Q3FKellTZjJSVXlybWhoYy00ZUl2YzEtM0pzOUpkN0tPT2Q0aUd1d2FPSE9SdVRGZmFjZXU1NGdnY192R1RiUnMyNWJJOVAxYlNmU2FfQXdqODJSSDNYMWs5N0ZhSjl5M2tCUWpuNURmZw?oc=5,2026-06-03 08:06:00,Kompas.com
300,Profil Stadion Hard Rock: Arena Ikonis Piala Dunia 2026 yang Sarat Sejarah Olahraga - Kompas.com,"<a href=""https://news.google.com/rss/articles/CBMivwFBVV95cUxOd2E2TDRUdUszNWExNW9sbW80eUMteUNYcVViOE9VeEd4bXhoVUp4SFBlN1NxMjJSSGNtRktDWDBwNElXa1JBREpnTmdyNm9BTmt6RnUwaUJkNDFvUFpPVHNYNmFhdm9zVV9SU0otNE1oUDZVeU5HV1B5TFFwdnhGa2RsZXVFSGYwbnJwS1BLd2RLWC1rVklQRnBGRHVsaUFRZUV4SU1ybXpsYmUtZlkyY3JXeHhTQk9ZWXg0ZFRjMA?oc=5"" target=""_blank"">Profil Stadion Hard Rock: Arena Ikonis Piala Dunia 2026 yang Sarat Sejarah Olahraga</a>&nbsp;&nbsp;<font color=""#6f6f6f"">Kompas.com</font>",https://news.google.com/rss/articles/CBMivwFBVV95cUxOd2E2TDRUdUszNWExNW9sbW80eUMteUNYcVViOE9VeEd4bXhoVUp4SFBlN1NxMjJSSGNtRktDWDBwNElXa1JBREpnTmdyNm9BTmt6RnUwaUJkNDFvUFpPVHNYNmFhdm9zVV9SU0otNE1oUDZVeU5HV1B5TFFwdnhGa2RsZXVFSGYwbnJwS1BLd2RLWC1rVklQRnBGRHVsaUFRZUV4SU1ybXpsYmUtZlkyY3JXeHhTQk9ZWXg0ZFRjMA?oc=5,2026-05-30 02:36:00,Kompas.com
301,Benarkah Latihan Olahraga Malam Buruk untuk Tumbuh Kembang Anak? - Kompas.com,"<a href=""https://news.google.com/rss/articles/CBMiuwFBVV95cUxPWVJkdnI0dlFYVDJCaUpQZHhOV0dIU0ZETlk2Y3dXbHZxVDdHSm9iUEI5eDVXTU5qMlBORHRsdFJjd3RxQTgtRGRXQVdFXzdZaFRmekxSYUtFWElBQ2NkQ1ppLVZMMWNOcDN6YUtVQVpCWGRpczBHQ1RkU0NLc3pLbXFueTB3RkEyamRUT2FKdmYxbE5ha0NIMHRiY21LZUNvcFdjUTZvQU1XTHc2QjZRR0E4WnBrT005QVpF?oc=5"" target=""_blank"">Benarkah Latihan Olahraga Malam Buruk untuk Tumbuh Kembang Anak?</a>&nbsp;&nbsp;<font color=""#6f6f6f"">Kompas.com</font>",https://news.google.com/rss/articles/CBMiuwFBVV95cUxPWVJkdnI0dlFYVDJCaUpQZHhOV0dIU0ZETlk2Y3dXbHZxVDdHSm9iUEI5eDVXTU5qMlBORHRsdFJjd3RxQTgtRGRXQVdFXzdZaFRmekxSYUtFWElBQ2NkQ1ppLVZMMWNOcDN6YUtVQVpCWGRpczBHQ1RkU0NLc3pLbXFueTB3RkEyamRUT2FKdmYxbE5ha0NIMHRiY21LZUNvcFdjUTZvQU1XTHc2QjZRR0E4WnBrT005QVpF?oc=5,2026-05-30 13:05:00,Kompas.com
302,Kaum Mager Ingin Coba Hyrox? Ini Tips Amannya Menurut Dokter - Kompas.com,"<a href=""https://news.google.com/rss/articles/CBMitAFBVV95cUxNLXphS2hyaGlIN3oxaDE1OXU3OUhDR3A3bEVpZ0FIcXFhVmpfM2pVQ18tODRmZzNJQUVyT1pWdnlBQnc4MGZmZGVKVmdnTFdHczF2N1ZjNE1LMFI1M1ZvOFlKd0ZEMmFNTXZxRC1vcHltY2Z3MWgtTFlOdlliaDBZYmMzd2JEYTlTQk1ROHpyaWhMTU8yMkotWnpKVE9JQzNpVXF2ajJ4ajVQN1M0d1J3eU5oOUQ?oc=5"" target=""_blank"">Kaum Mager Ingin Coba Hyrox? Ini Tips Amannya Menurut Dokter</a>&nbsp;&nbsp;<font color=""#6f6f6f"">Kompas.com</font>",https://news.google.com/rss/articles/CBMitAFBVV95cUxNLXphS2hyaGlIN3oxaDE1OXU3OUhDR3A3bEVpZ0FIcXFhVmpfM2pVQ18tODRmZzNJQUVyT1pWdnlBQnc4MGZmZGVKVmdnTFdHczF2N1ZjNE1LMFI1M1ZvOFlKd0ZEMmFNTXZxRC1vcHltY2Z3MWgtTFlOdlliaDBZYmMzd2JEYTlTQk1ROHpyaWhMTU8yMkotWnpKVE9JQzNpVXF2ajJ4ajVQN1M0d1J3eU5oOUQ?oc=5,2026-06-04 00:33:00,Kompas.com
303,350 Caption Olahraga Keren yang Memotivasi dan Inspiratif - Kompas.com,"<a href=""https://news.google.com/rss/articles/CBMisgFBVV95cUxOV1djR2lfWm1aRjBLSFdGazZQa0ZPRDZXOUpxWlE2dkpiM3ZscERjNlNtdDMyci1nVVlXQTZPSmM4YzRNNWhWR0VXVFdiWFlxaFNNa2JmVDJTWkFCd2FfaExJUGphc3hENHp2dm1HcmxNN3phMnJkZHdHLWU0RFVXR1gyb3ZXUFpRU0QtS2t0cGR3bV93TGgtMXNiUkxJMzV0bHV2VUJpLUFvQmh2ZlpneENB?oc=5"" target=""_blank"">350 Caption Olahraga Keren yang Memotivasi dan Inspiratif</a>&nbsp;&nbsp;<font color=""#6f6f6f"">Kompas.com</font>",https://news.google.com/rss/articles/CBMisgFBVV95cUxOV1djR2lfWm1aRjBLSFdGazZQa0ZPRDZXOUpxWlE2dkpiM3ZscERjNlNtdDMyci1nVVlXQTZPSmM4YzRNNWhWR0VXVFdiWFlxaFNNa2JmVDJTWkFCd2FfaExJUGphc3hENHp2dm1HcmxNN3phMnJkZHdHLWU0RFVXR1gyb3ZXUFpRU0QtS2t0cGR3bV93TGgtMXNiUkxJMzV0bHV2VUJpLUFvQmh2ZlpneENB?oc=5,2026-05-28 13:15:00,Kompas.com
304,"Awalnya Sulit Naik Tangga, Nenek 67 Tahun Ini Kini Bisa Deadlift 67 Kg - Kompas.com","<a href=""https://news.google.com/rss/articles/CBMiwgFBVV95cUxQb1Vra3YzMkJCaXc4SGl1RUZDX0x3dVYwOWE1UkE2WXJBb0lJbmhydmVDVmJTWXN1Sl9EbzBqREVzLXk2Q2ZDYXh5LWRmeUV5NU1CbkpnTURIWkVvNXlqRkhmd2xhRkFRTHpudjFtU202SHNmeW1aU0ZBM24yb1JMd2JfRVB6MXhXeFduS2FVejhGcUFqSkFtWUdUS2JNRGloWUozQmVaOU5wdnRndEx3SXZValBQV2RRTS1XdWNXZkVwdw?oc=5"" target=""_blank"">Awalnya Sulit Naik Tangga, Nenek 67 Tahun Ini Kini Bisa Deadlift 67 Kg</a>&nbsp;&nbsp;<font color=""#6f6f6f"">Kompas.com</font>",https://news.google.com/rss/articles/CBMiwgFBVV95cUxQb1Vra3YzMkJCaXc4SGl1RUZDX0x3dVYwOWE1UkE2WXJBb0lJbmhydmVDVmJTWXN1Sl9EbzBqREVzLXk2Q2ZDYXh5LWRmeUV5NU1CbkpnTURIWkVvNXlqRkhmd2xhRkFRTHpudjFtU202SHNmeW1aU0ZBM24yb1JMd2JfRVB6MXhXeFduS2FVejhGcUFqSkFtWUdUS2JNRGloWUozQmVaOU5wdnRndEx3SXZValBQV2RRTS1XdWNXZkVwdw?oc=5,2026-06-03 10:33:00,Kompas.com
305,"Foto : Dituntut 3,5 Tahun Penjara dalam Kasus Korupsi Dana DBON, Eks Kadispora Kaltim Siapkan Nota Pembelaan - Kompas.com","<a href=""https://news.google.com/rss/articles/CBMiwgFBVV95cUxPUmsyTWFWVF9KdWFETzlXVkFaV0xsVXIwOUpaTjhQb1FZTWRJZlFfNXdQUWo5SWtlRG5HNXN3S3QxOFF6NzJqeGtKQjE4UHBRVGJQT2RjelNFUWFZNW5nbVAwMlVOWTQyT3RmMElNUHI5LXU5YUg5ZlZmTnZyV2NzTzRJZ0lVczVwZzEzVVZOV18yVy15OG9wNEFrV2dHa2w2a0FlTFZjeHJGa1E5bnFSUi1CcVJFZXpwbE42d1FILXM5Zw?oc=5"" target=""_blank"">Foto : Dituntut 3,5 Tahun Penjara dalam Kasus Korupsi Dana DBON, Eks Kadispora Kaltim Siapkan Nota Pembelaan</a>&nbsp;&nbsp;<font color=""#6f6f6f"">Kompas.com</font>",https://news.google.com/rss/articles/CBMiwgFBVV95cUxPUmsyTWFWVF9KdWFETzlXVkFaV0xsVXIwOUpaTjhQb1FZTWRJZlFfNXdQUWo5SWtlRG5HNXN3S3QxOFF6NzJqeGtKQjE4UHBRVGJQT2RjelNFUWFZNW5nbVAwMlVOWTQyT3RmMElNUHI5LXU5YUg5ZlZmTnZyV2NzTzRJZ0lVczVwZzEzVVZOV18yVy15OG9wNEFrV2dHa2w2a0FlTFZjeHJGa1E5bnFSUi1CcVJFZXpwbE42d1FILXM5Zw?oc=5,2026-06-02 13:24:55,Kompas.com
306,Curhat Erick di DPR soal Anggaran Asian Games: Sangat Jauh Menurun - Kompas.com,"<a href=""https://news.google.com/rss/articles/CBMiugFBVV95cUxPNmkyWHdKOUE0YjB1WkR6RlA2VjFPZVQ5UFY5UDBUV3JvbG1LMlJ3UnJNdnJkVjJQdENOcGtqbEpZQWplWDc3am40Mi1WMS1GZ2R1aU5NRFp0VldXeVUxUXhrSEg2aXpBdmlHeFJUMGR1M05Eb0JuMnQzSnZWczVvMjNGQ2FwQjRYa0JrSVhqeGdMSi1icVRMTndDVGdWcEFrVFRSUWFUUUJFM2J1V21GdmliTVRDZ0JpMmc?oc=5"" target=""_blank"">Curhat Erick di DPR soal Anggaran Asian Games: Sangat Jauh Menurun</a>&nbsp;&nbsp;<font color=""#6f6f6f"">Kompas.com</font>",https://news.google.com/rss/articles/CBMiugFBVV95cUxPNmkyWHdKOUE0YjB1WkR6RlA2VjFPZVQ5UFY5UDBUV3JvbG1LMlJ3UnJNdnJkVjJQdENOcGtqbEpZQWplWDc3am40Mi1WMS1GZ2R1aU5NRFp0VldXeVUxUXhrSEg2aXpBdmlHeFJUMGR1M05Eb0JuMnQzSnZWczVvMjNGQ2FwQjRYa0JrSVhqeGdMSi1icVRMTndDVGdWcEFrVFRSUWFUUUJFM2J1V21GdmliTVRDZ0JpMmc?oc=5,2026-06-02 12:33:00,Kompas.com
307,"Dituntut 3,5 Tahun Penjara dalam Kasus Korupsi Dana DBON, Eks Kadispora Kaltim Siapkan Nota Pembelaan - Kompas.com","<a href=""https://news.google.com/rss/articles/CBMiwAFBVV95cUxQaG9xX29UY0MyQzNxMnNIeTdhX29yeEJDR2pQMHppZ0daVm12WjJKMHp6U3MwVEFkNFNxdzNfSGJ2bFJSMHZtTkVZNXFobktBRGxhM3ZCYTd6eG4zc1BtME5UZHRWWDU3cjhPdFN2dm9VdWZZNnVmMWZ5Rm10LXNTa2pEd1pUbF9GeWVFbnZFNWk3bk5adXhOV1pZTE5SUkVBYlVXUlh6Z3Y2TmgwZHBnUll3X0Fka1hQU1BwS2pHOFA?oc=5"" target=""_blank"">Dituntut 3,5 Tahun Penjara dalam Kasus Korupsi Dana DBON, Eks Kadispora Kaltim Siapkan Nota Pembelaan</a>&nbsp;&nbsp;<font color=""#6f6f6f"">Kompas.com</font>",https://news.google.com/rss/articles/CBMiwAFBVV95cUxQaG9xX29UY0MyQzNxMnNIeTdhX29yeEJDR2pQMHppZ0daVm12WjJKMHp6U3MwVEFkNFNxdzNfSGJ2bFJSMHZtTkVZNXFobktBRGxhM3ZCYTd6eG4zc1BtME5UZHRWWDU3cjhPdFN2dm9VdWZZNnVmMWZ5Rm10LXNTa2pEd1pUbF9GeWVFbnZFNWk3bk5adXhOV1pZTE5SUkVBYlVXUlh6Z3Y2TmgwZHBnUll3X0Fka1hQU1BwS2pHOFA?oc=5,2026-06-02 11:30:00,Kompas.com
308,Paralayang di Puncak Dunu Jadi Daya Tarik Baru Gorontalo Utara - Kompas.com,"<a href=""https://news.google.com/rss/articles/CBMitAFBVV95cUxNaGNXSkl0RV9jenVIZi1oU2E3LXJCQTdvNjI5RUYyNW1NQV8xcnhZY0J1V0I2RnRpVUw5SmtQSENUZ3RiUTVKa3lacHh3ZjdqUkFlb2t1cXBBQ1lYRzhUV2d1c3RIOXBwcGhkT1lUTDVKNzdDdDBkaE1oYjRkSTNvdnp0MWk2RS10STBZQ3ZvRW1XWmhHY0RoLVBzWWI3U2hRRGtJR1lXWHFPVVFSTmpjZFhBM3c?oc=5"" target=""_blank"">Paralayang di Puncak Dunu Jadi Daya Tarik Baru Gorontalo Utara</a>&nbsp;&nbsp;<font color=""#6f6f6f"">Kompas.com</font>",https://news.google.com/rss/articles/CBMitAFBVV95cUxNaGNXSkl0RV9jenVIZi1oU2E3LXJCQTdvNjI5RUYyNW1NQV8xcnhZY0J1V0I2RnRpVUw5SmtQSENUZ3RiUTVKa3lacHh3ZjdqUkFlb2t1cXBBQ1lYRzhUV2d1c3RIOXBwcGhkT1lUTDVKNzdDdDBkaE1oYjRkSTNvdnp0MWk2RS10STBZQ3ZvRW1XWmhHY0RoLVBzWWI3U2hRRGtJR1lXWHFPVVFSTmpjZFhBM3c?oc=5,2026-06-01 14:34:00,Kompas.com
309,"Aset KONI Diserahkan ke Pemkot Blitar, Samanhudi: Harusnya Diserahkan ke Saya - Kompas.com","<a href=""https://news.google.com/rss/articles/CBMi1AFBVV95cUxOWDBrTjdrdzNBaDZpc2p5UnlzNlFRTWhGNFpHVVIxSXBGaE9RWU1TS3h2NWJBTm1nSmlsSTlxTHFDZ096aDY4Z3daQlhzN2pZVkhBaVNxRHBqMGtGSGNRSXhSUlNjWUIxX0JOMVFhQUxQckI4YTdpMkVqVzZUS3NjdlI5cVZDSUV2SEVtX1I3RnRPMUcydGdxaVpEZ005YWh1MjQ3WnNDMEoxbkh1WExFbGkyNUZ1VUZRbGNQRDBPQnpPREhrdEQ3MHNyWG5fUjdLUWNLdA?oc=5"" target=""_blank"">Aset KONI Diserahkan ke Pemkot Blitar, Samanhudi: Harusnya Diserahkan ke Saya</a>&nbsp;&nbsp;<font color=""#6f6f6f"">Kompas.com</font>",https://news.google.com/rss/articles/CBMi1AFBVV95cUxOWDBrTjdrdzNBaDZpc2p5UnlzNlFRTWhGNFpHVVIxSXBGaE9RWU1TS3h2NWJBTm1nSmlsSTlxTHFDZ096aDY4Z3daQlhzN2pZVkhBaVNxRHBqMGtGSGNRSXhSUlNjWUIxX0JOMVFhQUxQckI4YTdpMkVqVzZUS3NjdlI5cVZDSUV2SEVtX1I3RnRPMUcydGdxaVpEZ005YWh1MjQ3WnNDMEoxbkh1WExFbGkyNUZ1VUZRbGNQRDBPQnpPREhrdEQ3MHNyWG5fUjdLUWNLdA?oc=5,2026-05-30 11:32:00,Kompas.com
310,"Como Lolos ke Liga Champions Bukan Keajaiban, Belum Pikirkan Scudetto - Kompas.com","<a href=""https://news.google.com/rss/articles/CBMiuAFBVV95cUxNRnY1MExYM3lHWU9zakFtel9LOEVHYWp5Zi10eWRoUXlqSWNLUVlRbS1JdWVfWUhVelpqb2JvUFlzeGl0TllnS3l3RFJrNWMyYW9TQzhlSUY0QUlfOTRBSHplY0tPY05fMHRWQzVZTzFQLUdGa1JvTk1UN05MNmZXY0VoSUhzcWpEZlNjc0JuUWEtX08xckt1ZWZfZFJaaF9CaGJWMDFCd3I0NkJyQ1BibGoxVDFCWUp3?oc=5"" target=""_blank"">Como Lolos ke Liga Champions Bukan Keajaiban, Belum Pikirkan Scudetto</a>&nbsp;&nbsp;<font color=""#6f6f6f"">Kompas.com</font>",https://news.google.com/rss/articles/CBMiuAFBVV95cUxNRnY1MExYM3lHWU9zakFtel9LOEVHYWp5Zi10eWRoUXlqSWNLUVlRbS1JdWVfWUhVelpqb2JvUFlzeGl0TllnS3l3RFJrNWMyYW9TQzhlSUY0QUlfOTRBSHplY0tPY05fMHRWQzVZTzFQLUdGa1JvTk1UN05MNmZXY0VoSUhzcWpEZlNjc0JuUWEtX08xckt1ZWZfZFJaaF9CaGJWMDFCd3I0NkJyQ1BibGoxVDFCWUp3?oc=5,2026-06-03 02:00:00,Kompas.com
311,Erick Thohir Apresiasi Bank Sumut Jadi Sponsor Utama Piala AFF U19 2026 - Kompas.com,"<a href=""https://news.google.com/rss/articles/CBMivAFBVV95cUxPRC1nQjhZTTNUNnJGei0wbXVMR0dYZlZDTUlVNDJXX2Zya0FtcXlyS3pNcnlMZnZHOHVLS3NPczNoMGU3TzlfZnpHVmJYOU8xUTlhbkNaZHhUUHJIMmdYRzZqeVZkcE9tUk5xRXlDUjhQdnZTOVV4dGxKZGhFbGdlRnhfQzVMUUsxbjd3YWptYXZWRFNTTk83c2tua205c2YyT0hrTVdZZ0I3VHpnRmEzQ05JTU9jS1lFanJ3ZQ?oc=5"" target=""_blank"">Erick Thohir Apresiasi Bank Sumut Jadi Sponsor Utama Piala AFF U19 2026</a>&nbsp;&nbsp;<font color=""#6f6f6f"">Kompas.com</font>",https://news.google.com/rss/articles/CBMivAFBVV95cUxPRC1nQjhZTTNUNnJGei0wbXVMR0dYZlZDTUlVNDJXX2Zya0FtcXlyS3pNcnlMZnZHOHVLS3NPczNoMGU3TzlfZnpHVmJYOU8xUTlhbkNaZHhUUHJIMmdYRzZqeVZkcE9tUk5xRXlDUjhQdnZTOVV4dGxKZGhFbGdlRnhfQzVMUUsxbjd3YWptYXZWRFNTTk83c2tua205c2YyT0hrTVdZZ0I3VHpnRmEzQ05JTU9jS1lFanJ3ZQ?oc=5,2026-05-30 02:02:00,Kompas.com
312,Curhat Erick Thohir soal Anggaran Pelatnas Asian Games 2026: Sangat Jauh Menurun - Kompas.com,"<a href=""https://news.google.com/rss/articles/CBMiugFBVV95cUxPbEM3SS15LVpYbS1WLUJmbUg1UkJ4U01UdXJwdThTRXlSRUk4c0trX1VnckdoU084alJYWUtXSkhWTWd1ckdKb05JcjVZZlhfQl9pSXpmcTBoMm1VcUhWSDViSUJtUkRocUxjN1N1VEhTT2ZGNWFnZ0ExZXhHVzRDdDl2VjEwRFdJQS0xX01IN3lHcDVoZktNWUFvdE9TaXRtUDl4SmkyMGVhc3NreGdlQUx4ZjhrbjNZYmc?oc=5"" target=""_blank"">Curhat Erick Thohir soal Anggaran Pelatnas Asian Games 2026: Sangat Jauh Menurun</a>&nbsp;&nbsp;<font color=""#6f6f6f"">Kompas.com</font>",https://news.google.com/rss/articles/CBMiugFBVV95cUxPbEM3SS15LVpYbS1WLUJmbUg1UkJ4U01UdXJwdThTRXlSRUk4c0trX1VnckdoU084alJYWUtXSkhWTWd1ckdKb05JcjVZZlhfQl9pSXpmcTBoMm1VcUhWSDViSUJtUkRocUxjN1N1VEhTT2ZGNWFnZ0ExZXhHVzRDdDl2VjEwRFdJQS0xX01IN3lHcDVoZktNWUFvdE9TaXRtUDl4SmkyMGVhc3NreGdlQUx4ZjhrbjNZYmc?oc=5,2026-06-03 07:52:10,Kompas.com
313,40 Contoh Soal UAS PJOK Kelas 1 Semester 2 Kurikulum Merdeka dan Kunci Jawaban - Kompas.com,"<a href=""https://news.google.com/rss/articles/CBMiwwFBVV95cUxPamZVOXdDTVdsbkxLbkMybkRTUmRZa0VkU2t6YmpKc3VuRG5meThZaFBtcFlGZ0hwQ0xFMXNtTEI0SUdsaHNwakhSQzhxN09KR19nWlQ1ejdtVlRSb3RFQnA5MzV0SEFxb0dkS2N5RmsxRjdCdHIyU0JWODRJWGcyU2NETHltSll4cmM5UmdnZW1vTWY5cjZacnRrb0R0UXplVGozbTJFbkhSNDhZbW5lczhkUEV6Q1BvcnY0bm04XzhHS3PSAcMBQVVfeXFMTWJMclMyTFBHNHpMVklqNklfazVPMjhnM05jd2dwc0VYLW5qel9rdmhleGxMdkhvME1UakZRaUwtdWdrcTBodktXaU9ZdWxXTVU4VzJQMEtvSmpVamh0RnFPRDR4UGNwS0ZTdHdzNWJXSXB4Z2laWHBDN184U1NWZjFnS0JfTHh4V0JVdUN2RGEwNFJzdXB2Yk9fR2RFbDVtX2QteXdWUlpqYkI4cDBRbEpBcGxhT09sb1JPYlp3VmNQRzkw?oc=5"" target=""_blank"">40 Contoh Soal UAS PJOK Kelas 1 Semester 2 Kurikulum Merdeka dan Kunci Jawaban</a>&nbsp;&nbsp;<font color=""#6f6f6f"">Kompas.com</font>",https://news.google.com/rss/articles/CBMiwwFBVV95cUxPamZVOXdDTVdsbkxLbkMybkRTUmRZa0VkU2t6YmpKc3VuRG5meThZaFBtcFlGZ0hwQ0xFMXNtTEI0SUdsaHNwakhSQzhxN09KR19nWlQ1ejdtVlRSb3RFQnA5MzV0SEFxb0dkS2N5RmsxRjdCdHIyU0JWODRJWGcyU2NETHltSll4cmM5UmdnZW1vTWY5cjZacnRrb0R0UXplVGozbTJFbkhSNDhZbW5lczhkUEV6Q1BvcnY0bm04XzhHS3PSAcMBQVVfeXFMTWJMclMyTFBHNHpMVklqNklfazVPMjhnM05jd2dwc0VYLW5qel9rdmhleGxMdkhvME1UakZRaUwtdWdrcTBodktXaU9ZdWxXTVU4VzJQMEtvSmpVamh0RnFPRDR4UGNwS0ZTdHdzNWJXSXB4Z2laWHBDN184U1NWZjFnS0JfTHh4V0JVdUN2RGEwNFJzdXB2Yk9fR2RFbDVtX2QteXdWUlpqYkI4cDBRbEpBcGxhT09sb1JPYlp3VmNQRzkw?oc=5,2026-06-03 06:09:00,Kompas.com
314,Wajah Baru Pesantren Abad 21: Padukan Al-Qur'an dan Sains Modern - Cahaya Kompas,"<a href=""https://news.google.com/rss/articles/CBMisgFBVV95cUxQUVE4ZllZU1dsMXJtcUZTbWpWSEpVamcyNUJMcTcwTGxKRzdiVjhiUXhpcHhQT2w5VDdIQl9wcFpoRzd3Q2FhdFBuRXk4N3FaQWQ3Y1QtNW1ENmNSajZ0YXdzTkhUbmdHeUU3b3R5SVhMNTVvX19qel9jY3ktdUt3Z2RCckxpbnFrNm9jLUpFNkRjSEYwSWpWRVF2SXluOWl4QmpMNTEzX3hQLV9Tb0JISm53?oc=5"" target=""_blank"">Wajah Baru Pesantren Abad 21: Padukan Al-Qur'an dan Sains Modern</a>&nbsp;&nbsp;<font color=""#6f6f6f"">Cahaya Kompas</font>",https://news.google.com/rss/articles/CBMisgFBVV95cUxQUVE4ZllZU1dsMXJtcUZTbWpWSEpVamcyNUJMcTcwTGxKRzdiVjhiUXhpcHhQT2w5VDdIQl9wcFpoRzd3Q2FhdFBuRXk4N3FaQWQ3Y1QtNW1ENmNSajZ0YXdzTkhUbmdHeUU3b3R5SVhMNTVvX19qel9jY3ktdUt3Z2RCckxpbnFrNm9jLUpFNkRjSEYwSWpWRVF2SXluOWl4QmpMNTEzX3hQLV9Tb0JISm53?oc=5,2026-06-04 01:00:00,Kompas.com
315,Alasan Wali Kota Respati Hidupkan Liga Amatir di Solo - Kompas.com,"<a href=""https://news.google.com/rss/articles/CBMiqwFBVV95cUxQMW9ZeWZodTBMWGEzZGpDYmZpR0JDczVGcEpxdXRuY1ZjTnd1ZE81Wm5wdlF5ZlVPTHJjamZQSGlINEgtY1g5QklQblFzUS1zUXJIRHRBZ0NhcGZ0U3VvdW15WDZTQnRkUHpEZHhTMDlUVUdmUFNTNDRhQm11OHl0UEs2TGR2YUc2Z0N6QzhzNXF1S1hnNXhPaEhOeF85aERtTkozTVdXdzJSaFk?oc=5"" target=""_blank"">Alasan Wali Kota Respati Hidupkan Liga Amatir di Solo</a>&nbsp;&nbsp;<font color=""#6f6f6f"">Kompas.com</font>",https://news.google.com/rss/articles/CBMiqwFBVV95cUxQMW9ZeWZodTBMWGEzZGpDYmZpR0JDczVGcEpxdXRuY1ZjTnd1ZE81Wm5wdlF5ZlVPTHJjamZQSGlINEgtY1g5QklQblFzUS1zUXJIRHRBZ0NhcGZ0U3VvdW15WDZTQnRkUHpEZHhTMDlUVUdmUFNTNDRhQm11OHl0UEs2TGR2YUc2Z0N6QzhzNXF1S1hnNXhPaEhOeF85aERtTkozTVdXdzJSaFk?oc=5,2026-06-02 10:28:00,Kompas.com
316,"Di Tengah Polemik, Samanhudi Terima SK Sebagai Ketua KONI Kota Blitar - Kompas.com","<a href=""https://news.google.com/rss/articles/CBMiywFBVV95cUxQaXdWdDhpM1hhbFB1bFE0cHQwSVV5cUhBd2M2MFQ3Q3RfVGEwSVZFT2Ewai1RaFdBOHlBMk8wZjZvLWxOOVlIMENPUXpOanBZYTNIaGFsa3lUS1hPeEtPandZNVlfVVlTTm45OUZFcjhmdV9oRVBlWThEeXZuWWJRa0czVS1YVEFRQl9ETHpnUFpuWW15bUMwOHpFX1JCel9UbTVVQnJ5TEY3a2pkbDFNaG1YNmlzcTBJTmh5LUFyZzdtZW5FdE11TzNvUQ?oc=5"" target=""_blank"">Di Tengah Polemik, Samanhudi Terima SK Sebagai Ketua KONI Kota Blitar</a>&nbsp;&nbsp;<font color=""#6f6f6f"">Kompas.com</font>",https://news.google.com/rss/articles/CBMiywFBVV95cUxQaXdWdDhpM1hhbFB1bFE0cHQwSVV5cUhBd2M2MFQ3Q3RfVGEwSVZFT2Ewai1RaFdBOHlBMk8wZjZvLWxOOVlIMENPUXpOanBZYTNIaGFsa3lUS1hPeEtPandZNVlfVVlTTm45OUZFcjhmdV9oRVBlWThEeXZuWWJRa0czVS1YVEFRQl9ETHpnUFpuWW15bUMwOHpFX1JCel9UbTVVQnJ5TEY3a2pkbDFNaG1YNmlzcTBJTmh5LUFyZzdtZW5FdE11TzNvUQ?oc=5,2026-06-02 13:56:00,Kompas.com
317,"Wawalkot Jadi Waketum I KONI Kota Blitar, Ibin Cermati Regulasi Rangkap Jabatan - Kompas.com","<a href=""https://news.google.com/rss/articles/CBMiwgFBVV95cUxONTZYTkNaRi1vTmwtUzA0M3FabWlCNl85RFZnZEpYTXVPUlFER0lBbGMzTmZPN3FucnJPV1p3YzVPMU5vZzdaaGo0ZmNWMkdiUHk4YjJuR3g1U2FwbHk3QWtxUkdUZ3VRZkFOaUp3dGVhWU5xVDZSMlBmYUNiOTRnMDFfbXAyalM3cXBXQ1NSenpVc2l4czhyV2N6TEtKUmt5QWNWbHRiOElKWFI0UHVEMnFxMU1RMURvN2RaSV9OMnRWQQ?oc=5"" target=""_blank"">Wawalkot Jadi Waketum I KONI Kota Blitar, Ibin Cermati Regulasi Rangkap Jabatan</a>&nbsp;&nbsp;<font color=""#6f6f6f"">Kompas.com</font>",https://news.google.com/rss/articles/CBMiwgFBVV95cUxONTZYTkNaRi1vTmwtUzA0M3FabWlCNl85RFZnZEpYTXVPUlFER0lBbGMzTmZPN3FucnJPV1p3YzVPMU5vZzdaaGo0ZmNWMkdiUHk4YjJuR3g1U2FwbHk3QWtxUkdUZ3VRZkFOaUp3dGVhWU5xVDZSMlBmYUNiOTRnMDFfbXAyalM3cXBXQ1NSenpVc2l4czhyV2N6TEtKUmt5QWNWbHRiOElKWFI0UHVEMnFxMU1RMURvN2RaSV9OMnRWQQ?oc=5,2026-06-03 14:44:00,Kompas.com
318,"Xiaomi Smart Band 10 Pro, Watch S5, dan Buds 6 Resmi di Indonesia, Ini Harganya - Kompas.com","<a href=""https://news.google.com/rss/articles/CBMi0AFBVV95cUxNcWtJNlI3SzBxVEJtcVI2bGMyTnpyV3hXSlNHTkN5YlVnUnhUZzhrNUozU2xVU2piWDBkSzRLcUxVUTFpQWN4UGxPNXc5VTJFUlpoTHN3WU5RTndRaEw2NVV0VnVDOGQ1clY1MFFtWWdUaXBPTW5DTGJjdkIzY0JOVm5kSWpFVnhWN05OcnJUa0dXS2NEX1pjbGpPYVRKUkFRZkZKdXc4OWlGUGI3THIwczFsOG5Tc1h3eTBJdEI2VG5nOHdoWlgtREM0MldmWEsy?oc=5"" target=""_blank"">Xiaomi Smart Band 10 Pro, Watch S5, dan Buds 6 Resmi di Indonesia, Ini Harganya</a>&nbsp;&nbsp;<font color=""#6f6f6f"">Kompas.com</font>",https://news.google.com/rss/articles/CBMi0AFBVV95cUxNcWtJNlI3SzBxVEJtcVI2bGMyTnpyV3hXSlNHTkN5YlVnUnhUZzhrNUozU2xVU2piWDBkSzRLcUxVUTFpQWN4UGxPNXc5VTJFUlpoTHN3WU5RTndRaEw2NVV0VnVDOGQ1clY1MFFtWWdUaXBPTW5DTGJjdkIzY0JOVm5kSWpFVnhWN05OcnJUa0dXS2NEX1pjbGpPYVRKUkFRZkZKdXc4OWlGUGI3THIwczFsOG5Tc1h3eTBJdEI2VG5nOHdoWlgtREM0MldmWEsy?oc=5,2026-06-02 10:22:00,Kompas.com
319,"Ancol Luncurkan Ancol Run Loop, Lintasan Lari Keliling Area Wisata Terintegrasi Strava - Kompas.com","<a href=""https://news.google.com/rss/articles/CBMivgFBVV95cUxNWEJyOW5GQ21lUTVmSlNHV1lZUk1MUXlCYnZTUGVfbTdTanpGVVR0aHlmdU5ubjgxb1JGaS1veHRXeU80QnBNeTZxY3I0bEt0N1FWTlNhczBKVU5PNWFudGRFWUw3LW5TR29xRV9kZ1hneEwwYVowTndyeTB2M0otSjVsM3FrbmdtX2ZQR1FsVW00TDBwTWtQSEdFay1SVEVnNkRLRXFCM1Z3M0E1MncyY1QzTUtnbXdveXdPN1JB?oc=5"" target=""_blank"">Ancol Luncurkan Ancol Run Loop, Lintasan Lari Keliling Area Wisata Terintegrasi Strava</a>&nbsp;&nbsp;<font color=""#6f6f6f"">Kompas.com</font>",https://news.google.com/rss/articles/CBMivgFBVV95cUxNWEJyOW5GQ21lUTVmSlNHV1lZUk1MUXlCYnZTUGVfbTdTanpGVVR0aHlmdU5ubjgxb1JGaS1veHRXeU80QnBNeTZxY3I0bEt0N1FWTlNhczBKVU5PNWFudGRFWUw3LW5TR29xRV9kZ1hneEwwYVowTndyeTB2M0otSjVsM3FrbmdtX2ZQR1FsVW00TDBwTWtQSEdFay1SVEVnNkRLRXFCM1Z3M0E1MncyY1QzTUtnbXdveXdPN1JB?oc=5,2026-06-03 02:18:00,Kompas.com
320,"Tepis Julukan Jakbar ""Gotham City"", Wali Kota: Kriminalitas Aman Terkendali - Kompas.com","<a href=""https://news.google.com/rss/articles/CBMixgFBVV95cUxQZzMwelZJSXZsRkF4b0JTMDZ3UUx3ZEVQVy1GTjBKcTdoX0hKZUdlU0FGZjV3UHBEa0JZOTNrRUtXdVF0RVhkV1k0VlJCSDBTamxCZkRiTmpsM3RxXzdxR1hkRTN2dGo2eEVNZFdGLUFEVTgyM3A4VktQVWs5WDdNTjlDbEEwZTFwWFotd2t0WjdzdV9EdThNNHlrcDVSbExKN0pkTGVHeEtnMUU4QmNLUGtXOUdUVUIwZkJGQnQwcGFCR0dwRXc?oc=5"" target=""_blank"">Tepis Julukan Jakbar ""Gotham City"", Wali Kota: Kriminalitas Aman Terkendali</a>&nbsp;&nbsp;<font color=""#6f6f6f"">Kompas.com</font>",https://news.google.com/rss/articles/CBMixgFBVV95cUxQZzMwelZJSXZsRkF4b0JTMDZ3UUx3ZEVQVy1GTjBKcTdoX0hKZUdlU0FGZjV3UHBEa0JZOTNrRUtXdVF0RVhkV1k0VlJCSDBTamxCZkRiTmpsM3RxXzdxR1hkRTN2dGo2eEVNZFdGLUFEVTgyM3A4VktQVWs5WDdNTjlDbEEwZTFwWFotd2t0WjdzdV9EdThNNHlrcDVSbExKN0pkTGVHeEtnMUU4QmNLUGtXOUdUVUIwZkJGQnQwcGFCR0dwRXc?oc=5,2026-06-01 06:36:00,Kompas.com
321,"Redmi Headphones Neo Resmi Dirilis, Punya ANC 42 dB dan Baterai 72 Jam - Kompas.com","<a href=""https://news.google.com/rss/articles/CBMiuwFBVV95cUxNS2FWVEExeDV1c1h5Sm5BVFpBcHdkSldXdnJYWHYwLVRYSnhFY0YwMzFGbFVUajFKcFhGYlVaSWhwMFIxZDJHdmI2THRTaHZicEVZaHpmRXpVc0Zzb053a1Y5bmtqXzBhbjdQNnV3MWpadVJuWXFhRjFqQ2FzaDBNb2l2bmpGY3M1bkhJOVZPNEc4UW9iZmk0Y184bTFtbkhrS1RndVJPVlVpRzc5d2NFSlV2T3RXa0IzdnlV?oc=5"" target=""_blank"">Redmi Headphones Neo Resmi Dirilis, Punya ANC 42 dB dan Baterai 72 Jam</a>&nbsp;&nbsp;<font color=""#6f6f6f"">Kompas.com</font>",https://news.google.com/rss/articles/CBMiuwFBVV95cUxNS2FWVEExeDV1c1h5Sm5BVFpBcHdkSldXdnJYWHYwLVRYSnhFY0YwMzFGbFVUajFKcFhGYlVaSWhwMFIxZDJHdmI2THRTaHZicEVZaHpmRXpVc0Zzb053a1Y5bmtqXzBhbjdQNnV3MWpadVJuWXFhRjFqQ2FzaDBNb2l2bmpGY3M1bkhJOVZPNEc4UW9iZmk0Y184bTFtbkhrS1RndVJPVlVpRzc5d2NFSlV2T3RXa0IzdnlV?oc=5,2026-05-31 03:01:00,Kompas.com
322,"Viral Wisatawan Diminta Uang Seikhlasnya, Pemkab Gunungkidul Selidiki Dugaan Pungli di Pantai Watulawang - Kompas.com","<a href=""https://news.google.com/rss/articles/CBMiwgFBVV95cUxQVjNfdGxlakpVT0FlX2ZHRmZxeFpUemh0dzRWa3hMeldDWVlzWGJnWmFnTGtISl9POXpCMmxxRlh4SF9fM2VQYThDSlcwbFllUmdPbVh2c2k4aks4SkRHb1FvWjFDem53YUV6SnJ3MnExZ2Y1Q3g4MnhJTmZkRzNqY0c4cmk5SnJLUDNFd01zMEhWQzZpY1Z3OWVRZ1NpMUxTQ1NRTzQ1MlQydHRXUkNwSGx3ZUZFX0xTR1BMZzhRNHhYQQ?oc=5"" target=""_blank"">Viral Wisatawan Diminta Uang Seikhlasnya, Pemkab Gunungkidul Selidiki Dugaan Pungli di Pantai Watulawang</a>&nbsp;&nbsp;<font color=""#6f6f6f"">Kompas.com</font>",https://news.google.com/rss/articles/CBMiwgFBVV95cUxQVjNfdGxlakpVT0FlX2ZHRmZxeFpUemh0dzRWa3hMeldDWVlzWGJnWmFnTGtISl9POXpCMmxxRlh4SF9fM2VQYThDSlcwbFllUmdPbVh2c2k4aks4SkRHb1FvWjFDem53YUV6SnJ3MnExZ2Y1Q3g4MnhJTmZkRzNqY0c4cmk5SnJLUDNFd01zMEhWQzZpY1Z3OWVRZ1NpMUxTQ1NRTzQ1MlQydHRXUkNwSGx3ZUZFX0xTR1BMZzhRNHhYQQ?oc=5,2026-06-02 07:00:00,Kompas.com
323,Erick Thohir Soroti Anak Muda Sulit Cari Kerja gara-gara AI - Kompas.com,"<a href=""https://news.google.com/rss/articles/CBMisgFBVV95cUxONGFMMlMtcnowSVZuVVJrVTA2aDh1ZXZyZGtNdy1vTUI2MWtMc2o2UDRxWlFVdjQ3U2dycEdwUTZGeTRGdUxKLS1uMXBtV3NYWHhQaGxWRFo5ZDVUakVuVGNjQnRHcXE5VERjY2NlNDQtLUhPcDNhU1FSck5MWTZwdUM4UzZSUXY5S0tCNHQwTUJpVTZ5b1FSckcxTkxNM3dxMThRVGVKRDhxNUdRT3QxcGNn?oc=5"" target=""_blank"">Erick Thohir Soroti Anak Muda Sulit Cari Kerja gara-gara AI</a>&nbsp;&nbsp;<font color=""#6f6f6f"">Kompas.com</font>",https://news.google.com/rss/articles/CBMisgFBVV95cUxONGFMMlMtcnowSVZuVVJrVTA2aDh1ZXZyZGtNdy1vTUI2MWtMc2o2UDRxWlFVdjQ3U2dycEdwUTZGeTRGdUxKLS1uMXBtV3NYWHhQaGxWRFo5ZDVUakVuVGNjQnRHcXE5VERjY2NlNDQtLUhPcDNhU1FSck5MWTZwdUM4UzZSUXY5S0tCNHQwTUJpVTZ5b1FSckcxTkxNM3dxMThRVGVKRDhxNUdRT3QxcGNn?oc=5,2026-06-02 11:50:00,Kompas.com
324,"Samanhudi Dapat SK Ketua KONI Kota Blitar, Mas Ibin Belum Pastikan soal Pelantikan - Kompas.com","<a href=""https://news.google.com/rss/articles/CBMiwgFBVV95cUxQM19oLVNqYmFoZVFUc3NtYTNqSy0yZDNUekNpSVJmZF9hdGs4UHBXcG10R1NtcURQS3ptRi1DeVdFbXFsSlF1c0h1b2haeG9zcWktWTdmOVptX2NyN3lGRlozdlV1WEh2NDQ0WUZjRkhJRURObHJudnItN1dSckZBTWNheXdzcWVMZm8wRHRuR2pyRlk5UzczVDdXWmZXa0tFOU5PSTNxemRjSjFaWVZNTWhFV1hYRTBTdkRRa3J6ekZUUQ?oc=5"" target=""_blank"">Samanhudi Dapat SK Ketua KONI Kota Blitar, Mas Ibin Belum Pastikan soal Pelantikan</a>&nbsp;&nbsp;<font color=""#6f6f6f"">Kompas.com</font>",https://news.google.com/rss/articles/CBMiwgFBVV95cUxQM19oLVNqYmFoZVFUc3NtYTNqSy0yZDNUekNpSVJmZF9hdGs4UHBXcG10R1NtcURQS3ptRi1DeVdFbXFsSlF1c0h1b2haeG9zcWktWTdmOVptX2NyN3lGRlozdlV1WEh2NDQ0WUZjRkhJRURObHJudnItN1dSckZBTWNheXdzcWVMZm8wRHRuR2pyRlk5UzczVDdXWmZXa0tFOU5PSTNxemRjSjFaWVZNTWhFV1hYRTBTdkRRa3J6ekZUUQ?oc=5,2026-06-03 13:02:00,Kompas.com
325,"SPMB Buleleng 2026: Kuota Sekolah Berlebih, Distribusi Siswa Menumpuk di Wilayah Tertentu - Kompas.com","<a href=""https://news.google.com/rss/articles/CBMiwgFBVV95cUxQSll3Q1MwVkhuUFZJdHRuZ2JaZENqb3JKSGpGbERCVDF3RVJuOERPTGt5M1Q3QXdtakZpN1FqaUJvTmc4MEhMdTlvVHMwdWlna1hJQ1htNl9RZENuRWx3Ri1lY2JwSi1Sd0I3bEJLTU1NbGk3MF9YVm0zcGJmT1gyak43TlZhQ0NRQl9JSWtzc0g0c1hoQUdsM1daLWd4MlF0ZGMwclI0YXRIWERnb0tVdW9sQzVieVRMaUFkU0wwM2huUQ?oc=5"" target=""_blank"">SPMB Buleleng 2026: Kuota Sekolah Berlebih, Distribusi Siswa Menumpuk di Wilayah Tertentu</a>&nbsp;&nbsp;<font color=""#6f6f6f"">Kompas.com</font>",https://news.google.com/rss/articles/CBMiwgFBVV95cUxQSll3Q1MwVkhuUFZJdHRuZ2JaZENqb3JKSGpGbERCVDF3RVJuOERPTGt5M1Q3QXdtakZpN1FqaUJvTmc4MEhMdTlvVHMwdWlna1hJQ1htNl9RZENuRWx3Ri1lY2JwSi1Sd0I3bEJLTU1NbGk3MF9YVm0zcGJmT1gyak43TlZhQ0NRQl9JSWtzc0g0c1hoQUdsM1daLWd4MlF0ZGMwclI0YXRIWERnb0tVdW9sQzVieVRMaUFkU0wwM2huUQ?oc=5,2026-06-02 08:11:00,Kompas.com
326,"Sudah Bayar sejak Juni 2025, Wali Murid MTsN 4 Langkat Keluhkan Seragam Tak Kunjung Jadi - Kompas.com","<a href=""https://news.google.com/rss/articles/CBMiwwFBVV95cUxQeUYtODN4ZVV2WWFyN21IaDZIaG1WT1ZTYkxCUTNQTHdtY0VhSWZmTFZLVEMxeWhVTzFJLUxWZGFReTFWejd1UWJWTnA0NExGSDJoa2I4N3d6VllQS2tlZkw0OVZIZkJKR1ZVa0l3MjhpQ1dqZGg3WnRlVy15cGdQSjlmRkNOWDZNY0VtWEZuSU5WOUh6c1dHczVNVUhEZElEbUVlQzJFRTJqcXhWbEhsalNHSUFob0RGMFVabUhpdWZ5bmc?oc=5"" target=""_blank"">Sudah Bayar sejak Juni 2025, Wali Murid MTsN 4 Langkat Keluhkan Seragam Tak Kunjung Jadi</a>&nbsp;&nbsp;<font color=""#6f6f6f"">Kompas.com</font>",https://news.google.com/rss/articles/CBMiwwFBVV95cUxQeUYtODN4ZVV2WWFyN21IaDZIaG1WT1ZTYkxCUTNQTHdtY0VhSWZmTFZLVEMxeWhVTzFJLUxWZGFReTFWejd1UWJWTnA0NExGSDJoa2I4N3d6VllQS2tlZkw0OVZIZkJKR1ZVa0l3MjhpQ1dqZGg3WnRlVy15cGdQSjlmRkNOWDZNY0VtWEZuSU5WOUh6c1dHczVNVUhEZElEbUVlQzJFRTJqcXhWbEhsalNHSUFob0RGMFVabUhpdWZ5bmc?oc=5,2026-06-03 04:30:00,Kompas.com
327,"Tasya Farasya Turun 13 Kg dalam 2,5 Bulan, Ungkap Rahasia di Balik Transformasinya - Kompas.com","<a href=""https://news.google.com/rss/articles/CBMivAFBVV95cUxNSkhDcl85Tk9CN1NncC12R3l6T3U5VjZxWHlYQ3pkanpyeU81ekRBc3JpU0xYbEJYX0drbnprZUcwTzRzN1F4eU8zODMyYlI1WGJFNGY3aGlwQU1BZ3BWRWJTNHJ1M2R5WkpET19oeDUxZi0zOVZrQ0FLR0RFTTJQZ18ydFhJem9WR3lKU21uMnMydXNPeF9MbU9wZ0xlVEJjZVVINDE1U05TOHRYNFFSOE12bWFhcVhVUGEwaw?oc=5"" target=""_blank"">Tasya Farasya Turun 13 Kg dalam 2,5 Bulan, Ungkap Rahasia di Balik Transformasinya</a>&nbsp;&nbsp;<font color=""#6f6f6f"">Kompas.com</font>",https://news.google.com/rss/articles/CBMivAFBVV95cUxNSkhDcl85Tk9CN1NncC12R3l6T3U5VjZxWHlYQ3pkanpyeU81ekRBc3JpU0xYbEJYX0drbnprZUcwTzRzN1F4eU8zODMyYlI1WGJFNGY3aGlwQU1BZ3BWRWJTNHJ1M2R5WkpET19oeDUxZi0zOVZrQ0FLR0RFTTJQZ18ydFhJem9WR3lKU21uMnMydXNPeF9MbU9wZ0xlVEJjZVVINDE1U05TOHRYNFFSOE12bWFhcVhVUGEwaw?oc=5,2026-06-03 06:33:00,Kompas.com
328,"Profil Puskas Arena, Stadion Megah Saksi Bisu Tumbangnya Arsenal - Kompas.com","<a href=""https://news.google.com/rss/articles/CBMivgFBVV95cUxPQS0xZHh2aE1HUUxORkstWmFmRnQzc0ZWbWtycmRQdDhzZTFzeHlLUDh2ZnFLZ3g4UXJydVFCaU5IeUdKQV81alI1VVRaVkFKV0pWTnJwTmd0bDVCU3VkQ3V1b2plLWg3cUhiN0pXN0ZCUVNrRHAzaU43WXNNZ2ItS2otcDV6eXpMQ3RLdDViamJjUC01TGFJMjNQNVBFenkzeUhLc3FBMTFtTko0dEhqS2xXckZERmg0dUd0ZzdB?oc=5"" target=""_blank"">Profil Puskas Arena, Stadion Megah Saksi Bisu Tumbangnya Arsenal</a>&nbsp;&nbsp;<font color=""#6f6f6f"">Kompas.com</font>",https://news.google.com/rss/articles/CBMivgFBVV95cUxPQS0xZHh2aE1HUUxORkstWmFmRnQzc0ZWbWtycmRQdDhzZTFzeHlLUDh2ZnFLZ3g4UXJydVFCaU5IeUdKQV81alI1VVRaVkFKV0pWTnJwTmd0bDVCU3VkQ3V1b2plLWg3cUhiN0pXN0ZCUVNrRHAzaU43WXNNZ2ItS2otcDV6eXpMQ3RLdDViamJjUC01TGFJMjNQNVBFenkzeUhLc3FBMTFtTko0dEhqS2xXckZERmg0dUd0ZzdB?oc=5,2026-05-31 13:16:00,Kompas.com
329,"Pisahkan Jadwal Pria dan Wanita, Gym Masjid At-Taqwa Tangsel Diserbu Warga Luar Daerah - Kompas.com","<a href=""https://news.google.com/rss/articles/CBMiyAFBVV95cUxNeTNwcUdqNy1kaENQZ1BTd1l3STJ4YW44YmpqMERYbG9ac3hpY0szQ3QyUDIxc3pESHpEWk1pUkU5ZEViaTVjbGxFLVpsYjlnWk5CZUd5R0NKTU9lLTlmV2hzVmhuVlB6OXkxd0Y5ekMyQi1JbjNkLUVUdi1vUndvUG9nd1pISFFnUUJDdGh1ZVRGRmN0ZmpOX0oxR0VpcWxERE9ZZkJVM1lqblZxcVUwRmhoR3hqZ0ZtZmJUSTdPZWdLMFhDTk55cQ?oc=5"" target=""_blank"">Pisahkan Jadwal Pria dan Wanita, Gym Masjid At-Taqwa Tangsel Diserbu Warga Luar Daerah</a>&nbsp;&nbsp;<font color=""#6f6f6f"">Kompas.com</font>",https://news.google.com/rss/articles/CBMiyAFBVV95cUxNeTNwcUdqNy1kaENQZ1BTd1l3STJ4YW44YmpqMERYbG9ac3hpY0szQ3QyUDIxc3pESHpEWk1pUkU5ZEViaTVjbGxFLVpsYjlnWk5CZUd5R0NKTU9lLTlmV2hzVmhuVlB6OXkxd0Y5ekMyQi1JbjNkLUVUdi1vUndvUG9nd1pISFFnUUJDdGh1ZVRGRmN0ZmpOX0oxR0VpcWxERE9ZZkJVM1lqblZxcVUwRmhoR3hqZ0ZtZmJUSTdPZWdLMFhDTk55cQ?oc=5,2026-06-03 06:40:00,Kompas.com
330,"Film Baru Stephen Chow, Women's Soccer Dibayangi Kesuksesan Shaolin Soccer - Kompas.com","<a href=""https://news.google.com/rss/articles/CBMixAFBVV95cUxPRHJXRXhjTTdkMEJUSklUV1JWZEZITlFaMnhBWEVEejU1UzI3SjQtQ0VQbzJBLUlJNEpxd05WdHpSejlid2xjM25qcjk1QV9sZWJPOHQtckEwY3MwLXBWOTJHSDFGTEY1TEIzZll1cnQtQTBIVDF0MC1zVEN1TEYzYzJDNjd1YjFfYmw3RUNTN2o3WTAtR0xkaVl3RFcwWTFpamZBTTJpdERfcklGWTlrSWUtMnRtenNoRkNiMmtSODlqOFJ2?oc=5"" target=""_blank"">Film Baru Stephen Chow, Women's Soccer Dibayangi Kesuksesan Shaolin Soccer</a>&nbsp;&nbsp;<font color=""#6f6f6f"">Kompas.com</font>",https://news.google.com/rss/articles/CBMixAFBVV95cUxPRHJXRXhjTTdkMEJUSklUV1JWZEZITlFaMnhBWEVEejU1UzI3SjQtQ0VQbzJBLUlJNEpxd05WdHpSejlid2xjM25qcjk1QV9sZWJPOHQtckEwY3MwLXBWOTJHSDFGTEY1TEIzZll1cnQtQTBIVDF0MC1zVEN1TEYzYzJDNjd1YjFfYmw3RUNTN2o3WTAtR0xkaVl3RFcwWTFpamZBTTJpdERfcklGWTlrSWUtMnRtenNoRkNiMmtSODlqOFJ2?oc=5,2026-06-03 04:42:00,Kompas.com
331,"Pemkot Tangsel Gratiskan Seragam Siswa SD-SMP Negeri, Dibiayai APBD - Kompas.com","<a href=""https://news.google.com/rss/articles/CBMivwFBVV95cUxQSnU2V2Y4aUx1YmJLOU1Nbm12WDlJelFNd3dZWUJGWnQ3TjdBdnN0RGZKXzJZcXJRMGNPeHlYU2FpVEUwRXEtdzNQSG5mckxxNS0xaTBZelIxb05kNDh1Wld4cjhWbzkzb0sxc1plVjRUaWowYUJIc2hDSXZ6Wk54SlVaeFJOaFMyaWRFenNhTTIxbzRrV3I2dzgzTHg5NWJ4X0FWZzhCNVNKakZVb2lGWlhkLURxRU5yQzlrNWRtZw?oc=5"" target=""_blank"">Pemkot Tangsel Gratiskan Seragam Siswa SD-SMP Negeri, Dibiayai APBD</a>&nbsp;&nbsp;<font color=""#6f6f6f"">Kompas.com</font>",https://news.google.com/rss/articles/CBMivwFBVV95cUxQSnU2V2Y4aUx1YmJLOU1Nbm12WDlJelFNd3dZWUJGWnQ3TjdBdnN0RGZKXzJZcXJRMGNPeHlYU2FpVEUwRXEtdzNQSG5mckxxNS0xaTBZelIxb05kNDh1Wld4cjhWbzkzb0sxc1plVjRUaWowYUJIc2hDSXZ6Wk54SlVaeFJOaFMyaWRFenNhTTIxbzRrV3I2dzgzTHg5NWJ4X0FWZzhCNVNKakZVb2lGWlhkLURxRU5yQzlrNWRtZw?oc=5,2026-06-02 09:16:00,Kompas.com
332,"Masuk Usia 60 Tahun, Ini Gaya Hidup Sehat yang Disarankan - Kompas.com","<a href=""https://news.google.com/rss/articles/CBMisAFBVV95cUxQazlKT0NFb0dYd1RiOXJoTUlkNWhEMV9MYmh1Slg1em1aUWlNVzBUa1hYb0h1X2g0aWhZT0V3Q0Q2YmdRNkIzaE5LWlI4dVM1a1FkVU14Q0toaTZQUmluekJoX1JsZk5Lb2t1Xzl1ZFVEOWhvNmZiMW9pMVU2Xzl6Q0NQZDhCNUk5TDFHYVNFaGFHMmhmR1JxTzJvRy1PcnIwdXVfQU5oZzJveXN4MFR3Rg?oc=5"" target=""_blank"">Masuk Usia 60 Tahun, Ini Gaya Hidup Sehat yang Disarankan</a>&nbsp;&nbsp;<font color=""#6f6f6f"">Kompas.com</font>",https://news.google.com/rss/articles/CBMisAFBVV95cUxQazlKT0NFb0dYd1RiOXJoTUlkNWhEMV9MYmh1Slg1em1aUWlNVzBUa1hYb0h1X2g0aWhZT0V3Q0Q2YmdRNkIzaE5LWlI4dVM1a1FkVU14Q0toaTZQUmluekJoX1JsZk5Lb2t1Xzl1ZFVEOWhvNmZiMW9pMVU2Xzl6Q0NQZDhCNUk5TDFHYVNFaGFHMmhmR1JxTzJvRy1PcnIwdXVfQU5oZzJveXN4MFR3Rg?oc=5,2026-06-02 12:05:00,Kompas.com
333,"Panaskan Pemilu Real Madrid, Florentino Perez Janji Segera Umumkan Rekrutan Baru - Kompas.com","<a href=""https://news.google.com/rss/articles/CBMixwFBVV95cUxNUnJVODJGTWNJVU54bkx0dEZDN3hmT0dJZGlwaGZSRFF0VnlVN09vWEpsNjkzSUZNMlNpS0cxbVNwYWVsWDBVc0JZTTlOSVVGWlRhWFQ3VzB5enZZUUY0X1ZmTnVUZTlXN3lkSVB3SzU2cTlmbzVPclNWVnQtQ2JfSmZJeTl2VFFsclJoU3g0c2lMOHFjTkpsWU5hUnZhUE9vckRBcUw5TU1XYnhjVXpCd3BNczlFT2dKbTFVR1dQNmVka1VyVGhJ?oc=5"" target=""_blank"">Panaskan Pemilu Real Madrid, Florentino Perez Janji Segera Umumkan Rekrutan Baru</a>&nbsp;&nbsp;<font color=""#6f6f6f"">Kompas.com</font>",https://news.google.com/rss/articles/CBMixwFBVV95cUxNUnJVODJGTWNJVU54bkx0dEZDN3hmT0dJZGlwaGZSRFF0VnlVN09vWEpsNjkzSUZNMlNpS0cxbVNwYWVsWDBVc0JZTTlOSVVGWlRhWFQ3VzB5enZZUUY0X1ZmTnVUZTlXN3lkSVB3SzU2cTlmbzVPclNWVnQtQ2JfSmZJeTl2VFFsclJoU3g0c2lMOHFjTkpsWU5hUnZhUE9vckRBcUw5TU1XYnhjVXpCd3BNczlFT2dKbTFVR1dQNmVka1VyVGhJ?oc=5,2026-06-03 10:36:00,Kompas.com
334,Sang Messi Raksasa Tak Lagi Berdiri Usai Goyang Tertiup Angin - Kompas.com,"<a href=""https://news.google.com/rss/articles/CBMiuAFBVV95cUxONW1zTk5xbWZIVVVxb0ZjdnVTeU1WSWgzeHJvajRMak9zenZKR0RPa1Q3YjR3VlJ6ckwwcHFMWUhnZ2lsbGF2dUhkN0VVWF9Ta2FiUVRSMjRBSE5pOHN0WUpmMlRIbjI0b2IzRldudmJpakVrVGtQekdPLV9uREh4ajlrS3JnZ3JSTjZYb2t2UEM2TW9raTZjUkN5dnE3clF0SXczLWZ0SnYzNk9vdDdiTkU0Nk1oY0xX?oc=5"" target=""_blank"">Sang Messi Raksasa Tak Lagi Berdiri Usai Goyang Tertiup Angin</a>&nbsp;&nbsp;<font color=""#6f6f6f"">Kompas.com</font>",https://news.google.com/rss/articles/CBMiuAFBVV95cUxONW1zTk5xbWZIVVVxb0ZjdnVTeU1WSWgzeHJvajRMak9zenZKR0RPa1Q3YjR3VlJ6ckwwcHFMWUhnZ2lsbGF2dUhkN0VVWF9Ta2FiUVRSMjRBSE5pOHN0WUpmMlRIbjI0b2IzRldudmJpakVrVGtQekdPLV9uREh4ajlrS3JnZ3JSTjZYb2t2UEM2TW9raTZjUkN5dnE3clF0SXczLWZ0SnYzNk9vdDdiTkU0Nk1oY0xX?oc=5,2026-06-02 13:48:00,Kompas.com
335,2 Orang Kena Peluru Nyasar Saat Bersantai di Kampus UNP - Kompas.com,"<a href=""https://news.google.com/rss/articles/CBMiT0FVX3lxTFA1aHFIN3NoUjhZYzYxbVF1cDZ0SFQ4WEdZY1BoLUl4OWllNElfeFZDMXN2NkFsdTNaUnZ5Wmdkd3JBWkNmNkxvM0dfcE1wVGc?oc=5"" target=""_blank"">2 Orang Kena Peluru Nyasar Saat Bersantai di Kampus UNP</a>&nbsp;&nbsp;<font color=""#6f6f6f"">Kompas.com</font>",https://news.google.com/rss/articles/CBMiT0FVX3lxTFA1aHFIN3NoUjhZYzYxbVF1cDZ0SFQ4WEdZY1BoLUl4OWllNElfeFZDMXN2NkFsdTNaUnZ5Wmdkd3JBWkNmNkxvM0dfcE1wVGc?oc=5,2026-06-03 08:13:34,Kompas.com
336,Momen Rombongan Orangutan Naik Bus Menuju Tempat Rehabilitasi Baru di Nyaru Menteng - Kompas.com,"<a href=""https://news.google.com/rss/articles/CBMiT0FVX3lxTE9paFZVa2NvbDFWSUc0aF84VTVPb2hlZktSMm42WEkyMl9pZU1FN3pIcXBRaENBaFBoaVBMU01nc1Y3czhYTDBOb0w3TGdJcTA?oc=5"" target=""_blank"">Momen Rombongan Orangutan Naik Bus Menuju Tempat Rehabilitasi Baru di Nyaru Menteng</a>&nbsp;&nbsp;<font color=""#6f6f6f"">Kompas.com</font>",https://news.google.com/rss/articles/CBMiT0FVX3lxTE9paFZVa2NvbDFWSUc0aF84VTVPb2hlZktSMm42WEkyMl9pZU1FN3pIcXBRaENBaFBoaVBMU01nc1Y3czhYTDBOb0w3TGdJcTA?oc=5,2026-06-03 08:13:33,Kompas.com
337,"Pedagang di Arab Saudi Jago Bahasa Indonesia, Ada yang Jual Gorengan dan Klepon - Kompas.com","<a href=""https://news.google.com/rss/articles/CBMiT0FVX3lxTE15ZlFVX0JZX2RRSXE2eDk0b3MtbGVSY3FrNjd1cHgyTTV5c3ZfMkJwSUNhcG1Ddk5sYmQ1NG5YS2x3NEJqaHJNbVlHY3VXWVE?oc=5"" target=""_blank"">Pedagang di Arab Saudi Jago Bahasa Indonesia, Ada yang Jual Gorengan dan Klepon</a>&nbsp;&nbsp;<font color=""#6f6f6f"">Kompas.com</font>",https://news.google.com/rss/articles/CBMiT0FVX3lxTE15ZlFVX0JZX2RRSXE2eDk0b3MtbGVSY3FrNjd1cHgyTTV5c3ZfMkJwSUNhcG1Ddk5sYmQ1NG5YS2x3NEJqaHJNbVlHY3VXWVE?oc=5,2026-06-03 08:20:04,Kompas.com
338,"5 Kebiasaan Sehat untuk Menurunkan Risiko Demensia, Termasuk Memasak - Kompas.com","<a href=""https://news.google.com/rss/articles/CBMivwFBVV95cUxOM3JIQ1dQWGZocWlUSkpFdUp5aEJFemFBQS1pR21hMW91NTYtaEZldnFEbEpJSnhDUm9VZ1ZaR3QxRTVqMUcxOGlSZXkzalN0MHNhcmJaVklWZ29rdWVXLWo2NnducDBfdTROaHQ3a0FnOHhUNmFMMUhNWXFmV3l3em9CS1JWbkhJWThuVkF5Zm5ONXRzcDFBSzAxMnFnNUFsMERyTnBhQWRwWVlHUWdYZU96TzJlM3FPaFRDNmRSRQ?oc=5"" target=""_blank"">5 Kebiasaan Sehat untuk Menurunkan Risiko Demensia, Termasuk Memasak</a>&nbsp;&nbsp;<font color=""#6f6f6f"">Kompas.com</font>",https://news.google.com/rss/articles/CBMivwFBVV95cUxOM3JIQ1dQWGZocWlUSkpFdUp5aEJFemFBQS1pR21hMW91NTYtaEZldnFEbEpJSnhDUm9VZ1ZaR3QxRTVqMUcxOGlSZXkzalN0MHNhcmJaVklWZ29rdWVXLWo2NnducDBfdTROaHQ3a0FnOHhUNmFMMUhNWXFmV3l3em9CS1JWbkhJWThuVkF5Zm5ONXRzcDFBSzAxMnFnNUFsMERyTnBhQWRwWVlHUWdYZU96TzJlM3FPaFRDNmRSRQ?oc=5,2026-06-03 14:03:00,Kompas.com
339,"Ada Praktik Pungli di Wisata Gunungkidul, Laporkan ke Nomor Ini - Kompas.com","<a href=""https://news.google.com/rss/articles/CBMitAFBVV95cUxOdElzV2FkQmNnWTR2Y3lQLTB6SFItYXV3RGFBU204bEFYZlRVbVFLQjFUQU5KTFktY285MUhZaVktRW91MVVCZklzejVVbjI5V0lmdjRNc0V0UDJqMC1zOEp2ZkhobkhIcDhRVmppZ3Rud1BQcmxCd1c2VnJLekNIVENyOVVoUGdzWkoxaHRlQzU1M0lOSTNBR3RKcVQzNTZnRHRPUEtDMlQ0eDlNbFFwdGcweVE?oc=5"" target=""_blank"">Ada Praktik Pungli di Wisata Gunungkidul, Laporkan ke Nomor Ini</a>&nbsp;&nbsp;<font color=""#6f6f6f"">Kompas.com</font>",https://news.google.com/rss/articles/CBMitAFBVV95cUxOdElzV2FkQmNnWTR2Y3lQLTB6SFItYXV3RGFBU204bEFYZlRVbVFLQjFUQU5KTFktY285MUhZaVktRW91MVVCZklzejVVbjI5V0lmdjRNc0V0UDJqMC1zOEp2ZkhobkhIcDhRVmppZ3Rud1BQcmxCd1c2VnJLekNIVENyOVVoUGdzWkoxaHRlQzU1M0lOSTNBR3RKcVQzNTZnRHRPUEtDMlQ0eDlNbFFwdGcweVE?oc=5,2026-06-01 22:05:00,Kompas.com
340,"IIMS Surabaya 2026 Pecah Target, Pasar Otomotif Daerah Masih Bergairah - Kompas.com","<a href=""https://news.google.com/rss/articles/CBMiwAFBVV95cUxOVWdGQXVGanAwOWdscGVwVFhZbG11TDN3ZWc0T0stY2tKdmV4b0gzZjBTSEUzUmRDbTVTNjFtWi1icWxkRHY3aFFBS3cycV9CTUZhNjhwckFPQlFJMERSdnRtV3JwRUtmc1d0d2VfMmpGSDk4S3phbkJJY0U4UFdXb1NGbFgtUUFRNnZlbVk5XzA5NmJBYkFfZEpDaXZDSi1QalFqVVZaUTZWaGl4cmpTRm9Hc2ZnWHJidFBUaTEwZU0?oc=5"" target=""_blank"">IIMS Surabaya 2026 Pecah Target, Pasar Otomotif Daerah Masih Bergairah</a>&nbsp;&nbsp;<font color=""#6f6f6f"">Kompas.com</font>",https://news.google.com/rss/articles/CBMiwAFBVV95cUxOVWdGQXVGanAwOWdscGVwVFhZbG11TDN3ZWc0T0stY2tKdmV4b0gzZjBTSEUzUmRDbTVTNjFtWi1icWxkRHY3aFFBS3cycV9CTUZhNjhwckFPQlFJMERSdnRtV3JwRUtmc1d0d2VfMmpGSDk4S3phbkJJY0U4UFdXb1NGbFgtUUFRNnZlbVk5XzA5NmJBYkFfZEpDaXZDSi1QalFqVVZaUTZWaGl4cmpTRm9Hc2ZnWHJidFBUaTEwZU0?oc=5,2026-06-01 07:01:00,Kompas.com
341,Psikolog Ungkap Cara Mengelola Rindu Tanah Suci agar Berdampak Positif - Kompas.com,"<a href=""https://news.google.com/rss/articles/CBMiwwFBVV95cUxQbmlEdWdsUVI0ZnZRSUZibkRHRVNaUmtVLWF1X0NrNFp6YUJmOFBpRVdmQzk1QnZieU9uSFl3cXpqN2ItYVY2Y3MxbS00ejZxbkJxU25sSEpOeGpnaUcyTG1NaWFZLW4wN0l2S2xaYlM1ZklfV05GODA5UDdSeFlsbnp3T2Iwb2hvNlZpTjZ0aUMwLUVOWmVIX1lOR2I3bGhOdXZsTGdnQ1lfbWlnU3dqQzZNLURhMWpEbmtHWHNLRUN0aU0?oc=5"" target=""_blank"">Psikolog Ungkap Cara Mengelola Rindu Tanah Suci agar Berdampak Positif</a>&nbsp;&nbsp;<font color=""#6f6f6f"">Kompas.com</font>",https://news.google.com/rss/articles/CBMiwwFBVV95cUxQbmlEdWdsUVI0ZnZRSUZibkRHRVNaUmtVLWF1X0NrNFp6YUJmOFBpRVdmQzk1QnZieU9uSFl3cXpqN2ItYVY2Y3MxbS00ejZxbkJxU25sSEpOeGpnaUcyTG1NaWFZLW4wN0l2S2xaYlM1ZklfV05GODA5UDdSeFlsbnp3T2Iwb2hvNlZpTjZ0aUMwLUVOWmVIX1lOR2I3bGhOdXZsTGdnQ1lfbWlnU3dqQzZNLURhMWpEbmtHWHNLRUN0aU0?oc=5,2026-06-03 07:30:00,Kompas.com
342,"7 Tahun Berlalu, Kucing Karl Lagerfeld Belum Terima Warisan - Kompas.com","<a href=""https://news.google.com/rss/articles/CBMiswFBVV95cUxNd1FLUEVHZnBDSzdhUFhnZFJ6bGt0RjgwZ2RZSC1nZ0JMdmpIQk4xak1VT19SRThuQ1NkNzZoYll1QkQ3UFVEVC1LS3JsNGNHT2YtZUwzWHVJT3VudTBSWkUtMExfQXdzei03ZGR0NzNjeno5T0QxWVJCYVFuQnVfWG1VTW1qU1gtdGtIQS1ISzJBZTk5dTVncExiVF9EcngzTEdGTm1hYkY0MkwtVjlSTzVsMA?oc=5"" target=""_blank"">7 Tahun Berlalu, Kucing Karl Lagerfeld Belum Terima Warisan</a>&nbsp;&nbsp;<font color=""#6f6f6f"">Kompas.com</font>",https://news.google.com/rss/articles/CBMiswFBVV95cUxNd1FLUEVHZnBDSzdhUFhnZFJ6bGt0RjgwZ2RZSC1nZ0JMdmpIQk4xak1VT19SRThuQ1NkNzZoYll1QkQ3UFVEVC1LS3JsNGNHT2YtZUwzWHVJT3VudTBSWkUtMExfQXdzei03ZGR0NzNjeno5T0QxWVJCYVFuQnVfWG1VTW1qU1gtdGtIQS1ISzJBZTk5dTVncExiVF9EcngzTEdGTm1hYkY0MkwtVjlSTzVsMA?oc=5,2026-06-03 07:00:00,Kompas.com
343,5 Tren Potongan Rambut Tahun Ini dengan Gaya Natural dan Chic - Kompas.com,"<a href=""https://news.google.com/rss/articles/CBMitwFBVV95cUxQSTh1UElrZEhaZ1F3X2RsZnA1M1NDNzI2cFRyZlVMSUdvRmg0ZnptNzdRakFEYzl1dTF1WXh4c25ZRTlVcHpzZ1Z6RmZXSkl0NF84XzBtUFJPTzVqMUpiOTZxY1pMNndWZWcwbE5iNTFJczVGdGU5bGRXS0V5WDNKRzJYWWhaMG5ZNjNiN0tWSm9fckNRMEV2Rk1rMGhaRU5TWlFGNDh6eDJucmY1ZElFOUxvU3JQS28?oc=5"" target=""_blank"">5 Tren Potongan Rambut Tahun Ini dengan Gaya Natural dan Chic</a>&nbsp;&nbsp;<font color=""#6f6f6f"">Kompas.com</font>",https://news.google.com/rss/articles/CBMitwFBVV95cUxQSTh1UElrZEhaZ1F3X2RsZnA1M1NDNzI2cFRyZlVMSUdvRmg0ZnptNzdRakFEYzl1dTF1WXh4c25ZRTlVcHpzZ1Z6RmZXSkl0NF84XzBtUFJPTzVqMUpiOTZxY1pMNndWZWcwbE5iNTFJczVGdGU5bGRXS0V5WDNKRzJYWWhaMG5ZNjNiN0tWSm9fckNRMEV2Rk1rMGhaRU5TWlFGNDh6eDJucmY1ZElFOUxvU3JQS28?oc=5,2026-06-03 10:03:00,Kompas.com
344,Detik-detik Rudal Iran Hantam Bandara Kuwait - Kompas.com,"<a href=""https://news.google.com/rss/articles/CBMiT0FVX3lxTFAwcC1JaExmNDkzTS05NmItLWxVZVhzajdWVEdWN3RoSHIxeEdDb2RCY3JRa05RejJFWEFnQThVZnE4eUVHNGl2MzNZeTJIcWM?oc=5"" target=""_blank"">Detik-detik Rudal Iran Hantam Bandara Kuwait</a>&nbsp;&nbsp;<font color=""#6f6f6f"">Kompas.com</font>",https://news.google.com/rss/articles/CBMiT0FVX3lxTFAwcC1JaExmNDkzTS05NmItLWxVZVhzajdWVEdWN3RoSHIxeEdDb2RCY3JRa05RejJFWEFnQThVZnE4eUVHNGl2MzNZeTJIcWM?oc=5,2026-06-03 08:53:26,Kompas.com
345,Momen Dedi Mulyadi Serahkan Bonus Rp 1 Miliar untuk Persib - Kompas.com,"<a href=""https://news.google.com/rss/articles/CBMiT0FVX3lxTE9obFZFbGRrcHdRNWI3ZnpWSnhGX3dmREtReFY1NGFDZzhvczhfWExUWnVBYXJBZGV4cG9EUk9ocXZsLXdwTDQxdGMzT0E3dTg?oc=5"" target=""_blank"">Momen Dedi Mulyadi Serahkan Bonus Rp 1 Miliar untuk Persib</a>&nbsp;&nbsp;<font color=""#6f6f6f"">Kompas.com</font>",https://news.google.com/rss/articles/CBMiT0FVX3lxTE9obFZFbGRrcHdRNWI3ZnpWSnhGX3dmREtReFY1NGFDZzhvczhfWExUWnVBYXJBZGV4cG9EUk9ocXZsLXdwTDQxdGMzT0E3dTg?oc=5,2026-06-03 08:46:56,Kompas.com
346,"Operasi Kelopak Mata Gagal, Wanita Ini Tak Bisa Tidur Terpejam - Kompas.com","<a href=""https://news.google.com/rss/articles/CBMitwFBVV95cUxQNG9mZWJXQzdubGxqSTh3RDFpQmJhNzdoZ2ZJWXdBNkx6QkpNUnY4aVRKTkNTT2FOb25vaGJVUUZCcFRtSkJMTGxublpUdjl4ako5VGd5QmpjeFBhVGR2WUplelNIWk9rYXZoSWhkR2p5R1J6Z005cXBSUHk2R2gwbHhmSnFkeGVGUEhoLW43cEE2MXU1SldpcHJjUXpIOGxnUGR2NFZWbXhWcjZ4YTlyNW5pZ1FINEU?oc=5"" target=""_blank"">Operasi Kelopak Mata Gagal, Wanita Ini Tak Bisa Tidur Terpejam</a>&nbsp;&nbsp;<font color=""#6f6f6f"">Kompas.com</font>",https://news.google.com/rss/articles/CBMitwFBVV95cUxQNG9mZWJXQzdubGxqSTh3RDFpQmJhNzdoZ2ZJWXdBNkx6QkpNUnY4aVRKTkNTT2FOb25vaGJVUUZCcFRtSkJMTGxublpUdjl4ako5VGd5QmpjeFBhVGR2WUplelNIWk9rYXZoSWhkR2p5R1J6Z005cXBSUHk2R2gwbHhmSnFkeGVGUEhoLW43cEE2MXU1SldpcHJjUXpIOGxnUGR2NFZWbXhWcjZ4YTlyNW5pZ1FINEU?oc=5,2026-06-02 03:00:00,Kompas.com
347,Spot Foto Terbaik di Istanbul - Kompas.com,"<a href=""https://news.google.com/rss/articles/CBMiT0FVX3lxTFBlSUFOMzhSN0Rmajd1dHA5akZ1ZzRMdGVDRWJmNDBFckY3VEZuT0lfM21nSzFMX1FDdUVnOFZfaEhyXzRTU08zcWhuU0xLWGc?oc=5"" target=""_blank"">Spot Foto Terbaik di Istanbul</a>&nbsp;&nbsp;<font color=""#6f6f6f"">Kompas.com</font>",https://news.google.com/rss/articles/CBMiT0FVX3lxTFBlSUFOMzhSN0Rmajd1dHA5akZ1ZzRMdGVDRWJmNDBFckY3VEZuT0lfM21nSzFMX1FDdUVnOFZfaEhyXzRTU08zcWhuU0xLWGc?oc=5,2026-06-02 10:23:46,Kompas.com
348,Kate Middleton Memukau dengan Dress Polkadot Merah di Perayaan 125 Tahun Cancer Research UK - Kompas.com,"<a href=""https://news.google.com/rss/articles/CBMixgFBVV95cUxOdVI3OEVPTlZCbkxmQVl1bEpnaVdSODRvVUFKX0gzbzZNaW5Oc21LcGtMRGo0UnZXSWw1M2hKbllHZ2lhNjFCZTJhai0taGxxVHhpeEMtQi00SWRhU0tnVkxGUHh4eXVmMXBYc1dQeEdMUDNINEo0NnN0dDNIckZIQlpnaGhEMGQ4M1JwYkhuZVQtV1ZjaUlqWmVNb3VKQks5VkdBdVFVTlR1b002X01tcDVkZm0zSVl3U0FBbHFNdXlrT1E5R1E?oc=5"" target=""_blank"">Kate Middleton Memukau dengan Dress Polkadot Merah di Perayaan 125 Tahun Cancer Research UK</a>&nbsp;&nbsp;<font color=""#6f6f6f"">Kompas.com</font>",https://news.google.com/rss/articles/CBMixgFBVV95cUxOdVI3OEVPTlZCbkxmQVl1bEpnaVdSODRvVUFKX0gzbzZNaW5Oc21LcGtMRGo0UnZXSWw1M2hKbllHZ2lhNjFCZTJhai0taGxxVHhpeEMtQi00SWRhU0tnVkxGUHh4eXVmMXBYc1dQeEdMUDNINEo0NnN0dDNIckZIQlpnaGhEMGQ4M1JwYkhuZVQtV1ZjaUlqWmVNb3VKQks5VkdBdVFVTlR1b002X01tcDVkZm0zSVl3U0FBbHFNdXlrT1E5R1E?oc=5,2026-06-03 11:05:00,Kompas.com
349,"Solo Pernah Jadi Daerah Istimewa, Kenapa Dicabut? - Kompas.com","<a href=""https://news.google.com/rss/articles/CBMiT0FVX3lxTFB1bmVTTDV2RkpPeWU3QW1FVk1qV2xybG1TN3YtU3dIQ1EtcDY1OVBlYy1kSFdHUGhEaG16Y0QtbGJpdGZDQVVsT0ZMemY2RlU?oc=5"" target=""_blank"">Solo Pernah Jadi Daerah Istimewa, Kenapa Dicabut?</a>&nbsp;&nbsp;<font color=""#6f6f6f"">Kompas.com</font>",https://news.google.com/rss/articles/CBMiT0FVX3lxTFB1bmVTTDV2RkpPeWU3QW1FVk1qV2xybG1TN3YtU3dIQ1EtcDY1OVBlYy1kSFdHUGhEaG16Y0QtbGJpdGZDQVVsT0ZMemY2RlU?oc=5,2026-06-03 08:13:34,Kompas.com
350,3 Shio yang Diprediksi Paling Beruntung Sepanjang Juni 2026 - Kompas.com,"<a href=""https://news.google.com/rss/articles/CBMiwAFBVV95cUxOcEluTWljVmpUa1EzX2IwZlE3OWE5akE4X1dnM200R3R5ZWJtQzJkMzRXcktzWmlWTTJNREMzQ0JBSkN1QkR4eXQtZDV2NmFCcUlDM3JXUEhqMklncl84RnAycjJQUWRDTXY1MFVJTkVYYjZ4Y0E0ZWZkNlhZbkx0NkdwaWJ6ZHB4aHdMNjlxYVNiQkpicFZ1SlZ1eXZOWm5NLU5GTV9JWHViOVhaaUlkdDdlQTBsR0s4ektjNDhnRnI?oc=5"" target=""_blank"">3 Shio yang Diprediksi Paling Beruntung Sepanjang Juni 2026</a>&nbsp;&nbsp;<font color=""#6f6f6f"">Kompas.com</font>",https://news.google.com/rss/articles/CBMiwAFBVV95cUxOcEluTWljVmpUa1EzX2IwZlE3OWE5akE4X1dnM200R3R5ZWJtQzJkMzRXcktzWmlWTTJNREMzQ0JBSkN1QkR4eXQtZDV2NmFCcUlDM3JXUEhqMklncl84RnAycjJQUWRDTXY1MFVJTkVYYjZ4Y0E0ZWZkNlhZbkx0NkdwaWJ6ZHB4aHdMNjlxYVNiQkpicFZ1SlZ1eXZOWm5NLU5GTV9JWHViOVhaaUlkdDdlQTBsR0s4ektjNDhnRnI?oc=5,2026-06-02 02:07:00,Kompas.com
351,Jumat Tanpa Macet: Kisah di Balik WFH yang Mengubah Ritme Indonesia - Kompas.com,"<a href=""https://news.google.com/rss/articles/CBMikwFBVV95cUxNMTdOcktCa1NCajJDOFhab1RsZ3VSOUhqVElPNkZHelJ6bWg2QjY4LTcybmJvUmtjTFVPR3dadmhWczlxVVROaXdOcWpyRGVfT2oyT1REb09RZFFwVzRWcjQ2SnhGQVN4ZlJOSTdDNWllNXB2cVJXUC1NeUhSU3dLMnQwYmk0T3JqdlhDMXlSY2lZc1E?oc=5"" target=""_blank"">Jumat Tanpa Macet: Kisah di Balik WFH yang Mengubah Ritme Indonesia</a>&nbsp;&nbsp;<font color=""#6f6f6f"">Kompas.com</font>",https://news.google.com/rss/articles/CBMikwFBVV95cUxNMTdOcktCa1NCajJDOFhab1RsZ3VSOUhqVElPNkZHelJ6bWg2QjY4LTcybmJvUmtjTFVPR3dadmhWczlxVVROaXdOcWpyRGVfT2oyT1REb09RZFFwVzRWcjQ2SnhGQVN4ZlJOSTdDNWllNXB2cVJXUC1NeUhSU3dLMnQwYmk0T3JqdlhDMXlSY2lZc1E?oc=5,2026-06-03 08:01:00,Kompas.com
352,"Tas Hermès Birkin Kini Bisa Disewa, Biayanya Rp 13 Juta per Bulan - Kompas.com","<a href=""https://news.google.com/rss/articles/CBMiuwFBVV95cUxNUTdfZlhpRVF4emdWOXdGajNNWFVhWS02Mks2SVJZVkdJTVZCMklaeTFqN0tsaUw3Q1NFaURsSl93bnNId1Z6dmdKQ3lxb1p5SmQyTUMzdjJRVnc1ZzB0ZmZpM0VJQ1Z4bWZtNDYxNy1kVW5rcHZhQVpTNno1bGhOVlNHNkVZbWdGS3RDUlJUd1cwUmJlZVl3T2FfOWtWWVhWWFFyYnV1c20tR1V3SDFlQTA0NXV6OGgyNTI0?oc=5"" target=""_blank"">Tas Hermès Birkin Kini Bisa Disewa, Biayanya Rp 13 Juta per Bulan</a>&nbsp;&nbsp;<font color=""#6f6f6f"">Kompas.com</font>",https://news.google.com/rss/articles/CBMiuwFBVV95cUxNUTdfZlhpRVF4emdWOXdGajNNWFVhWS02Mks2SVJZVkdJTVZCMklaeTFqN0tsaUw3Q1NFaURsSl93bnNId1Z6dmdKQ3lxb1p5SmQyTUMzdjJRVnc1ZzB0ZmZpM0VJQ1Z4bWZtNDYxNy1kVW5rcHZhQVpTNno1bGhOVlNHNkVZbWdGS3RDUlJUd1cwUmJlZVl3T2FfOWtWWVhWWFFyYnV1c20tR1V3SDFlQTA0NXV6OGgyNTI0?oc=5,2026-06-02 02:33:00,Kompas.com
353,"Bawa Oleh-oleh untuk Cucu, Jemaah Haji Kalungkan Boneka Unta di Leher - Kompas.com","<a href=""https://news.google.com/rss/articles/CBMiT0FVX3lxTE5lTk9WRkRPM3h2Uko1NXpLdzNMZEdFR1IzaHFFM0JObHNLbEFaWUZEc1c0SW1xU0tHa24yclJ2VWFYWWFIWXVrVU1NS1d4MVU?oc=5"" target=""_blank"">Bawa Oleh-oleh untuk Cucu, Jemaah Haji Kalungkan Boneka Unta di Leher</a>&nbsp;&nbsp;<font color=""#6f6f6f"">Kompas.com</font>",https://news.google.com/rss/articles/CBMiT0FVX3lxTE5lTk9WRkRPM3h2Uko1NXpLdzNMZEdFR1IzaHFFM0JObHNLbEFaWUZEc1c0SW1xU0tHa24yclJ2VWFYWWFIWXVrVU1NS1d4MVU?oc=5,2026-06-01 10:28:53,Kompas.com
354,"Kesemutan dan Kebas, Waspadai Carpal Tunnel Syndrome Saat Hamil - Kompas.com","<a href=""https://news.google.com/rss/articles/CBMiuAFBVV95cUxPWnRQQkhuYXhCNHA1WjdoYU14N0dnMmdTZmVuc25fUVBseElRcm12QmtVZXZlTUp1cllYeU9NeDdIUk1ERlYzTk5DcjZaZ05PcnJaMFNIMXhna0oyUG5jZ2NiRVNsZGdZY2ZTOWF4NWpoNjY2alFKb1FEcFg4emhGMlN0MUVQTzhJeW1YQ2JNaGhpR3cxYXRBQWRkdFVJSlE1YXQyd09Pa19Kb0Y5ejg2TDRTQzc3TTFX?oc=5"" target=""_blank"">Kesemutan dan Kebas, Waspadai Carpal Tunnel Syndrome Saat Hamil</a>&nbsp;&nbsp;<font color=""#6f6f6f"">Kompas.com</font>",https://news.google.com/rss/articles/CBMiuAFBVV95cUxPWnRQQkhuYXhCNHA1WjdoYU14N0dnMmdTZmVuc25fUVBseElRcm12QmtVZXZlTUp1cllYeU9NeDdIUk1ERlYzTk5DcjZaZ05PcnJaMFNIMXhna0oyUG5jZ2NiRVNsZGdZY2ZTOWF4NWpoNjY2alFKb1FEcFg4emhGMlN0MUVQTzhJeW1YQ2JNaGhpR3cxYXRBQWRkdFVJSlE1YXQyd09Pa19Kb0Y5ejg2TDRTQzc3TTFX?oc=5,2026-06-03 05:30:00,Kompas.com
355,"Prabowo Gandeng Megawati, Salami Pelajar Usai Upacara Hari Lahir Pancasila - Kompas.com","<a href=""https://news.google.com/rss/articles/CBMiT0FVX3lxTE5PUjV4R0U3WTRUZFg0WTNOODNmdThIcUxTenU5Mk9RTEplNm9HU3QwaTBHMWJ1Y1BuYXRKUG0taGpLelZZVG5EaDljclpPLXc?oc=5"" target=""_blank"">Prabowo Gandeng Megawati, Salami Pelajar Usai Upacara Hari Lahir Pancasila</a>&nbsp;&nbsp;<font color=""#6f6f6f"">Kompas.com</font>",https://news.google.com/rss/articles/CBMiT0FVX3lxTE5PUjV4R0U3WTRUZFg0WTNOODNmdThIcUxTenU5Mk9RTEplNm9HU3QwaTBHMWJ1Y1BuYXRKUG0taGpLelZZVG5EaDljclpPLXc?oc=5,2026-06-01 05:31:17,Kompas.com
356,"Daftar 40 HP Xiaomi, Redmi, dan Poco yang Kebagian HyperOS 3.1 - Kompas.com","<a href=""https://news.google.com/rss/articles/CBMirwFBVV95cUxPYWg0WWVjWHdOSzBRcktzdzNaQ0FmOF9SN0Zsd3NpYW1TQXAtS0VLZHp6eG5KYi14aDd0Yl9YcGNrcnA3ZXYxblFJdVZ5a3Fha2lWS3Jrai1HUnRORjNOeEwtSTJDX25IUWlQdTZ5Q1ZoZTZHZTIzTEJLZWs2STNsUGNzeU1wN3RQdDNMeElNMW50dDcwVGtjWFMyNmQybnNaYzdVdldlaExzUXFpaFhB?oc=5"" target=""_blank"">Daftar 40 HP Xiaomi, Redmi, dan Poco yang Kebagian HyperOS 3.1</a>&nbsp;&nbsp;<font color=""#6f6f6f"">Kompas.com</font>",https://news.google.com/rss/articles/CBMirwFBVV95cUxPYWg0WWVjWHdOSzBRcktzdzNaQ0FmOF9SN0Zsd3NpYW1TQXAtS0VLZHp6eG5KYi14aDd0Yl9YcGNrcnA3ZXYxblFJdVZ5a3Fha2lWS3Jrai1HUnRORjNOeEwtSTJDX25IUWlQdTZ5Q1ZoZTZHZTIzTEJLZWs2STNsUGNzeU1wN3RQdDNMeElNMW50dDcwVGtjWFMyNmQybnNaYzdVdldlaExzUXFpaFhB?oc=5,2026-06-03 09:06:00,Kompas.com
357,Prabowo: Sudah Terlalu Lama Harga Kekayaan Alam Ditentukan Negara Lain - Kompas.com,"<a href=""https://news.google.com/rss/articles/CBMiT0FVX3lxTE5TeUw1T2w1NlVURDMwOFJIQ1J5ZVBpY1hhcDNzN0E1RTlYTWdEZ3NYRHNOTEE4RUN5TVlJVWphWXloUmNicHF6NnR0UTZJV28?oc=5"" target=""_blank"">Prabowo: Sudah Terlalu Lama Harga Kekayaan Alam Ditentukan Negara Lain</a>&nbsp;&nbsp;<font color=""#6f6f6f"">Kompas.com</font>",https://news.google.com/rss/articles/CBMiT0FVX3lxTE5TeUw1T2w1NlVURDMwOFJIQ1J5ZVBpY1hhcDNzN0E1RTlYTWdEZ3NYRHNOTEE4RUN5TVlJVWphWXloUmNicHF6NnR0UTZJV28?oc=5,2026-06-01 04:32:37,Kompas.com
358,"Gandeng Bareskrim Polri, TVRI Kalsel Wajibkan Nobar Piala Dunia 2026 Terdaftar Melalui Barcode - Kompas.com","<a href=""https://news.google.com/rss/articles/CBMixAFBVV95cUxOeWdJUjRidlFlWGd1OVZGQnNIVzZhZ2otVlA5S2FIdElDOER1VkctdU9wM2FMbXJta01MLXhVOGJpRVcxWkZMT1VCbHpSUWd2MTI2a1I5SjVKTVdQVTBKdjFqcGI5dmF6TDUyal93UUV0VnFDREdCTUtZTi0tN2psclRyZ3dJV0pUekI3b1I4RTV6bl92YVBZaEJuMEN4el9qNUtiZ1NoRExTejdzVnFMQl9HUE5QQmViNGpoRERnd0tkS0hW?oc=5"" target=""_blank"">Gandeng Bareskrim Polri, TVRI Kalsel Wajibkan Nobar Piala Dunia 2026 Terdaftar Melalui Barcode</a>&nbsp;&nbsp;<font color=""#6f6f6f"">Kompas.com</font>",https://news.google.com/rss/articles/CBMixAFBVV95cUxOeWdJUjRidlFlWGd1OVZGQnNIVzZhZ2otVlA5S2FIdElDOER1VkctdU9wM2FMbXJta01MLXhVOGJpRVcxWkZMT1VCbHpSUWd2MTI2a1I5SjVKTVdQVTBKdjFqcGI5dmF6TDUyal93UUV0VnFDREdCTUtZTi0tN2psclRyZ3dJV0pUekI3b1I4RTV6bl92YVBZaEJuMEN4el9qNUtiZ1NoRExTejdzVnFMQl9HUE5QQmViNGpoRERnd0tkS0hW?oc=5,2026-05-30 00:22:00,Kompas.com
359,Pentingnya Perawatan Fisik dan Spiritual Pasien Kanker Stadium Lanjut - Kompas.com,"<a href=""https://news.google.com/rss/articles/CBMitgFBVV95cUxObFRtMkY4S29KTFdRWF90a245U0hHZWRPNGFBdVJ3UE9mdGhTOFE0dFhOSU4tWlhNemQ0b19RTW1pM29PQ3UyQnpxNkZpZHVWOWhyWk94cHIza2dDajRqVmZCSzRJeEVBbkxzNXE1QlFOZG9YbUhjd2Q1eXJOajNUSWl4UlBZSFQ4NTdTeGY0bTg4RXREa3ZWRUR0NVQ4MFg0M0hWZXlKeVhJWjNrdWFJLUc5MlpTUQ?oc=5"" target=""_blank"">Pentingnya Perawatan Fisik dan Spiritual Pasien Kanker Stadium Lanjut</a>&nbsp;&nbsp;<font color=""#6f6f6f"">Kompas.com</font>",https://news.google.com/rss/articles/CBMitgFBVV95cUxObFRtMkY4S29KTFdRWF90a245U0hHZWRPNGFBdVJ3UE9mdGhTOFE0dFhOSU4tWlhNemQ0b19RTW1pM29PQ3UyQnpxNkZpZHVWOWhyWk94cHIza2dDajRqVmZCSzRJeEVBbkxzNXE1QlFOZG9YbUhjd2Q1eXJOajNUSWl4UlBZSFQ4NTdTeGY0bTg4RXREa3ZWRUR0NVQ4MFg0M0hWZXlKeVhJWjNrdWFJLUc5MlpTUQ?oc=5,2026-05-31 02:35:00,Kompas.com
360,"Kisruh Hotel Peserta AFF U-19 2026, PSSI Tanggung Jawab Akomodasi, Singgung Komitmen Wali Kota Medan - Kompas.com","<a href=""https://news.google.com/rss/articles/CBMizgFBVV95cUxPUGJPZ0k5ZUQ4cnpKTVdfdk1qcjlLYXV3NVVRTDRNNllubmlPNXJxX2Zid2I3RlJjZ1lNV0VMT3o3LUdaaDFORWZPSFh1dnRBd3ZBeVp2ZXlDUHpiRkJQUDBPWUd3d1J5N2R1WGlLRDF2VHp2TUctZWctUEFiemdCTGt0bXZuTGxvc3E2VFNkQ1RPQVFTOEZBM2lKRlZNTDJ0MU9NZV9VcEVNUG56Q2Q2RHlreTEzNWZCSlhjc211Z09QRjRJZUFWOTFTeWZuUQ?oc=5"" target=""_blank"">Kisruh Hotel Peserta AFF U-19 2026, PSSI Tanggung Jawab Akomodasi, Singgung Komitmen Wali Kota Medan</a>&nbsp;&nbsp;<font color=""#6f6f6f"">Kompas.com</font>",https://news.google.com/rss/articles/CBMizgFBVV95cUxPUGJPZ0k5ZUQ4cnpKTVdfdk1qcjlLYXV3NVVRTDRNNllubmlPNXJxX2Zid2I3RlJjZ1lNV0VMT3o3LUdaaDFORWZPSFh1dnRBd3ZBeVp2ZXlDUHpiRkJQUDBPWUd3d1J5N2R1WGlLRDF2VHp2TUctZWctUEFiemdCTGt0bXZuTGxvc3E2VFNkQ1RPQVFTOEZBM2lKRlZNTDJ0MU9NZV9VcEVNUG56Q2Q2RHlreTEzNWZCSlhjc211Z09QRjRJZUFWOTFTeWZuUQ?oc=5,2026-06-02 23:12:00,Kompas.com
361,"Netanyahu ""Bernafsu"" Lenyapkan Iran, Ini Pesannya untuk Kepala Mossad Baru - Kompas.com","<a href=""https://news.google.com/rss/articles/CBMirwFBVV95cUxOb0xldzQ5MzNGd1Z3RGNuVDBxQzVudkhfbllhVTc1ekQ3bldBMUh4UEU4QWs3OXU4azhfZ0w5THVyVU5YYmdVUHR2QnFhV2VuNVJvOW83ZzFGNVhVQVEzaU9jUWlkc1FPQTlCdUpOTWhLOTMxSmVFTkljcUhzQlFyT1Fwc2tMQWlIdE1mSWJndkZTU2dwa0ZRaE1UOWdEUDNxSnpGaWFROGF5b1F5dHA4?oc=5"" target=""_blank"">Netanyahu ""Bernafsu"" Lenyapkan Iran, Ini Pesannya untuk Kepala Mossad Baru</a>&nbsp;&nbsp;<font color=""#6f6f6f"">Kompas.com</font>",https://news.google.com/rss/articles/CBMirwFBVV95cUxOb0xldzQ5MzNGd1Z3RGNuVDBxQzVudkhfbllhVTc1ekQ3bldBMUh4UEU4QWs3OXU4azhfZ0w5THVyVU5YYmdVUHR2QnFhV2VuNVJvOW83ZzFGNVhVQVEzaU9jUWlkc1FPQTlCdUpOTWhLOTMxSmVFTkljcUhzQlFyT1Fwc2tMQWlIdE1mSWJndkZTU2dwa0ZRaE1UOWdEUDNxSnpGaWFROGF5b1F5dHA4?oc=5,2026-06-03 05:36:27,Kompas.com
362,"4 Prajurit TNI Penyiram Air Keras ke Andrie Yunus Dituntut 2,5 Tahun Penjara - Kompas.com","<a href=""https://news.google.com/rss/articles/CBMipAJBVV95cUxNN1B6eS1Ka2YxOHRUNWdNcVk1LTVDalUwU2didEpZZEllaC1YWjZUazhUamE2VTYtY0syeWFUc1ZRUGFvUFdZbmhGWWpQcnEzM0ZsY3JZbkpKUmVwUEl1Z3JmSk9zRUdSc1k4aGZqeVVrS21INmM5RWhPZFlKNzE2N0o5NmpMUk8xTHFSNDNfZnNUalhYZWZJTF96R3podGJfQzZCUzFDWWxNOUxqWEZkQ2tIVGM0S3FmcmVaQ3dMVFFDMkp6ZE5KR1JpV1Z1YUV6dGkzWGdvbWh2YmlYcG5FdDYwZlpSQmthQnJ1QUZ3QktjREM0cVI5N2FUYnFPLVQ2QWptODI1UjFRVUNlU2hWdHVNbHVLZ0Rvemo4LTVPemNTWnlX?oc=5"" target=""_blank"">4 Prajurit TNI Penyiram Air Keras ke Andrie Yunus Dituntut 2,5 Tahun Penjara</a>&nbsp;&nbsp;<font color=""#6f6f6f"">Kompas.com</font>",https://news.google.com/rss/articles/CBMipAJBVV95cUxNN1B6eS1Ka2YxOHRUNWdNcVk1LTVDalUwU2didEpZZEllaC1YWjZUazhUamE2VTYtY0syeWFUc1ZRUGFvUFdZbmhGWWpQcnEzM0ZsY3JZbkpKUmVwUEl1Z3JmSk9zRUdSc1k4aGZqeVVrS21INmM5RWhPZFlKNzE2N0o5NmpMUk8xTHFSNDNfZnNUalhYZWZJTF96R3podGJfQzZCUzFDWWxNOUxqWEZkQ2tIVGM0S3FmcmVaQ3dMVFFDMkp6ZE5KR1JpV1Z1YUV6dGkzWGdvbWh2YmlYcG5FdDYwZlpSQmthQnJ1QUZ3QktjREM0cVI5N2FUYnFPLVQ2QWptODI1UjFRVUNlU2hWdHVNbHVLZ0Rvemo4LTVPemNTWnlX?oc=5,2026-06-03 05:52:03,Kompas.com
363,Kejagung: Yayasan MBG Dadan Cs Terima Insentif Miliaran Rupiah Setiap Hari - Kompas.com,"<a href=""https://news.google.com/rss/articles/CBMi8AFBVV95cUxOT21fcGtDeGlpSWlRRG13Zm9aSEFCQmtndVJaRGhDU2swMHNtY0xJd3RuREgxdUo2dTNDLThoQ002S2NKcGVlRDQ5SVowYlRSckhNQUx4T3BEcWFrQ2ZYSTlsX3NPcHZQTm5qSXJpYVMtSFlpV25hTjVVR3ZKWkV3VTI3WDV4MVBKSFg4aThacTNQY0pvZXFIOVl6UGl2TVRQUm92Rk5XV080YWkyUFNEbUNZSmdzVzlxeG5oQzhmOF9mZ1JJYzdlOGtiQnZ6WHBNQVZKRUlfTXBhVEFDaGdsY1FCZ1lPN2xzMXlVd04wWmk?oc=5"" target=""_blank"">Kejagung: Yayasan MBG Dadan Cs Terima Insentif Miliaran Rupiah Setiap Hari</a>&nbsp;&nbsp;<font color=""#6f6f6f"">Kompas.com</font>",https://news.google.com/rss/articles/CBMi8AFBVV95cUxOT21fcGtDeGlpSWlRRG13Zm9aSEFCQmtndVJaRGhDU2swMHNtY0xJd3RuREgxdUo2dTNDLThoQ002S2NKcGVlRDQ5SVowYlRSckhNQUx4T3BEcWFrQ2ZYSTlsX3NPcHZQTm5qSXJpYVMtSFlpV25hTjVVR3ZKWkV3VTI3WDV4MVBKSFg4aThacTNQY0pvZXFIOVl6UGl2TVRQUm92Rk5XV080YWkyUFNEbUNZSmdzVzlxeG5oQzhmOF9mZ1JJYzdlOGtiQnZ6WHBNQVZKRUlfTXBhVEFDaGdsY1FCZ1lPN2xzMXlVd04wWmk?oc=5,2026-06-03 16:21:31,Kompas.com
364,"Cat Jalan Pudar Padahal Baru Sebulan Pengerjaan, Kadis PUPR Kalteng Didemo Masyarakat - Kompas.com","<a href=""https://news.google.com/rss/articles/CBMi0gFBVV95cUxPNFA4dEhMR015QlR2UEFxQ25sR0JlNjB6NWJ2em5IZFJWR1hJNk15MWNQeDF2cUc3OTE5cGRKVV9TVDFMOUZoV1ljX0YzVVQyeUxnWTJkNkdDa1VwY2dZdUFmN3V5NjE3TFlSbXRWVzZGaE9iUW44NVN3WjUzejdtRE9hRFVQX29WdC1jUG5QbW82elUxVGRHTmR6T3VEWnJkUTVPV1J4eXdjenA2NDlrbHlfSGdyOF9mZDlCNDBOR3plUWRWUS1sVHlCUHoxRldiYkE?oc=5"" target=""_blank"">Cat Jalan Pudar Padahal Baru Sebulan Pengerjaan, Kadis PUPR Kalteng Didemo Masyarakat</a>&nbsp;&nbsp;<font color=""#6f6f6f"">Kompas.com</font>",https://news.google.com/rss/articles/CBMi0gFBVV95cUxPNFA4dEhMR015QlR2UEFxQ25sR0JlNjB6NWJ2em5IZFJWR1hJNk15MWNQeDF2cUc3OTE5cGRKVV9TVDFMOUZoV1ljX0YzVVQyeUxnWTJkNkdDa1VwY2dZdUFmN3V5NjE3TFlSbXRWVzZGaE9iUW44NVN3WjUzejdtRE9hRFVQX29WdC1jUG5QbW82elUxVGRHTmR6T3VEWnJkUTVPV1J4eXdjenA2NDlrbHlfSGdyOF9mZDlCNDBOR3plUWRWUS1sVHlCUHoxRldiYkE?oc=5,2026-06-03 12:37:00,Kompas.com
365,AS Mau Perluas Penempatan Senjata Nuklir di Negara NATO - Kompas.com,"<a href=""https://news.google.com/rss/articles/CBMimgFBVV95cUxQV2dzWW1vS205bm1wdi01N0ZiM0NEZWdLc1ZRMUY2cnQ5eGJYNTNtY0dSYml6T05Ha1lHb2tXU3kwVE1wcWZUVUFPaGdoSFR5MEtDdlJ0SFpIUTByZzhjZFdwSEwzdnJTcWNEU3laVllWeUNPXzdhYkpDaDBqOHJFQkRQLUYtcDNoaFBwQ3BraDhpRjQ3NEdVcHF3?oc=5"" target=""_blank"">AS Mau Perluas Penempatan Senjata Nuklir di Negara NATO</a>&nbsp;&nbsp;<font color=""#6f6f6f"">Kompas.com</font>",https://news.google.com/rss/articles/CBMimgFBVV95cUxQV2dzWW1vS205bm1wdi01N0ZiM0NEZWdLc1ZRMUY2cnQ5eGJYNTNtY0dSYml6T05Ha1lHb2tXU3kwVE1wcWZUVUFPaGdoSFR5MEtDdlJ0SFpIUTByZzhjZFdwSEwzdnJTcWNEU3laVllWeUNPXzdhYkpDaDBqOHJFQkRQLUYtcDNoaFBwQ3BraDhpRjQ3NEdVcHF3?oc=5,2026-06-02 13:05:52,Kompas.com
366,"Rusia Tak Kunjung Kalahkan Ukraina, Menantang NATO Akan Jadi Bencana bagi Putin - Kompas.com","<a href=""https://news.google.com/rss/articles/CBMiuAFBVV95cUxQN3UxQ0xVM2RXbVNOWjdtVUQ1S2JoRm9mV0dxZUVxY2ZhbjNLUUNSLWp3YURZQ3Jja29lenhvTjV2c0pvSFB1UGUyZUpOZW93OWNwWDB1ODRfZE5ubUNEb2pPTHA2X2VEVzFtRjdUZElQbGMxTmMxbmZpTENvQnZuWEQzUDBsUWNYVnp1SFNEUWwxc0R2SjVWRmttQ1ljelU3czBHZmV5dk0xQ0RNNHVrd0RlLXJSc0Qz?oc=5"" target=""_blank"">Rusia Tak Kunjung Kalahkan Ukraina, Menantang NATO Akan Jadi Bencana bagi Putin</a>&nbsp;&nbsp;<font color=""#6f6f6f"">Kompas.com</font>",https://news.google.com/rss/articles/CBMiuAFBVV95cUxQN3UxQ0xVM2RXbVNOWjdtVUQ1S2JoRm9mV0dxZUVxY2ZhbjNLUUNSLWp3YURZQ3Jja29lenhvTjV2c0pvSFB1UGUyZUpOZW93OWNwWDB1ODRfZE5ubUNEb2pPTHA2X2VEVzFtRjdUZElQbGMxTmMxbmZpTENvQnZuWEQzUDBsUWNYVnp1SFNEUWwxc0R2SjVWRmttQ1ljelU3czBHZmV5dk0xQ0RNNHVrd0RlLXJSc0Qz?oc=5,2026-06-02 14:15:32,Kompas.com
367,"Kejagung Geledah Kantor BGN, Dudung: Uang Rakyat Harus Dipertanggung Jawabkan - Kompas.com","<a href=""https://news.google.com/rss/articles/CBMipAJBVV95cUxNcnhsYVFmdWlWbXdFbVgzcHVUdUFtTEotclNiR2hMNjB0b2o4MVgzUUhnOVhyVjZkSWF4cm5DY1VNZWM3NmFTVXBzcVZNVTVDcGtZNXhYUnc1MTRMUzFFcW9nazY3Y2F1YU1KWjlnazlOU01oSUNPODB2c1J4b2lLZ00zV0NsWERqUDF1YlljZkZwSWMyMUJkcWF6UDdWak1IWDdWeXRpeW1tQTRIQWtCVWpjWXdYaGFFZWVheHdIRkk3Vnl3WDZVNHV1VDIzSHRVRGpRUXlqTkFjaDFLUU9iaUNtSjZ1UmdYOW95MVBzN3RXZUt1YmJPOE5tbkxfcGxSS2FySVdST2FmZC1YenowSGhuWEFWM0djbkJ3bXNaRXhwUUdJ?oc=5"" target=""_blank"">Kejagung Geledah Kantor BGN, Dudung: Uang Rakyat Harus Dipertanggung Jawabkan</a>&nbsp;&nbsp;<font color=""#6f6f6f"">Kompas.com</font>",https://news.google.com/rss/articles/CBMipAJBVV95cUxNcnhsYVFmdWlWbXdFbVgzcHVUdUFtTEotclNiR2hMNjB0b2o4MVgzUUhnOVhyVjZkSWF4cm5DY1VNZWM3NmFTVXBzcVZNVTVDcGtZNXhYUnc1MTRMUzFFcW9nazY3Y2F1YU1KWjlnazlOU01oSUNPODB2c1J4b2lLZ00zV0NsWERqUDF1YlljZkZwSWMyMUJkcWF6UDdWak1IWDdWeXRpeW1tQTRIQWtCVWpjWXdYaGFFZWVheHdIRkk3Vnl3WDZVNHV1VDIzSHRVRGpRUXlqTkFjaDFLUU9iaUNtSjZ1UmdYOW95MVBzN3RXZUt1YmJPOE5tbkxfcGxSS2FySVdST2FmZC1YenowSGhuWEFWM0djbkJ3bXNaRXhwUUdJ?oc=5,2026-06-03 07:02:21,Kompas.com
368,AS Ogah Dikaitkan dengan Rencana Israel Kuasai 70 Persen Gaza - Kompas.com,"<a href=""https://news.google.com/rss/articles/CBMiogFBVV95cUxNVU9tdVV5OVJmZUhRZ2lybDhVUDZmd3BDSHpQcDlwc242Q0w2Rnd1Q0VBY3c2T1Q3QnFscnZrRmdNaDExWGp2eWt2NVEwWHhyUU5KaElYN1lzUE1RUUE2Yy1BNWJYeXU3cUFxLTJTNVF1ZDdEWXQyX0Vsd2oyWGd6b0tmc01iWEROclltSzNsRno0TDJ0VWJrWnNZeW5PMWRoY3c?oc=5"" target=""_blank"">AS Ogah Dikaitkan dengan Rencana Israel Kuasai 70 Persen Gaza</a>&nbsp;&nbsp;<font color=""#6f6f6f"">Kompas.com</font>",https://news.google.com/rss/articles/CBMiogFBVV95cUxNVU9tdVV5OVJmZUhRZ2lybDhVUDZmd3BDSHpQcDlwc242Q0w2Rnd1Q0VBY3c2T1Q3QnFscnZrRmdNaDExWGp2eWt2NVEwWHhyUU5KaElYN1lzUE1RUUE2Yy1BNWJYeXU3cUFxLTJTNVF1ZDdEWXQyX0Vsd2oyWGd6b0tmc01iWEROclltSzNsRno0TDJ0VWJrWnNZeW5PMWRoY3c?oc=5,2026-06-03 14:19:48,Kompas.com
369,"Warganet ""Ngeluh"" Tagihan Listrik Naik 3 Kali Lipat, PLN Bantah Tarif Naik - Kompas.com","<a href=""https://news.google.com/rss/articles/CBMirwFBVV95cUxNTTl4MHVSRFU5ZzRLRC04cG16bTYzTlNvN3ZSaEYtZWZtU0xsbXZ1d2VoczA3VlJNTE5tSUgwaTVmZTlfeUd3LU5fMmltVndDc0cycEZ4dXZCekZoLTBLWTRLTE85V19sbUV0cWpubmRHbXctWEl6SkF3YjFqTFN6STZaNWlTMW5yMzloNy1oTktRdnVOZkcza1FOSE5NVC1kSnMtQWRRVnF1ZjJPenlZ?oc=5"" target=""_blank"">Warganet ""Ngeluh"" Tagihan Listrik Naik 3 Kali Lipat, PLN Bantah Tarif Naik</a>&nbsp;&nbsp;<font color=""#6f6f6f"">Kompas.com</font>",https://news.google.com/rss/articles/CBMirwFBVV95cUxNTTl4MHVSRFU5ZzRLRC04cG16bTYzTlNvN3ZSaEYtZWZtU0xsbXZ1d2VoczA3VlJNTE5tSUgwaTVmZTlfeUd3LU5fMmltVndDc0cycEZ4dXZCekZoLTBLWTRLTE85V19sbUV0cWpubmRHbXctWEl6SkF3YjFqTFN6STZaNWlTMW5yMzloNy1oTktRdnVOZkcza1FOSE5NVC1kSnMtQWRRVnF1ZjJPenlZ?oc=5,2026-06-03 01:52:14,Kompas.com
370,Iran Ancam Hentikan Negosiasi dengan AS jika Israel Terus Serang Lebanon - Kompas.com,"<a href=""https://news.google.com/rss/articles/CBMisAFBVV95cUxPQmwySzIzMkNoNnp6akt0VXVuNVVUdjBYdUthMmdSamVYQktaTW1pWFBSOVBNaGsyS0pWVFlvTng4aE9PaS0yTndidS1RXzZrQVlFNlQ2MEQ0aS1ubE5oNGZsUkR4LVEtRzEza25YVFY1dG9ZUURnNHlJYzlZNGxGallickVJTkhmZ2t1bHdiU3d3Y0N4UndNdkJxcmRiYzdRcGhjS0hFM1VtdkxYcERjYg?oc=5"" target=""_blank"">Iran Ancam Hentikan Negosiasi dengan AS jika Israel Terus Serang Lebanon</a>&nbsp;&nbsp;<font color=""#6f6f6f"">Kompas.com</font>",https://news.google.com/rss/articles/CBMisAFBVV95cUxPQmwySzIzMkNoNnp6akt0VXVuNVVUdjBYdUthMmdSamVYQktaTW1pWFBSOVBNaGsyS0pWVFlvTng4aE9PaS0yTndidS1RXzZrQVlFNlQ2MEQ0aS1ubE5oNGZsUkR4LVEtRzEza25YVFY1dG9ZUURnNHlJYzlZNGxGallickVJTkhmZ2t1bHdiU3d3Y0N4UndNdkJxcmRiYzdRcGhjS0hFM1VtdkxYcERjYg?oc=5,2026-06-02 11:43:31,Kompas.com
371,Kantor BGN Dijaga TNI Saat Digeledah Kejakasaan Agung - Kompas.com,"<a href=""https://news.google.com/rss/articles/CBMilwFBVV95cUxQQ05scmthZ2p3Y2JtTjhzWVRWMmc3ckNsaHdHVFEwY1hFSE5zYjdNak5uOEV2OWpySnVwNVZiNVphQ0JTM21XV2EyeW8zWW4tVUozUDJmNFBadzJRLVJMSEtxZVBSeEctLXpLc25GTkJNcGRKbnpsZEI2aWptQ3hQM3EtWmF4VlN0ZW9aaVFqM19OTGtCYzRr?oc=5"" target=""_blank"">Kantor BGN Dijaga TNI Saat Digeledah Kejakasaan Agung</a>&nbsp;&nbsp;<font color=""#6f6f6f"">Kompas.com</font>",https://news.google.com/rss/articles/CBMilwFBVV95cUxQQ05scmthZ2p3Y2JtTjhzWVRWMmc3ckNsaHdHVFEwY1hFSE5zYjdNak5uOEV2OWpySnVwNVZiNVphQ0JTM21XV2EyeW8zWW4tVUozUDJmNFBadzJRLVJMSEtxZVBSeEctLXpLc25GTkJNcGRKbnpsZEI2aWptQ3hQM3EtWmF4VlN0ZW9aaVFqM19OTGtCYzRr?oc=5,2026-06-03 04:50:38,Kompas.com
372,"Iran Buktikan Kuasanya: Gempuran AS-Israel Tak Mempan, Trump-Netanyahu Jadi Beda Jalan - Kompas.com","<a href=""https://news.google.com/rss/articles/CBMiwAFBVV95cUxOTHRCTVdkNG9aTm5RN3BZMDRwY051Sjd0N3V1dDJueGVoSC1ELWhsQ0dWTGtTRTA2QTlHcE9KMlZjSFp6ZGs4alRPTlhuQl9SZnd5cFYwYzdnVEFFVUlOOXd5SElUdkFoYkt2QjdPS0doNU8yMDItcUlhQXNFVWs4ZllMNnk3U1g2dXI4QVEwWmV4aHUxTG5jSG1mSE1yUm43M3F0dW1jMzhsbkpGaGtPaXhlQkljR19wUHczdVdDQlE?oc=5"" target=""_blank"">Iran Buktikan Kuasanya: Gempuran AS-Israel Tak Mempan, Trump-Netanyahu Jadi Beda Jalan</a>&nbsp;&nbsp;<font color=""#6f6f6f"">Kompas.com</font>",https://news.google.com/rss/articles/CBMiwAFBVV95cUxOTHRCTVdkNG9aTm5RN3BZMDRwY051Sjd0N3V1dDJueGVoSC1ELWhsQ0dWTGtTRTA2QTlHcE9KMlZjSFp6ZGs4alRPTlhuQl9SZnd5cFYwYzdnVEFFVUlOOXd5SElUdkFoYkt2QjdPS0doNU8yMDItcUlhQXNFVWs4ZllMNnk3U1g2dXI4QVEwWmV4aHUxTG5jSG1mSE1yUm43M3F0dW1jMzhsbkpGaGtPaXhlQkljR19wUHczdVdDQlE?oc=5,2026-06-03 12:51:38,Kompas.com
373,"Jika Iran Setop Program Nuklir, AS Janji Cabut Sanksi - Kompas.com","<a href=""https://news.google.com/rss/articles/CBMijwFBVV95cUxOWkR2MzFlM2FwUndSNmJUUlpvbUJmbDNsRmZpZDV4RVMwT3ctdDA2WjdXcG1HM2dpWDczZ2pYU25OSWtBamZ4bnRXSzlabm92RUJTUGlDaFg5YkFRQXZPblhJS0xaWmhLT0N6NnBuSTdMYUo4eGFUbUFSVlI3MVpzSGYzRG5JN0RLUmN6bnJVNA?oc=5"" target=""_blank"">Jika Iran Setop Program Nuklir, AS Janji Cabut Sanksi</a>&nbsp;&nbsp;<font color=""#6f6f6f"">Kompas.com</font>",https://news.google.com/rss/articles/CBMijwFBVV95cUxOWkR2MzFlM2FwUndSNmJUUlpvbUJmbDNsRmZpZDV4RVMwT3ctdDA2WjdXcG1HM2dpWDczZ2pYU25OSWtBamZ4bnRXSzlabm92RUJTUGlDaFg5YkFRQXZPblhJS0xaWmhLT0N6NnBuSTdMYUo4eGFUbUFSVlI3MVpzSGYzRG5JN0RLUmN6bnJVNA?oc=5,2026-06-03 15:06:46,Kompas.com
374,"Prediksi Juara Piala Dunia 2026 Versi Superkomputer, Spanyol Teratas - Kompas.com","<a href=""https://news.google.com/rss/articles/CBMiqgFBVV95cUxOLVNrd2JLUTJLRy15ZV9mUDdBTm1URk9MdW14VlpkMWJzdlJXZ1U2SGlMS2x3QmRoOXp0M2dmR1VDMlExdHhpOW5wWmFiOUJ2ZVQ2ZFRKalFOcVoya1BMZ2lhdlRlZnk0cC1ZM3gwVXE2T0pTZHF0REktTlpCRVppR2E1TXczNzEyRWtQcG9rY2V2LThZM0RyNUl5YnJqSEZmTzlsbGJXUTBDZw?oc=5"" target=""_blank"">Prediksi Juara Piala Dunia 2026 Versi Superkomputer, Spanyol Teratas</a>&nbsp;&nbsp;<font color=""#6f6f6f"">Kompas.com</font>",https://news.google.com/rss/articles/CBMiqgFBVV95cUxOLVNrd2JLUTJLRy15ZV9mUDdBTm1URk9MdW14VlpkMWJzdlJXZ1U2SGlMS2x3QmRoOXp0M2dmR1VDMlExdHhpOW5wWmFiOUJ2ZVQ2ZFRKalFOcVoya1BMZ2lhdlRlZnk0cC1ZM3gwVXE2T0pTZHF0REktTlpCRVppR2E1TXczNzEyRWtQcG9rY2V2LThZM0RyNUl5YnJqSEZmTzlsbGJXUTBDZw?oc=5,2026-06-03 00:11:17,Kompas.com
375,"Ukraina Porak-poranda ""Dihajar"" Rudal-Drone Rusia, 13 Orang Tewas - Kompas.com","<a href=""https://news.google.com/rss/articles/CBMiowFBVV95cUxNM1JSd3BkYVhnTzR4MXZkbjl2dmFUS0NiVXNUYmRkX1JNRkxfTHFEeXJaR256VVAzcUJmTERXcWN5eFBFMDFmZkRSRFhXWnN6ai00bEh0T3BXVHpLcmR4NDFJUmFrQkJPMUY5RkswZVZnNXJxZmU0UEZ5Q3V1MTZ2YjYxemFXTXJSM3hJN0xXT0h1WDZ5dUdFaE41YngwcTRSQW9j?oc=5"" target=""_blank"">Ukraina Porak-poranda ""Dihajar"" Rudal-Drone Rusia, 13 Orang Tewas</a>&nbsp;&nbsp;<font color=""#6f6f6f"">Kompas.com</font>",https://news.google.com/rss/articles/CBMiowFBVV95cUxNM1JSd3BkYVhnTzR4MXZkbjl2dmFUS0NiVXNUYmRkX1JNRkxfTHFEeXJaR256VVAzcUJmTERXcWN5eFBFMDFmZkRSRFhXWnN6ai00bEh0T3BXVHpLcmR4NDFJUmFrQkJPMUY5RkswZVZnNXJxZmU0UEZ5Q3V1MTZ2YjYxemFXTXJSM3hJN0xXT0h1WDZ5dUdFaE41YngwcTRSQW9j?oc=5,2026-06-02 14:11:20,Kompas.com
376,"Daftar Negara ASEAN dengan Tingkat Stres Pekerja Tertinggi, Indonesia Urutan Berapa? - Kompas.com","<a href=""https://news.google.com/rss/articles/CBMivgFBVV95cUxQSnpQMF9lUlAzTlpQY3Y4bjFWd3ZiY3RoZEluNWpmRmhYZVVKTGh1VWV3WXlFQ0d2VnZGQzJ2NXN3aDdqcEQ3LWZSMHVFLVVDdnE1ZUMtbU4zZklGdEdpS1F0R0JRRkpSLThZNUVURjg0X044YmNQdFdaeHZ3TnVjc3N4a0pEX3phWXhzeU55UUI1VGJhYjlZNk1CLVNHZG5KSEc5Z1RoWlJTRDBxSVNQNEI1ZEVPbWRqdGxybVFR?oc=5"" target=""_blank"">Daftar Negara ASEAN dengan Tingkat Stres Pekerja Tertinggi, Indonesia Urutan Berapa?</a>&nbsp;&nbsp;<font color=""#6f6f6f"">Kompas.com</font>",https://news.google.com/rss/articles/CBMivgFBVV95cUxQSnpQMF9lUlAzTlpQY3Y4bjFWd3ZiY3RoZEluNWpmRmhYZVVKTGh1VWV3WXlFQ0d2VnZGQzJ2NXN3aDdqcEQ3LWZSMHVFLVVDdnE1ZUMtbU4zZklGdEdpS1F0R0JRRkpSLThZNUVURjg0X044YmNQdFdaeHZ3TnVjc3N4a0pEX3phWXhzeU55UUI1VGJhYjlZNk1CLVNHZG5KSEc5Z1RoWlJTRDBxSVNQNEI1ZEVPbWRqdGxybVFR?oc=5,2026-06-03 13:11:38,Kompas.com
377,"Bakal Jadi Venue Opening Piala Dunia, Meksiko Malah ""Chaos"" - Kompas.com","<a href=""https://news.google.com/rss/articles/CBMimwFBVV95cUxORzRuV29wRjVMam1fcF83cy14dWE2TkM4V3VscDJfalVFLUl5emQ4MFI1T1NrM0I0SjgyMmlwNmlBVzB6SHJrbWFHOFZadDNzRXJVZXVfNkdXSDZLWGkzaFhTNUYwUDRPLThmOVZYbTFoOFlsRHd2UDJCRTAxSVZlajUzTjdrazM3Q3VsN01TMlRLcEJrc0lEVzA1SQ?oc=5"" target=""_blank"">Bakal Jadi Venue Opening Piala Dunia, Meksiko Malah ""Chaos""</a>&nbsp;&nbsp;<font color=""#6f6f6f"">Kompas.com</font>",https://news.google.com/rss/articles/CBMimwFBVV95cUxORzRuV29wRjVMam1fcF83cy14dWE2TkM4V3VscDJfalVFLUl5emQ4MFI1T1NrM0I0SjgyMmlwNmlBVzB6SHJrbWFHOFZadDNzRXJVZXVfNkdXSDZLWGkzaFhTNUYwUDRPLThmOVZYbTFoOFlsRHd2UDJCRTAxSVZlajUzTjdrazM3Q3VsN01TMlRLcEJrc0lEVzA1SQ?oc=5,2026-06-02 07:00:00,Kompas.com
378,Pengacara Jokowi Desak Aparat Segera Tahan Roy Suryo dkk Usai Berkas Perkara Lengkap - Kompas.com,"<a href=""https://news.google.com/rss/articles/CBMiwAFBVV95cUxQZFZjQzZvZ2xhRmg0TmFRQ0lxMnF5eFFnLUQ1RHJxemRRQWhjaFRHTDVxVG82S1o2TnpwZVhibWNwV25wcHhUc3RsVC1tazJITHhLZ3Y0RWZGdU0yck1PYTRPWlZuYjlMMzVaOTdoSWt0b05mWVlrUUFycDZRWW1EVGRla3FSTC04SS1RcUJOT2xRU05WODNadUpZV095WTZDam9sNXU4MnI4b2ZWejFFV2hDWWRQc0d2Vjhrams4V3E?oc=5"" target=""_blank"">Pengacara Jokowi Desak Aparat Segera Tahan Roy Suryo dkk Usai Berkas Perkara Lengkap</a>&nbsp;&nbsp;<font color=""#6f6f6f"">Kompas.com</font>",https://news.google.com/rss/articles/CBMiwAFBVV95cUxQZFZjQzZvZ2xhRmg0TmFRQ0lxMnF5eFFnLUQ1RHJxemRRQWhjaFRHTDVxVG82S1o2TnpwZVhibWNwV25wcHhUc3RsVC1tazJITHhLZ3Y0RWZGdU0yck1PYTRPWlZuYjlMMzVaOTdoSWt0b05mWVlrUUFycDZRWW1EVGRla3FSTC04SS1RcUJOT2xRU05WODNadUpZV095WTZDam9sNXU4MnI4b2ZWejFFV2hDWWRQc0d2Vjhrams4V3E?oc=5,2026-06-03 16:47:42,Kompas.com
379,Di Balik Kasus BGN: Rapuhnya Sistem Merit Birokrasi - Kompas.com,"<a href=""https://news.google.com/rss/articles/CBMipwFBVV95cUxPODZWTk92RVlWZE1xSnNZcUxtN2g0NnJLcF83eWRyWFlHUEdGZTBFQjdpNDdYYzU4RXVLSjhvYXVqNEltbnA4MWpENEhIRWRZdWN2VTk0M3RkVlZsX2VJckU1eWN3RVFmd2dOdHZaNnFCcHppcjk4eUd3dXRFX05Cc0ZseE13cFFmbmJFVExMRmNGUzR5RmxGT0EzTTc3U19Cd18tWlF3dw?oc=5"" target=""_blank"">Di Balik Kasus BGN: Rapuhnya Sistem Merit Birokrasi</a>&nbsp;&nbsp;<font color=""#6f6f6f"">Kompas.com</font>",https://news.google.com/rss/articles/CBMipwFBVV95cUxPODZWTk92RVlWZE1xSnNZcUxtN2g0NnJLcF83eWRyWFlHUEdGZTBFQjdpNDdYYzU4RXVLSjhvYXVqNEltbnA4MWpENEhIRWRZdWN2VTk0M3RkVlZsX2VJckU1eWN3RVFmd2dOdHZaNnFCcHppcjk4eUd3dXRFX05Cc0ZseE13cFFmbmJFVExMRmNGUzR5RmxGT0EzTTc3U19Cd18tWlF3dw?oc=5,2026-06-04 02:01:00,Kompas.com
380,"Keluarga Kacab Bank BUMN Ingin Mengadu ke Panglima TNI, Kecewa atas Vonis Kasus Pembunuhan - Kompas.com","<a href=""https://news.google.com/rss/articles/CBMixwFBVV95cUxNdU9HYjN2ZGZMNVRLd0tkcVN0emFJdlYwM1FCcEpBQ2NiM0VHbjR0R2FtdXRTWUJCbUhRRnhBdFRELVVKa2luM2FMVm5jN290THlidkdXN3M0Rnp1ZW8xaTRzN1lfTlpUaUswUmFFc01HQTdYOWhsQmR6QVpKc0txX3NXOEtmSWE4Wl9kckZUN3lYSDFaUHd4b0xFbWJsNlZ3a2NSdmhwY2NmMkI3enJtOENhSWg1WGp4WnpRVDBEZ0dnbGdLYU40?oc=5"" target=""_blank"">Keluarga Kacab Bank BUMN Ingin Mengadu ke Panglima TNI, Kecewa atas Vonis Kasus Pembunuhan</a>&nbsp;&nbsp;<font color=""#6f6f6f"">Kompas.com</font>",https://news.google.com/rss/articles/CBMixwFBVV95cUxNdU9HYjN2ZGZMNVRLd0tkcVN0emFJdlYwM1FCcEpBQ2NiM0VHbjR0R2FtdXRTWUJCbUhRRnhBdFRELVVKa2luM2FMVm5jN290THlidkdXN3M0Rnp1ZW8xaTRzN1lfTlpUaUswUmFFc01HQTdYOWhsQmR6QVpKc0txX3NXOEtmSWE4Wl9kckZUN3lYSDFaUHd4b0xFbWJsNlZ3a2NSdmhwY2NmMkI3enJtOENhSWg1WGp4WnpRVDBEZ0dnbGdLYU40?oc=5,2026-06-03 16:47:42,Kompas.com
381,Gibran ke Peserta Lemhannas: Calon Pemimpin Harus Peka dengan yang Terjadi di Akar Rumput - Kompas.com,"<a href=""https://news.google.com/rss/articles/CBMihAJBVV95cUxQZXJIbGstOE5DaGl4VVd2Z2I5ZU1xcC1aTkYzRExSTTViMnN1ZW5WUy03MWFEeDV5dzFTYk40WVoyMXJuNXJfNUxzNzctT1NuZGQ4LThXNGxNYUx5UE5wYmdfOVluY0cxZGJqalJ3LW9tdFN2UVVuN3I3QWNHMms1LWlwVWlDUXp1Z2J2LUtFdjllcndodVBTOFdKSVpuRm1qRHJHQV9WM0owY3VPdWhtU1JEV3BfSk9yQk5qbTU4SWI1V2RLMDRURGdMbGtYTmYtN1d1a2E1YmJmNW45S09TRkl5bDVhOFlIN18tMUQxVHV2NDNZU1dIVjBVbnpoOTBxdTdZNA?oc=5"" target=""_blank"">Gibran ke Peserta Lemhannas: Calon Pemimpin Harus Peka dengan yang Terjadi di Akar Rumput</a>&nbsp;&nbsp;<font color=""#6f6f6f"">Kompas.com</font>",https://news.google.com/rss/articles/CBMihAJBVV95cUxQZXJIbGstOE5DaGl4VVd2Z2I5ZU1xcC1aTkYzRExSTTViMnN1ZW5WUy03MWFEeDV5dzFTYk40WVoyMXJuNXJfNUxzNzctT1NuZGQ4LThXNGxNYUx5UE5wYmdfOVluY0cxZGJqalJ3LW9tdFN2UVVuN3I3QWNHMms1LWlwVWlDUXp1Z2J2LUtFdjllcndodVBTOFdKSVpuRm1qRHJHQV9WM0owY3VPdWhtU1JEV3BfSk9yQk5qbTU4SWI1V2RLMDRURGdMbGtYTmYtN1d1a2E1YmJmNW45S09TRkl5bDVhOFlIN18tMUQxVHV2NDNZU1dIVjBVbnpoOTBxdTdZNA?oc=5,2026-06-03 16:31:38,Kompas.com
382,Mengapa Trump Caci Maki Netanyahu soal Serangan Israel ke Lebanon? - Kompas.com,"<a href=""https://news.google.com/rss/articles/CBMipwFBVV95cUxPREFUU21nVDY5alVTSXZ5bXlMQ2lsbE4zRjFQRF82TUdCMXZBN0tmRkxRV2xkZ0lldzdrT0E0c054bHk5VFppR3BNeEZ4X0ctMmNfcWdQVzNNQ3RHR09ySGNpa2RkRXVBTzc2TVVubXBQc0hfdEVid29tbTNmZjlKYTdLTkxfZWEzMEIxa0NBMS1zR1IxSTgxWEYzQnl0TmhKUjZsZWYyWQ?oc=5"" target=""_blank"">Mengapa Trump Caci Maki Netanyahu soal Serangan Israel ke Lebanon?</a>&nbsp;&nbsp;<font color=""#6f6f6f"">Kompas.com</font>",https://news.google.com/rss/articles/CBMipwFBVV95cUxPREFUU21nVDY5alVTSXZ5bXlMQ2lsbE4zRjFQRF82TUdCMXZBN0tmRkxRV2xkZ0lldzdrT0E0c054bHk5VFppR3BNeEZ4X0ctMmNfcWdQVzNNQ3RHR09ySGNpa2RkRXVBTzc2TVVubXBQc0hfdEVid29tbTNmZjlKYTdLTkxfZWEzMEIxa0NBMS1zR1IxSTgxWEYzQnl0TmhKUjZsZWYyWQ?oc=5,2026-06-03 00:35:08,Kompas.com
383,"AS Sudah Habiskan Rp1,7 Kuadriliun ""Cuma"" untuk Operasi Militer di Iran - Kompas.com","<a href=""https://news.google.com/rss/articles/CBMiqwFBVV95cUxPdjN6TXFCQUp5MnBsbnpKZTh5eVljazR2QVZqUFB6YTVvTF82N2tsTnZHcEpkdTBMUVM4TkhsX0xtMHA5WWQ4Z1NnbEY0R0JrVk5BV3FtRy1EOVNBYXNCZVFvWjI4UzBiU0ZWRFlwNkZ1azRJTVN4M3pBUFhfZ0lqcV9aT01BTzU4Wm5IX3RnTjFKUkVPVVYyT2RBOHlEd2N4cUI0UW5iMnhVSUU?oc=5"" target=""_blank"">AS Sudah Habiskan Rp1,7 Kuadriliun ""Cuma"" untuk Operasi Militer di Iran</a>&nbsp;&nbsp;<font color=""#6f6f6f"">Kompas.com</font>",https://news.google.com/rss/articles/CBMiqwFBVV95cUxPdjN6TXFCQUp5MnBsbnpKZTh5eVljazR2QVZqUFB6YTVvTF82N2tsTnZHcEpkdTBMUVM4TkhsX0xtMHA5WWQ4Z1NnbEY0R0JrVk5BV3FtRy1EOVNBYXNCZVFvWjI4UzBiU0ZWRFlwNkZ1azRJTVN4M3pBUFhfZ0lqcV9aT01BTzU4Wm5IX3RnTjFKUkVPVVYyT2RBOHlEd2N4cUI0UW5iMnhVSUU?oc=5,2026-06-03 16:25:33,Kompas.com
384,Sidang Pledoi Nadiem: Singgung Anjloknya Rupiah dan Kaitannya dengan Kasus Chromebook - Kompas.com,"<a href=""https://news.google.com/rss/articles/CBMiwAFBVV95cUxPbG5XbXdsLV9wUFdoelNodHhFZE5zVGdkNVZLWUZSTUM4b0Ixem9uaTMxRy1oRHVFTGlsRlhXMW9udVRYdjZSeWlWNWRGbUJKLW5ramVwQUhfMVhSMHBNOXhySklscUhiUGxBZEFfX2lyc2hXSGRkOUFCWUpFV1dkUlZPazlwbVVTWUY4RkNENmpDX09DaDRnbEk4OElRU3NpbFI0SFdOeHU4Um1EUEpZcS02MHR2UjhPOWJKMVpQQmM?oc=5"" target=""_blank"">Sidang Pledoi Nadiem: Singgung Anjloknya Rupiah dan Kaitannya dengan Kasus Chromebook</a>&nbsp;&nbsp;<font color=""#6f6f6f"">Kompas.com</font>",https://news.google.com/rss/articles/CBMiwAFBVV95cUxPbG5XbXdsLV9wUFdoelNodHhFZE5zVGdkNVZLWUZSTUM4b0Ixem9uaTMxRy1oRHVFTGlsRlhXMW9udVRYdjZSeWlWNWRGbUJKLW5ramVwQUhfMVhSMHBNOXhySklscUhiUGxBZEFfX2lyc2hXSGRkOUFCWUpFV1dkUlZPazlwbVVTWUY4RkNENmpDX09DaDRnbEk4OElRU3NpbFI0SFdOeHU4Um1EUEpZcS02MHR2UjhPOWJKMVpQQmM?oc=5,2026-06-02 13:24:27,Kompas.com
385,"Tangis Istri Kacab Bank BUMN, Kecewa atas Vonis 3 Prajurit TNI Terdakwa Pembunuhan Suaminya - Kompas.com","<a href=""https://news.google.com/rss/articles/CBMiyAFBVV95cUxPcGhoc0xTNDVyMy13R29VdTU3MGYzUmNOU0x1RnlOQ01HV2Zfem95LVJaNW9Od2JBTWJFdVFqX0RJWGtlOWZTT3RLeGNtWTRQS0tqeGpZbkQzMHNVWXh3MDd1TEVhQ0NjNGgybjlPbkZKemNLVDJsR2xBZ01uUnc1S2FLYkp2X1pMQ1ZKT2dfejNzWVVBMUdfR3lIN0xOTTZ6cU5GWEZLUVJtc0ZPektaN0g1VUUtRzlhdURRVlh6Wko3WV8zRlJZag?oc=5"" target=""_blank"">Tangis Istri Kacab Bank BUMN, Kecewa atas Vonis 3 Prajurit TNI Terdakwa Pembunuhan Suaminya</a>&nbsp;&nbsp;<font color=""#6f6f6f"">Kompas.com</font>",https://news.google.com/rss/articles/CBMiyAFBVV95cUxPcGhoc0xTNDVyMy13R29VdTU3MGYzUmNOU0x1RnlOQ01HV2Zfem95LVJaNW9Od2JBTWJFdVFqX0RJWGtlOWZTT3RLeGNtWTRQS0tqeGpZbkQzMHNVWXh3MDd1TEVhQ0NjNGgybjlPbkZKemNLVDJsR2xBZ01uUnc1S2FLYkp2X1pMQ1ZKT2dfejNzWVVBMUdfR3lIN0xOTTZ6cU5GWEZLUVJtc0ZPektaN0g1VUUtRzlhdURRVlh6Wko3WV8zRlJZag?oc=5,2026-06-03 13:52:48,Kompas.com
386,"Bukan Cristiano Ronaldo, Ini Pemain Tertua di Piala Dunia 2026 - Kompas.com","<a href=""https://news.google.com/rss/articles/CBMiogFBVV95cUxPMGZ1QTRCZl9seUpkUEw4RkhWTDNDNlEyY21VajZzS1BRel9nRnAwckx1NUt5bDFMeDhybVdjWmF1LXFnSmNnU3Z0bFl3MHJWeUFha1hRbVBNU0xDcmtfcmZBLW9tU1BmTVJwa19sNloyNENxTEd6cEtWMHVLanJ3cFF3YVhrRXU2VXB2dVZiaE0xQUZYZTZ6Ukx5S2E3X3FFcVE?oc=5"" target=""_blank"">Bukan Cristiano Ronaldo, Ini Pemain Tertua di Piala Dunia 2026</a>&nbsp;&nbsp;<font color=""#6f6f6f"">Kompas.com</font>",https://news.google.com/rss/articles/CBMiogFBVV95cUxPMGZ1QTRCZl9seUpkUEw4RkhWTDNDNlEyY21VajZzS1BRel9nRnAwckx1NUt5bDFMeDhybVdjWmF1LXFnSmNnU3Z0bFl3MHJWeUFha1hRbVBNU0xDcmtfcmZBLW9tU1BmTVJwa19sNloyNENxTEd6cEtWMHVLanJ3cFF3YVhrRXU2VXB2dVZiaE0xQUZYZTZ6Ukx5S2E3X3FFcVE?oc=5,2026-06-03 12:21:05,Kompas.com
387,"Video UFO AS Jadi Sorotan, China Temukan Objek dengan Kecepatan Tak Wajar - Kompas.com","<a href=""https://news.google.com/rss/articles/CBMisAFBVV95cUxNeDNxaTdYLXpNRGt0a2VNYUZTcHluNnJqQ0MtSE5NWFNhQ2x2UXUtOHNUX2ZXWi1BcjRvYWxYWWR4SDlmYWxDcGZOcE53dzFvclQ3LTZWRjlVV2psXzhFRUhwdTQzSTdxS29JRHZKcmJUc2pMYTVtb3ZTdmVSZTBTRkhIVGlldC1PWmNOV0pqQkpUbV9ZM1AzRGFLc0dNTzIyWDRMYmRjeV8tMktFVE1KeA?oc=5"" target=""_blank"">Video UFO AS Jadi Sorotan, China Temukan Objek dengan Kecepatan Tak Wajar</a>&nbsp;&nbsp;<font color=""#6f6f6f"">Kompas.com</font>",https://news.google.com/rss/articles/CBMisAFBVV95cUxNeDNxaTdYLXpNRGt0a2VNYUZTcHluNnJqQ0MtSE5NWFNhQ2x2UXUtOHNUX2ZXWi1BcjRvYWxYWWR4SDlmYWxDcGZOcE53dzFvclQ3LTZWRjlVV2psXzhFRUhwdTQzSTdxS29JRHZKcmJUc2pMYTVtb3ZTdmVSZTBTRkhIVGlldC1PWmNOV0pqQkpUbV9ZM1AzRGFLc0dNTzIyWDRMYmRjeV8tMktFVE1KeA?oc=5,2026-06-02 14:05:45,Kompas.com
388,[POPULER TREN] Warganet Keluhkan Tagihan Listrik Mei Naik | Proyek Flyover Rp 468 Miliar Terus Molor - Kompas.com,"<a href=""https://news.google.com/rss/articles/CBMi0wFBVV95cUxNbG5YcVpMb2t1VWdRS1hpTXA0ZEx6Rldva0JlS3NCSFA4U2ZzSndJT2NuZ3dMVUg2OHIyZUVzZHRxT2tQS1NrTFpiTE93aDMzVFVHOUNSZFRacTJyS0JtR2R1ZE1QeDRtTk1TdkktaDVROFpVNzQ2SER1UzVlaWFfcGZxSDZPTzFnVDJnbkJBRzZndFFpQ3Q2Z2U4d3ZrcnlKbVBUZkloMEpaU2d1bHJ6V25YWWQtc240Z2FEZ29uRmoySnY2cGp0ZlBjclY1enp0c3pB0gHHAUFVX3lxTE1Lc1pfSkRQTlY2SG1MM211SC0xS3U1N1YxTVZzTkROd3pqeFRzRnZfbXQzLVN6WFJ6R2xkWVJGLUNPUWMzeTBsZmRZblZvVVpSeWJITFRFLVB1MTc1X21sTkF3UHM1X2dTT0NBQVgwNGlPbDUtd1lzWTNHYTk4cC1BZ0RDMDRSajRGT0s2UFFPNEFlWTU0MFo2LVdzaUducmJMZkk1bkNlNUN1aEZhU0o2cV9NRUlaWHFEYlZFZWQwRExEN01FRXM?oc=5"" target=""_blank"">[POPULER TREN] Warganet Keluhkan Tagihan Listrik Mei Naik | Proyek Flyover Rp 468 Miliar Terus Molor</a>&nbsp;&nbsp;<font color=""#6f6f6f"">Kompas.com</font>",https://news.google.com/rss/articles/CBMi0wFBVV95cUxNbG5YcVpMb2t1VWdRS1hpTXA0ZEx6Rldva0JlS3NCSFA4U2ZzSndJT2NuZ3dMVUg2OHIyZUVzZHRxT2tQS1NrTFpiTE93aDMzVFVHOUNSZFRacTJyS0JtR2R1ZE1QeDRtTk1TdkktaDVROFpVNzQ2SER1UzVlaWFfcGZxSDZPTzFnVDJnbkJBRzZndFFpQ3Q2Z2U4d3ZrcnlKbVBUZkloMEpaU2d1bHJ6V25YWWQtc240Z2FEZ29uRmoySnY2cGp0ZlBjclY1enp0c3pB0gHHAUFVX3lxTE1Lc1pfSkRQTlY2SG1MM211SC0xS3U1N1YxTVZzTkROd3pqeFRzRnZfbXQzLVN6WFJ6R2xkWVJGLUNPUWMzeTBsZmRZblZvVVpSeWJITFRFLVB1MTc1X21sTkF3UHM1X2dTT0NBQVgwNGlPbDUtd1lzWTNHYTk4cC1BZ0RDMDRSajRGT0s2UFFPNEFlWTU0MFo2LVdzaUducmJMZkk1bkNlNUN1aEZhU0o2cV9NRUlaWHFEYlZFZWQwRExEN01FRXM?oc=5,2026-06-02 22:30:00,Kompas.com
389,"Jasa Bawa Tas Belanjaan Jadi Tren Baru di India, Tarif Rp 28.000 Per Jam - Kompas.com","<a href=""https://news.google.com/rss/articles/CBMi0AFBVV95cUxQU3BHeGhvbTQyck9QSWNQUE9ORHdEOTRuZ0xVNTRZemhfSUhyeFhpN2VCOWhtb0UzQjItYmFlc3IyTHF1RzI4VHZya1RZTFlrYkJiSzZid3JjX1pMMWY4S1R4WHl4ZXNxNU4xSkE2Qm9HeWhmZmF6b0RXQ1FxcTlOYmxjMFI3bUxQSE5wVC1YRGxzVld3WGNZaDVmR2ctUmFOREwydjJRX2NaV1BHcmx4NVZpaGYwejhfdy15WFpMNTVoUXpEMm1pOGJycUVkNVZ0?oc=5"" target=""_blank"">Jasa Bawa Tas Belanjaan Jadi Tren Baru di India, Tarif Rp 28.000 Per Jam</a>&nbsp;&nbsp;<font color=""#6f6f6f"">Kompas.com</font>",https://news.google.com/rss/articles/CBMi0AFBVV95cUxQU3BHeGhvbTQyck9QSWNQUE9ORHdEOTRuZ0xVNTRZemhfSUhyeFhpN2VCOWhtb0UzQjItYmFlc3IyTHF1RzI4VHZya1RZTFlrYkJiSzZid3JjX1pMMWY4S1R4WHl4ZXNxNU4xSkE2Qm9HeWhmZmF6b0RXQ1FxcTlOYmxjMFI3bUxQSE5wVC1YRGxzVld3WGNZaDVmR2ctUmFOREwydjJRX2NaV1BHcmx4NVZpaGYwejhfdy15WFpMNTVoUXpEMm1pOGJycUVkNVZ0?oc=5,2026-06-03 08:59:00,Kompas.com
390,"Tren Investasi Semakin Beragam, Generasi Muda Mulai Pahami Pentingnya Diversifikasi - Kompas.com","<a href=""https://news.google.com/rss/articles/CBMivwFBVV95cUxPOGxrQUs4dnVudWdGb3cweHRibUE0MGpfNDhoV245LURPVjU3RlRKMU1IQTZCZWpPaHZGUGIzdDNWNHNvNUVIR1N3ekw3aE9pR0FVci1ROXc0YmszNDJ2VFVpVm9WTzhPYkh6bmtCczVjU04zNDFsb3hqSzB3M3FEdHo3Y2szNUVDczc3R0wyaGZuSGxWUXJEODlUcTdxc183d2VFOFVMbjN0T3BTbFctaHJlWGFya21vWGh4eDRIUQ?oc=5"" target=""_blank"">Tren Investasi Semakin Beragam, Generasi Muda Mulai Pahami Pentingnya Diversifikasi</a>&nbsp;&nbsp;<font color=""#6f6f6f"">Kompas.com</font>",https://news.google.com/rss/articles/CBMivwFBVV95cUxPOGxrQUs4dnVudWdGb3cweHRibUE0MGpfNDhoV245LURPVjU3RlRKMU1IQTZCZWpPaHZGUGIzdDNWNHNvNUVIR1N3ekw3aE9pR0FVci1ROXc0YmszNDJ2VFVpVm9WTzhPYkh6bmtCczVjU04zNDFsb3hqSzB3M3FEdHo3Y2szNUVDczc3R0wyaGZuSGxWUXJEODlUcTdxc183d2VFOFVMbjN0T3BTbFctaHJlWGFya21vWGh4eDRIUQ?oc=5,2026-06-03 06:41:00,Kompas.com
391,"Foto : Tren Concept Cafe di Korea Selatan Disebut Mulai Meresahkan, Mengapa? Halaman 4 - Kompas.com","<a href=""https://news.google.com/rss/articles/CBMixgFBVV95cUxOOVQ2TzdWdFFGQ210d2txWW9PZkJHM0luWEt0Z2YtR0haUGJZRC1lSVZDek53SUdGVTdkZVJ4RkdjVk93a2UtX2VteUFjQ0xZNWtuT1NXNldfN0hxbTJ1STZYbElkbDdWU0k2U3EyUzhld2pCM1plNjYzUDg5ODhMUmJFZm56ODE5N09SdlVkeUdXc2RBMEdELXhsRVltYklTVnY2SkFtSVpMd2VIQm9DWF82dVBLM1dSMXQtYnQ0WVIzOHppbnc?oc=5"" target=""_blank"">Foto : Tren Concept Cafe di Korea Selatan Disebut Mulai Meresahkan, Mengapa? Halaman 4</a>&nbsp;&nbsp;<font color=""#6f6f6f"">Kompas.com</font>",https://news.google.com/rss/articles/CBMixgFBVV95cUxOOVQ2TzdWdFFGQ210d2txWW9PZkJHM0luWEt0Z2YtR0haUGJZRC1lSVZDek53SUdGVTdkZVJ4RkdjVk93a2UtX2VteUFjQ0xZNWtuT1NXNldfN0hxbTJ1STZYbElkbDdWU0k2U3EyUzhld2pCM1plNjYzUDg5ODhMUmJFZm56ODE5N09SdlVkeUdXc2RBMEdELXhsRVltYklTVnY2SkFtSVpMd2VIQm9DWF82dVBLM1dSMXQtYnQ0WVIzOHppbnc?oc=5,2026-06-03 15:36:24,Kompas.com
392,"Tren Concept Cafe di Korea Selatan Disebut Mulai Meresahkan, Mengapa? - Kompas.com","<a href=""https://news.google.com/rss/articles/CBMiuwFBVV95cUxPZk96OXRSRUR3OEhhakxRQXljZ1d3LWplVGYxOUdUTTVLcWY3QUtNT2NoaDhVczdHZzBLcjZ4UzhyY0ZRLXhCWXk5ek1hbzNEX3Rod01hXzhvSWxDMzltMEdPZXk3cWRkOU1RdDU2eGNPVnp5Sl9kNXpRbEVNV2VrVDJneWdvbHp0aEo2UVFXX0x1X1MyU3Y2b2RCWU93aWxSMjM4Z1VycDlrdmtfRGFKRVVuVWlHdThLYUdz?oc=5"" target=""_blank"">Tren Concept Cafe di Korea Selatan Disebut Mulai Meresahkan, Mengapa?</a>&nbsp;&nbsp;<font color=""#6f6f6f"">Kompas.com</font>",https://news.google.com/rss/articles/CBMiuwFBVV95cUxPZk96OXRSRUR3OEhhakxRQXljZ1d3LWplVGYxOUdUTTVLcWY3QUtNT2NoaDhVczdHZzBLcjZ4UzhyY0ZRLXhCWXk5ek1hbzNEX3Rod01hXzhvSWxDMzltMEdPZXk3cWRkOU1RdDU2eGNPVnp5Sl9kNXpRbEVNV2VrVDJneWdvbHp0aEo2UVFXX0x1X1MyU3Y2b2RCWU93aWxSMjM4Z1VycDlrdmtfRGFKRVVuVWlHdThLYUdz?oc=5,2026-06-03 15:24:00,Kompas.com
393,"Foto : Tren Concept Cafe di Korea Selatan Disebut Mulai Meresahkan, Mengapa? Halaman 1 - Kompas.com","<a href=""https://news.google.com/rss/articles/CBMixgFBVV95cUxPaGRub2tJeDItWUxrX1ZSZnFaRmpzN0NjNEN3clJ2OTUtNjdENmJja1B4eHBqODR1TnFraWpWYXBfOTJFTzR4cGk2M0JRRWxFTDEyTUxxQUoxTFVhbWFMZ3pydFk2NzZ3QktiQU8zQ1pma09icjloYWpMajdLVENvQTRxbG13VkkxMXR4NFdoNXJleUg3M1F4QlpnQUU0Z2V5bmhwQ3RyWGNpbDdkVmRmSnNqUjRCbWstM1NINm9GSVpxWk9uV0E?oc=5"" target=""_blank"">Foto : Tren Concept Cafe di Korea Selatan Disebut Mulai Meresahkan, Mengapa? Halaman 1</a>&nbsp;&nbsp;<font color=""#6f6f6f"">Kompas.com</font>",https://news.google.com/rss/articles/CBMixgFBVV95cUxPaGRub2tJeDItWUxrX1ZSZnFaRmpzN0NjNEN3clJ2OTUtNjdENmJja1B4eHBqODR1TnFraWpWYXBfOTJFTzR4cGk2M0JRRWxFTDEyTUxxQUoxTFVhbWFMZ3pydFk2NzZ3QktiQU8zQ1pma09icjloYWpMajdLVENvQTRxbG13VkkxMXR4NFdoNXJleUg3M1F4QlpnQUU0Z2V5bmhwQ3RyWGNpbDdkVmRmSnNqUjRCbWstM1NINm9GSVpxWk9uV0E?oc=5,2026-06-03 15:36:24,Kompas.com
394,[POPULER TREN] Petugas Sampah Inggris Coba Kerja di Jakarta | Rupiah Tembus Rp 17.900 - Kompas.com,"<a href=""https://news.google.com/rss/articles/CBMiyAFBVV95cUxPZ3NOVk9KMG9mYTRtNG1jZ1hKVzBSNGF6VGRMWmFNQXFWTHQ3VUJtY3M1dXlidDUtM3lnNlhsQ193TVJPUElKM3ZpaTBlak44WnZmTUx3VGxyQm9XZmpIaTZKOGhnX0JnWnVTXzViS3drMDlHOUgzM1E1QVRPUDI5RGlERndONHV1X1NCOWQzZnZEVDRiZ3VWQTRwNmN6UXZ1d2k1TEd2Q2dEYWx3NVRLVi1EXzl5eXhYbW9xUWFjaHJzdGNYdW0wV9IByAFBVV95cUxPZ3NOVk9KMG9mYTRtNG1jZ1hKVzBSNGF6VGRMWmFNQXFWTHQ3VUJtY3M1dXlidDUtM3lnNlhsQ193TVJPUElKM3ZpaTBlak44WnZmTUx3VGxyQm9XZmpIaTZKOGhnX0JnWnVTXzViS3drMDlHOUgzM1E1QVRPUDI5RGlERndONHV1X1NCOWQzZnZEVDRiZ3VWQTRwNmN6UXZ1d2k1TEd2Q2dEYWx3NVRLVi1EXzl5eXhYbW9xUWFjaHJzdGNYdW0wVw?oc=5"" target=""_blank"">[POPULER TREN] Petugas Sampah Inggris Coba Kerja di Jakarta | Rupiah Tembus Rp 17.900</a>&nbsp;&nbsp;<font color=""#6f6f6f"">Kompas.com</font>",https://news.google.com/rss/articles/CBMiyAFBVV95cUxPZ3NOVk9KMG9mYTRtNG1jZ1hKVzBSNGF6VGRMWmFNQXFWTHQ3VUJtY3M1dXlidDUtM3lnNlhsQ193TVJPUElKM3ZpaTBlak44WnZmTUx3VGxyQm9XZmpIaTZKOGhnX0JnWnVTXzViS3drMDlHOUgzM1E1QVRPUDI5RGlERndONHV1X1NCOWQzZnZEVDRiZ3VWQTRwNmN6UXZ1d2k1TEd2Q2dEYWx3NVRLVi1EXzl5eXhYbW9xUWFjaHJzdGNYdW0wV9IByAFBVV95cUxPZ3NOVk9KMG9mYTRtNG1jZ1hKVzBSNGF6VGRMWmFNQXFWTHQ3VUJtY3M1dXlidDUtM3lnNlhsQ193TVJPUElKM3ZpaTBlak44WnZmTUx3VGxyQm9XZmpIaTZKOGhnX0JnWnVTXzViS3drMDlHOUgzM1E1QVRPUDI5RGlERndONHV1X1NCOWQzZnZEVDRiZ3VWQTRwNmN6UXZ1d2k1TEd2Q2dEYWx3NVRLVi1EXzl5eXhYbW9xUWFjaHJzdGNYdW0wVw?oc=5,2026-06-03 22:33:00,Kompas.com
395,Apa Itu Sleep Tourism? Tren Wisata Populer 2026 untuk Wisatawan - Kompas.com,"<a href=""https://news.google.com/rss/articles/CBMitAFBVV95cUxOTGJreV9UdjZqSHg3enBueVBqc29peW1sTGVkWHA5OW9OdmU0eUg0dEVISGN6empjNnp2ZXFsaEdMOFpkdDRzb1pzQnFweGUzTmlxTS1yN2NNM21FY19OTWpLUVI2Y1R3Y2hsLTVwLUl6Z2g1b3ZQWlVaTXp6US1BS0lqUDBrZTVGR2xyZWpyZDU5WDlHbnlBMlQwSnRraWloOW5TejFNc3FDUHNUMWxtdmk4TjE?oc=5"" target=""_blank"">Apa Itu Sleep Tourism? Tren Wisata Populer 2026 untuk Wisatawan</a>&nbsp;&nbsp;<font color=""#6f6f6f"">Kompas.com</font>",https://news.google.com/rss/articles/CBMitAFBVV95cUxOTGJreV9UdjZqSHg3enBueVBqc29peW1sTGVkWHA5OW9OdmU0eUg0dEVISGN6empjNnp2ZXFsaEdMOFpkdDRzb1pzQnFweGUzTmlxTS1yN2NNM21FY19OTWpLUVI2Y1R3Y2hsLTVwLUl6Z2g1b3ZQWlVaTXp6US1BS0lqUDBrZTVGR2xyZWpyZDU5WDlHbnlBMlQwSnRraWloOW5TejFNc3FDUHNUMWxtdmk4TjE?oc=5,2026-06-02 10:39:00,Kompas.com
396,"Tren “Living Travel” di Korea Selatan, Wisatawan Bisa Tinggal hingga Sebulan - Kompas.com","<a href=""https://news.google.com/rss/articles/CBMiwwFBVV95cUxPRmtmRVVUOFVhSzFDS24xTW4yU1R4ZFFBQlBTVDM2akpWUlFjUEZuWGNkQ0pZSTV4TTJuTWU1M0JkR1JRcWQ3cDYtV0Z0QThRcVBiR01rS3hKQm1aVjk2ZEtoZ1BHYmhtd1B5QzNIMW9wUERxbGhBUUpLX3lXblhWcnAyakpJUDQyYkJNcUhvckVSVDctc3FDVG5ra0k3U2g5UUZkOGlEVFVjSHdjYWN4NzlwbWoyQjRhckdCTkFmY3lsWlE?oc=5"" target=""_blank"">Tren “Living Travel” di Korea Selatan, Wisatawan Bisa Tinggal hingga Sebulan</a>&nbsp;&nbsp;<font color=""#6f6f6f"">Kompas.com</font>",https://news.google.com/rss/articles/CBMiwwFBVV95cUxPRmtmRVVUOFVhSzFDS24xTW4yU1R4ZFFBQlBTVDM2akpWUlFjUEZuWGNkQ0pZSTV4TTJuTWU1M0JkR1JRcWQ3cDYtV0Z0QThRcVBiR01rS3hKQm1aVjk2ZEtoZ1BHYmhtd1B5QzNIMW9wUERxbGhBUUpLX3lXblhWcnAyakpJUDQyYkJNcUhvckVSVDctc3FDVG5ra0k3U2g5UUZkOGlEVFVjSHdjYWN4NzlwbWoyQjRhckdCTkFmY3lsWlE?oc=5,2026-06-02 11:10:00,Kompas.com
397,[POPULER TREN] Cara Judol Jebak Anak lewat Game | Gaji Ke-13 ASN Cair Hari Ini - Kompas.com,"<a href=""https://news.google.com/rss/articles/CBMi1AFBVV95cUxOY0M2VWszVlJEWjB4eXd5NlpNN09KQWVuQ2FSR2NTdjZDZXA2OGlXaHBoN3BZWlAzcDZYVTNTeHQwQkw5N1ltNUQ3SkNiTVNIc1M1R2FBYXUzVU9VYTFlazhxUmhsUl9PbW9COGZuaVNwcVZ3OU9vOHV3SXFCdTBiZDRycWU1VWpTRnR3MXdHR2tWa3REcHZHMEF4aGs1NXVpa2lfZXNjcTBnLV84VTR0STdib3BJRm9SRkhoY3BLRTFaaGJCNHZOOWV2SkNpMXdpMnRmZdIByAFBVV95cUxPaFh5b1NpZ0Q5WkdVRDBzdFBacll1bUNyelZTUk1iZGpFWmo0emFteVYzTkpUeVY0ajFNRHBjNGNhQTlGOWN6NS1nTWtmMjNTdHRESnRzSDR4TDN3YXJUWGZNV0ZIVE52QWVaR2dLcEJ2eXE3M3o0cFhHcFZJT21VNFRfQ1hmWjBvc3c2bVgzcXpYOVhmbEpVZUhFblFWV3AwRW5SbV93UkY1Q2NhcGFVWHV3Y1ltb1BEcUNFX2JFS0YtQU51ZmtGRg?oc=5"" target=""_blank"">[POPULER TREN] Cara Judol Jebak Anak lewat Game | Gaji Ke-13 ASN Cair Hari Ini</a>&nbsp;&nbsp;<font color=""#6f6f6f"">Kompas.com</font>",https://news.google.com/rss/articles/CBMi1AFBVV95cUxOY0M2VWszVlJEWjB4eXd5NlpNN09KQWVuQ2FSR2NTdjZDZXA2OGlXaHBoN3BZWlAzcDZYVTNTeHQwQkw5N1ltNUQ3SkNiTVNIc1M1R2FBYXUzVU9VYTFlazhxUmhsUl9PbW9COGZuaVNwcVZ3OU9vOHV3SXFCdTBiZDRycWU1VWpTRnR3MXdHR2tWa3REcHZHMEF4aGs1NXVpa2lfZXNjcTBnLV84VTR0STdib3BJRm9SRkhoY3BLRTFaaGJCNHZOOWV2SkNpMXdpMnRmZdIByAFBVV95cUxPaFh5b1NpZ0Q5WkdVRDBzdFBacll1bUNyelZTUk1iZGpFWmo0emFteVYzTkpUeVY0ajFNRHBjNGNhQTlGOWN6NS1nTWtmMjNTdHRESnRzSDR4TDN3YXJUWGZNV0ZIVE52QWVaR2dLcEJ2eXE3M3o0cFhHcFZJT21VNFRfQ1hmWjBvc3c2bVgzcXpYOVhmbEpVZUhFblFWV3AwRW5SbV93UkY1Q2NhcGFVWHV3Y1ltb1BEcUNFX2JFS0YtQU51ZmtGRg?oc=5,2026-06-01 22:29:00,Kompas.com
398,"Estetik Literary Chic, Saat Buku dan Wawasan Jadi Tren Baru di Dunia Fashion - Kompas.com","<a href=""https://news.google.com/rss/articles/CBMivwFBVV95cUxOdWVySFV0NENBcm9Jdlh3bkpfY2hBWEQ0QmZRVzBMaGJieEV3alBJSXBuN3dBV3FlYmlzbEVpUXkyV2xHcTktSEozMDJtMUFlX2p4eDJqM3NScXpkcVBTMDJ4QjFRRUpzSVZGNW9EejBOZEw2U2hleUZ3TlBkTnZQZFVNMUR3Y0VZc3lqZVptT0NDSmJpYllpcTNsbkxYdVZidVV0R3Bpbm53Smp4V1FMRnRlaXhWRGlCLWNoY29RVQ?oc=5"" target=""_blank"">Estetik Literary Chic, Saat Buku dan Wawasan Jadi Tren Baru di Dunia Fashion</a>&nbsp;&nbsp;<font color=""#6f6f6f"">Kompas.com</font>",https://news.google.com/rss/articles/CBMivwFBVV95cUxOdWVySFV0NENBcm9Jdlh3bkpfY2hBWEQ0QmZRVzBMaGJieEV3alBJSXBuN3dBV3FlYmlzbEVpUXkyV2xHcTktSEozMDJtMUFlX2p4eDJqM3NScXpkcVBTMDJ4QjFRRUpzSVZGNW9EejBOZEw2U2hleUZ3TlBkTnZQZFVNMUR3Y0VZc3lqZVptT0NDSmJpYllpcTNsbkxYdVZidVV0R3Bpbm53Smp4V1FMRnRlaXhWRGlCLWNoY29RVQ?oc=5,2026-06-01 13:30:00,Kompas.com
399,"Warganet Keluhkan Tagihan Listrik Melonjak hingga 3 Kali Lipat pada Mei–Juni 2026, PLN Buka Suara - Kompas.com","<a href=""https://news.google.com/rss/articles/CBMizwFBVV95cUxQWDc3dnlxSTVnYkU0YUNwUFVFU19oMDZrcGdyZUMyYVZWdUdyR0dONHlkbUlBVGFRX19aNUxzbWdaRkg5WDBWOUZSZ0pvaHN5bTExd2ZubGx0YzZ1dGluQWY4TEJ5cVNkZUk3UjVFeHlhWTcyc2NNU0xRdUhwRjl2aUpPMXNuQV9OTHo1aW1zNzlvRHk5UmFGUkNWc3hPeDlEWW5EOEVES3dTUThtNDFITGRndVdmd2NfZDBNQVRMWGFHMTZwdVAxMTFZQ3RXLXPSAcMBQVVfeXFMTmVpSS0xQk9xR3V1clRVQkJZQnNpMDRLeG5oTEczLWlLVF9VNlVkRjUwdTMyV3FHcW1mOW8wbGNtVV9CcGlLVktTN1FIUEFSMHpkbFQ1cEhrMzBSMmlyeFV3MkVhMC1wckhhZ280aFpla2RRYURFSS1WblV1QUNfSUtqSGhIajNFem9YSVpzUHNKR05CeG5tcC0zWW1NNnhQMHladVNJUnpWNWdLOURXMjJqQS1mVEtXdDc4V3dWYmRYNzhv?oc=5"" target=""_blank"">Warganet Keluhkan Tagihan Listrik Melonjak hingga 3 Kali Lipat pada Mei–Juni 2026, PLN Buka Suara</a>&nbsp;&nbsp;<font color=""#6f6f6f"">Kompas.com</font>",https://news.google.com/rss/articles/CBMizwFBVV95cUxQWDc3dnlxSTVnYkU0YUNwUFVFU19oMDZrcGdyZUMyYVZWdUdyR0dONHlkbUlBVGFRX19aNUxzbWdaRkg5WDBWOUZSZ0pvaHN5bTExd2ZubGx0YzZ1dGluQWY4TEJ5cVNkZUk3UjVFeHlhWTcyc2NNU0xRdUhwRjl2aUpPMXNuQV9OTHo1aW1zNzlvRHk5UmFGUkNWc3hPeDlEWW5EOEVES3dTUThtNDFITGRndVdmd2NfZDBNQVRMWGFHMTZwdVAxMTFZQ3RXLXPSAcMBQVVfeXFMTmVpSS0xQk9xR3V1clRVQkJZQnNpMDRLeG5oTEczLWlLVF9VNlVkRjUwdTMyV3FHcW1mOW8wbGNtVV9CcGlLVktTN1FIUEFSMHpkbFQ1cEhrMzBSMmlyeFV3MkVhMC1wckhhZ280aFpla2RRYURFSS1WblV1QUNfSUtqSGhIajNFem9YSVpzUHNKR05CeG5tcC0zWW1NNnhQMHladVNJUnpWNWdLOURXMjJqQS1mVEtXdDc4V3dWYmRYNzhv?oc=5,2026-06-02 07:15:00,Kompas.com
400,"Gaji Ke-13 Cair 2 Juni, Ini Daftar Penerima, yang Tidak Menerima, dan Besarannya - Kompas.com","<a href=""https://news.google.com/rss/articles/CBMiyAFBVV95cUxOcnNQc0VqNnU4bVJSR1RUb0xxdlJTYnA5bmF1S3FhX0czeWNNcFVOdjJJcVRPT3lVUmRnM1RMQmI5Z0tnRVBQTnhZNzRNX09qM0V3em90WFZBSkdWU0c0MVUtYjRRTk5wY183MURYajV4V1AyVjJicndWSXNtR3dpbkFtREZ0R28wRVA5RFZBbUlWT2VvYUhTTy1HYWowRlFUQlF2Tng1SW9WZkI1Zm42QVVkZ0xla3p2OEZVaFM5RkNjZkdmSXplN9IBvAFBVV95cUxOeGREM0E5OHRPMU1WcVNBOFJIRHV0RjZnV1UtNExJckY5aXp0NzVFTjB4ekU5MmNjR0R6X090ZW5YcDdHLUpIRENZLWtrLWNkN3FBdGlBdEhEVXE2eW1aLTFULWFtRzNPaEE5d19Gd0c5R0EzV0ZCSUgzY09kLU1wQnh6OEJzcHZOOU16MWRZNnU0SHBOc3Z6M1lpTllXQnFWOUVwSFFESTMwM3pOdl9ob1VBbUxYSzRrWkRGag?oc=5"" target=""_blank"">Gaji Ke-13 Cair 2 Juni, Ini Daftar Penerima, yang Tidak Menerima, dan Besarannya</a>&nbsp;&nbsp;<font color=""#6f6f6f"">Kompas.com</font>",https://news.google.com/rss/articles/CBMiyAFBVV95cUxOcnNQc0VqNnU4bVJSR1RUb0xxdlJTYnA5bmF1S3FhX0czeWNNcFVOdjJJcVRPT3lVUmRnM1RMQmI5Z0tnRVBQTnhZNzRNX09qM0V3em90WFZBSkdWU0c0MVUtYjRRTk5wY183MURYajV4V1AyVjJicndWSXNtR3dpbkFtREZ0R28wRVA5RFZBbUlWT2VvYUhTTy1HYWowRlFUQlF2Tng1SW9WZkI1Zm42QVVkZ0xla3p2OEZVaFM5RkNjZkdmSXplN9IBvAFBVV95cUxOeGREM0E5OHRPMU1WcVNBOFJIRHV0RjZnV1UtNExJckY5aXp0NzVFTjB4ekU5MmNjR0R6X090ZW5YcDdHLUpIRENZLWtrLWNkN3FBdGlBdEhEVXE2eW1aLTFULWFtRzNPaEE5d19Gd0c5R0EzV0ZCSUgzY09kLU1wQnh6OEJzcHZOOU16MWRZNnU0SHBOc3Z6M1lpTllXQnFWOUVwSFFESTMwM3pOdl9ob1VBbUxYSzRrWkRGag?oc=5,2026-05-31 12:30:00,Kompas.com
401,Tren Kirim Barang Wisatawan Buka Peluang Bisnis Logistik di Bali - Kompas.com,"<a href=""https://news.google.com/rss/articles/CBMiwgFBVV95cUxNZjM5N0pRR1VsYmtXYUFRcUR0LVpoUWF4cHJyOXV5Q2VnZ2JuTkkwSmNrc2NkZXBwYmtXMmh2RUo5cnJNZHRCM0lzQ29qdUVHX1ZPOWQ4WTRCR0VlRlo1NGJrT0pwaDFlS3dzYkhfdGtuenl2QUVDMEpIeG1uaDc3U0xHdjdzSEdmblpFNlFaaXlUQWZXTVR5Qm5xY1ZueDlSVkxHMFZnSHhOblhSa2hqaC1rUmpDLTJZUjBNa3QwNTBnQQ?oc=5"" target=""_blank"">Tren Kirim Barang Wisatawan Buka Peluang Bisnis Logistik di Bali</a>&nbsp;&nbsp;<font color=""#6f6f6f"">Kompas.com</font>",https://news.google.com/rss/articles/CBMiwgFBVV95cUxNZjM5N0pRR1VsYmtXYUFRcUR0LVpoUWF4cHJyOXV5Q2VnZ2JuTkkwSmNrc2NkZXBwYmtXMmh2RUo5cnJNZHRCM0lzQ29qdUVHX1ZPOWQ4WTRCR0VlRlo1NGJrT0pwaDFlS3dzYkhfdGtuenl2QUVDMEpIeG1uaDc3U0xHdjdzSEdmblpFNlFaaXlUQWZXTVR5Qm5xY1ZueDlSVkxHMFZnSHhOblhSa2hqaC1rUmpDLTJZUjBNa3QwNTBnQQ?oc=5,2026-05-29 07:41:00,Kompas.com
402,Cara Melihat Foto Rumah dan Kampung Anda 20 Tahun Lalu via Google Maps - Kompas.com,"<a href=""https://news.google.com/rss/articles/CBMizgFBVV95cUxPZk9IRzloZF9OZE13eUY2VVlQTHpnQ2d0Rm9xV290bUh2NGRHNk9VbXI5ejV4ZS1LUG9YQXZtZldPLU1WWjA2SVcxUVh6cElsclVwOTZlVjlsdHNXdlRqMnRyWTJEVTBCenZnejA3QldKd3FFRWhwVkQwSXJZWjBubXNBTGh6d25aZThhLXpRWFhOQUJYdFE3SWhYRnIyTFdHeTVULXAxOGVoVjd0VWNkWVgzUG1UX05iS09MOW1MbkdXeWhOLTRfMUYyYkp1UdIBwgFBVV95cUxQcDdUZ21lbjZCVzc4Smk1VDY5T0NUT0tDTXVQMFczN2JSVWdwbE82ZlBRbXpUWENqQnYxWkVNNjVEbzVHU1NwX3ppMkJtSE5UckpkcklqT0FLdmpoVkN0RnJHNml2S09zYzdaRXVMYjN3VHRLWXRvdlRjM1JkY3pjU0s3YW9GQ0M4S0x0NnJVbGJrb0Zoc2dtaGo3WDhmaHZOcUpUMXZwcVhCUUY1V3VCQjN1LTNuREN1MU8tckxnOHRaZw?oc=5"" target=""_blank"">Cara Melihat Foto Rumah dan Kampung Anda 20 Tahun Lalu via Google Maps</a>&nbsp;&nbsp;<font color=""#6f6f6f"">Kompas.com</font>",https://news.google.com/rss/articles/CBMizgFBVV95cUxPZk9IRzloZF9OZE13eUY2VVlQTHpnQ2d0Rm9xV290bUh2NGRHNk9VbXI5ejV4ZS1LUG9YQXZtZldPLU1WWjA2SVcxUVh6cElsclVwOTZlVjlsdHNXdlRqMnRyWTJEVTBCenZnejA3QldKd3FFRWhwVkQwSXJZWjBubXNBTGh6d25aZThhLXpRWFhOQUJYdFE3SWhYRnIyTFdHeTVULXAxOGVoVjd0VWNkWVgzUG1UX05iS09MOW1MbkdXeWhOLTRfMUYyYkp1UdIBwgFBVV95cUxQcDdUZ21lbjZCVzc4Smk1VDY5T0NUT0tDTXVQMFczN2JSVWdwbE82ZlBRbXpUWENqQnYxWkVNNjVEbzVHU1NwX3ppMkJtSE5UckpkcklqT0FLdmpoVkN0RnJHNml2S09zYzdaRXVMYjN3VHRLWXRvdlRjM1JkY3pjU0s3YW9GQ0M4S0x0NnJVbGJrb0Zoc2dtaGo3WDhmaHZOcUpUMXZwcVhCUUY1V3VCQjN1LTNuREN1MU8tckxnOHRaZw?oc=5,2026-05-31 13:00:00,Kompas.com
403,Final Liga Champions PSG Vs Arsenal Kickoff 23.00 WIB: Cek Jadwal Siaran Langsung dan Link Streaming - Kompas.com,"<a href=""https://news.google.com/rss/articles/CBMixAFBVV95cUxNcDBrYS1qcjNycktyWWtQSkM3elROTnVscmdoTEFoTEh3cmYxWG9uZ2pEVzVqV1ZPTzVXTU9temZFZmphWkI0dFVYRHVBVG9QNWQ3alRyUWdaeGJWWWpxUUNIRDN3dnh5d3VFYUQ0c3JsanNKWWN6Q2hhM3BObU1pX1J5VnVPOUhUNHYzX2MzUlRBOXlxT0JCNE9xamhpX1hVM2Z3anMyLVZfVy1MVUhoMkVtWThFMnpsOS1RcXM3WmtFSWQ50gHEAUFVX3lxTE5tWEEyb3BfSUYwRmpVeDdQNWlUMTBUQlRKeHRNNVpBZjdXbHJrR01uUFdqT2U0QnphcDN1QWtIQ0x3THZlYjZxQ0hJVWNzRHZXb1Q0U3IwZGF5TDRDTUhWdU5Ha2FYSXR6MERCa0NDTS1RTmN0TXNHeDNQTHdzT3VpV25Zd2pBc3hQTTc4SVlVcXFTTDAzc2tTZjFnbWMyaHNFS1BJR1dhaDd5QkgyMEtMUktSQ3ZabFpBYWpTSEZMVmd5NFQ?oc=5"" target=""_blank"">Final Liga Champions PSG Vs Arsenal Kickoff 23.00 WIB: Cek Jadwal Siaran Langsung dan Link Streaming</a>&nbsp;&nbsp;<font color=""#6f6f6f"">Kompas.com</font>",https://news.google.com/rss/articles/CBMixAFBVV95cUxNcDBrYS1qcjNycktyWWtQSkM3elROTnVscmdoTEFoTEh3cmYxWG9uZ2pEVzVqV1ZPTzVXTU9temZFZmphWkI0dFVYRHVBVG9QNWQ3alRyUWdaeGJWWWpxUUNIRDN3dnh5d3VFYUQ0c3JsanNKWWN6Q2hhM3BObU1pX1J5VnVPOUhUNHYzX2MzUlRBOXlxT0JCNE9xamhpX1hVM2Z3anMyLVZfVy1MVUhoMkVtWThFMnpsOS1RcXM3WmtFSWQ50gHEAUFVX3lxTE5tWEEyb3BfSUYwRmpVeDdQNWlUMTBUQlRKeHRNNVpBZjdXbHJrR01uUFdqT2U0QnphcDN1QWtIQ0x3THZlYjZxQ0hJVWNzRHZXb1Q0U3IwZGF5TDRDTUhWdU5Ha2FYSXR6MERCa0NDTS1RTmN0TXNHeDNQTHdzT3VpV25Zd2pBc3hQTTc4SVlVcXFTTDAzc2tTZjFnbWMyaHNFS1BJR1dhaDd5QkgyMEtMUktSQ3ZabFpBYWpTSEZMVmd5NFQ?oc=5,2026-05-30 06:00:00,Kompas.com
404,"Bea Cukai Soetta Ungkap Tren Baru “Kurir Emas” ke Hong Kong, Mayoritas WNA China - Kompas.com","<a href=""https://news.google.com/rss/articles/CBMixwFBVV95cUxPQjZBaXFGRmNET0poX1FEMFh2T3ctRVdRdVZNazZqRnFZMmRoUlJab2pGdWRxdEtOUm5KTE53MzZIODRtWHN2cEdseTAxRmdsekR1cml3d3FUNVZ5TFR1dXM4a21hd2RoZVRyQnkyRVI0aW1hQndLR1VtbThPSjllbnl6bGpDbjU3aGdlLTVxQTFpMnVtSWR0Mml0dllCVlRPM2RnYmJKeUNUVzI4Q2lKZTBuRXNNRzltal9hUS1WODk0RTZ3azlR?oc=5"" target=""_blank"">Bea Cukai Soetta Ungkap Tren Baru “Kurir Emas” ke Hong Kong, Mayoritas WNA China</a>&nbsp;&nbsp;<font color=""#6f6f6f"">Kompas.com</font>",https://news.google.com/rss/articles/CBMixwFBVV95cUxPQjZBaXFGRmNET0poX1FEMFh2T3ctRVdRdVZNazZqRnFZMmRoUlJab2pGdWRxdEtOUm5KTE53MzZIODRtWHN2cEdseTAxRmdsekR1cml3d3FUNVZ5TFR1dXM4a21hd2RoZVRyQnkyRVI0aW1hQndLR1VtbThPSjllbnl6bGpDbjU3aGdlLTVxQTFpMnVtSWR0Mml0dllCVlRPM2RnYmJKeUNUVzI4Q2lKZTBuRXNNRzltal9hUS1WODk0RTZ3azlR?oc=5,2026-05-28 11:18:00,Kompas.com
405,PSG vs Arsenal: Khvicha Kvaratskhelia Siap Lanjutkan Tren Positif - Kompas.com,"<a href=""https://news.google.com/rss/articles/CBMiswFBVV95cUxNOHlRYWV1eGpWZ21yRTR4aUR1QXhtdHNNcC1IYnFXZFQxZUVhZXdiY1BPckJVQUFndWdqTm9IOW15TUV1d2RJYzhRTmpWYXdOVjVzenRkRWFYT2VtaTNJendtbjg1cE94NU1qTUk1U2NtXzE5Z0x0TUxPR1F1N1FiRWZaTjVfeHRTU2p1MlN2ck5jdFItVVFBOFAzZ2RrclE3MS00X1VmX25KVnFYeXNCeURJWQ?oc=5"" target=""_blank"">PSG vs Arsenal: Khvicha Kvaratskhelia Siap Lanjutkan Tren Positif</a>&nbsp;&nbsp;<font color=""#6f6f6f"">Kompas.com</font>",https://news.google.com/rss/articles/CBMiswFBVV95cUxNOHlRYWV1eGpWZ21yRTR4aUR1QXhtdHNNcC1IYnFXZFQxZUVhZXdiY1BPckJVQUFndWdqTm9IOW15TUV1d2RJYzhRTmpWYXdOVjVzenRkRWFYT2VtaTNJendtbjg1cE94NU1qTUk1U2NtXzE5Z0x0TUxPR1F1N1FiRWZaTjVfeHRTU2p1MlN2ck5jdFItVVFBOFAzZ2RrclE3MS00X1VmX25KVnFYeXNCeURJWQ?oc=5,2026-05-29 06:30:00,Kompas.com
406,"AS Sita Aset Kripto Iran Rp 17,8 Triliun, Kini Bidik Vila dan Properti - Kompas.com","<a href=""https://news.google.com/rss/articles/CBMiwAFBVV95cUxNWUxxSGxSWVlYelVEb3lCb0o2ckVpMHZpS1VwTDdhWEktcTBPMVdveWdwcmtRTnZhd2I1MHRZRk9MQWJIbGdCaWRYR2pXeU1lS1d3WmtPNEdSLXdkcmtsYnZUX1V1TTczTjRSMWRQSDF1czFlYjhvb1lDd3FvVGJQUEpzMlNOV2JteURnNGZKVmI1WEJoUVVDRW5sRTYzOXpQenVHZlh6SVBYZUswWFRfa0hKZnBpSXQ1d1dmWTFETHDSAcABQVVfeXFMT2k2bFBRaVk0eGFOUE5rTVhmT0ZwOF8tdnJoUWFDcnk2UUxJQkRMWEV2NUpaRmk1Skc0UE82VFhVX3pvd01aY2hFMDU2allTd2tQZTJOYlRDUUNNMDd3Q3VtZXlXc0NaQ01xV1BpRlZHQy15cDQwYVVXOV83NWVVdzVUSi1oQ3N3cFVBQndDcWlsWC01WWhyeVdMXzlucUFOWE1LRkxrN1ZNSWgxSnVPLXl2ZVJoMnJmRjdrdW9IX1BD?oc=5"" target=""_blank"">AS Sita Aset Kripto Iran Rp 17,8 Triliun, Kini Bidik Vila dan Properti</a>&nbsp;&nbsp;<font color=""#6f6f6f"">Kompas.com</font>",https://news.google.com/rss/articles/CBMiwAFBVV95cUxNWUxxSGxSWVlYelVEb3lCb0o2ckVpMHZpS1VwTDdhWEktcTBPMVdveWdwcmtRTnZhd2I1MHRZRk9MQWJIbGdCaWRYR2pXeU1lS1d3WmtPNEdSLXdkcmtsYnZUX1V1TTczTjRSMWRQSDF1czFlYjhvb1lDd3FvVGJQUEpzMlNOV2JteURnNGZKVmI1WEJoUVVDRW5sRTYzOXpQenVHZlh6SVBYZUswWFRfa0hKZnBpSXQ1d1dmWTFETHDSAcABQVVfeXFMT2k2bFBRaVk0eGFOUE5rTVhmT0ZwOF8tdnJoUWFDcnk2UUxJQkRMWEV2NUpaRmk1Skc0UE82VFhVX3pvd01aY2hFMDU2allTd2tQZTJOYlRDUUNNMDd3Q3VtZXlXc0NaQ01xV1BpRlZHQy15cDQwYVVXOV83NWVVdzVUSi1oQ3N3cFVBQndDcWlsWC01WWhyeVdMXzlucUFOWE1LRkxrN1ZNSWgxSnVPLXl2ZVJoMnJmRjdrdW9IX1BD?oc=5,2026-05-30 10:00:00,Kompas.com
407,"5 Provinsi yang Gelar Pemutihan Pajak Kendaraan Juni 2026, Mana Saja? - Kompas.com","<a href=""https://news.google.com/rss/articles/CBMiywFBVV95cUxPVUU1QXkyUUNrQ1B5Wm13amx6V1FqancxQTd5bFJjVU1FX2dQRW10WWc3OEpHUW8temNGdnJGZTNoUWNGUGlTRGVPenRPOUdSVkdnZ0E4Ym9Uc0JkUFNPTXQ0YTJCX0MxRmxYSFBhSHFEbXp0Nk9yckFSMkNWTHhSaG9vb1lLZ2Z2bGsyLXFrS1hHY19oazlzZ0ZtLUdERXFyWjVzb3J5LWVfMWlvSVBpaGJUYkoxVnYtZjA2T3o5SlNtRUdSNkZLVUVlVdIBvwFBVV95cUxNR0ppdUZ4M0VxTnMzT2NNd0Z3Ujg0OFRvNjl0RWI4Yk5CbVFDVk13ZXhEMElLa2xTeDBJOE5vS3ZoRGFpOGhFYS1GS0NaX01WY3AzRTdacnRfNk52WjYxdmQyTmtINkNLRlFQaWt1MEt5NEhsbDJvcWNMUnBWc1lNYm9selJFa0xzNmtUMTB3ZGdaUHFWRDFsLUJ0ZkF0Nl9rYjNTcnhRZFVvT0tfRHlPUFNLQVdDNkc2TVlyd0ZTVQ?oc=5"" target=""_blank"">5 Provinsi yang Gelar Pemutihan Pajak Kendaraan Juni 2026, Mana Saja?</a>&nbsp;&nbsp;<font color=""#6f6f6f"">Kompas.com</font>",https://news.google.com/rss/articles/CBMiywFBVV95cUxPVUU1QXkyUUNrQ1B5Wm13amx6V1FqancxQTd5bFJjVU1FX2dQRW10WWc3OEpHUW8temNGdnJGZTNoUWNGUGlTRGVPenRPOUdSVkdnZ0E4Ym9Uc0JkUFNPTXQ0YTJCX0MxRmxYSFBhSHFEbXp0Nk9yckFSMkNWTHhSaG9vb1lLZ2Z2bGsyLXFrS1hHY19oazlzZ0ZtLUdERXFyWjVzb3J5LWVfMWlvSVBpaGJUYkoxVnYtZjA2T3o5SlNtRUdSNkZLVUVlVdIBvwFBVV95cUxNR0ppdUZ4M0VxTnMzT2NNd0Z3Ujg0OFRvNjl0RWI4Yk5CbVFDVk13ZXhEMElLa2xTeDBJOE5vS3ZoRGFpOGhFYS1GS0NaX01WY3AzRTdacnRfNk52WjYxdmQyTmtINkNLRlFQaWt1MEt5NEhsbDJvcWNMUnBWc1lNYm9selJFa0xzNmtUMTB3ZGdaUHFWRDFsLUJ0ZkF0Nl9rYjNTcnhRZFVvT0tfRHlPUFNLQVdDNkc2TVlyd0ZTVQ?oc=5,2026-06-01 01:00:00,Kompas.com
408,Prediksi BMKG: 18 Provinsi Berpotensi Hujan Lebat dan Angin Kencang pada 4 Juni 2026 - Kompas.com,"<a href=""https://news.google.com/rss/articles/CBMi0wFBVV95cUxNbW5lVEVaZ0hKUEEzMkdxZlZrMmhGaWdjRF9pV0lpdWYzNExiU2tIRFZLNjdEM0V4bnpyTmczMkVtZDRVeDRFSDhmNnk4VkNMczRHTDdFbUVBWXFhc1NuMUFqTml2M0pxZDJzdm5hQ3JqMnlyZWhVVDhZY1hZM2g1Ui15YngxcjZxMzFGT2RHQnNNVzJ5cGRlSEt6bVp2NjliWjI3MUY5ZFl0S1F0eS11M2lzbU5WMkEySUYzYThuZ1gtMjFfSFRjcHVVUFpEX1ZSb1Nr0gHHAUFVX3lxTE1wZXFKQ3hsQTNXRUt1cTBsVTlPUWdfQW1QcFE2ZHBiVGdSZ3pMeFFJYWU4ZkpHRFgwc2FhaTF3ZWpaaGdnZzZ1M2hqd21FRTFCRmt6Q1E3S3VuaTRfYmR5ZEZFRXBCZE1vZktmUVNsTzdUT1pNbGZENkFadS1mMmRNSnBFMlJwZVQtMVM5WDJnc0c4M05HN3VpX0xGemNDMC1seEpmekhMeFBYc1VpTHBWblJNOGZaZlY4MklySlp5NFo5YXRNbTA?oc=5"" target=""_blank"">Prediksi BMKG: 18 Provinsi Berpotensi Hujan Lebat dan Angin Kencang pada 4 Juni 2026</a>&nbsp;&nbsp;<font color=""#6f6f6f"">Kompas.com</font>",https://news.google.com/rss/articles/CBMi0wFBVV95cUxNbW5lVEVaZ0hKUEEzMkdxZlZrMmhGaWdjRF9pV0lpdWYzNExiU2tIRFZLNjdEM0V4bnpyTmczMkVtZDRVeDRFSDhmNnk4VkNMczRHTDdFbUVBWXFhc1NuMUFqTml2M0pxZDJzdm5hQ3JqMnlyZWhVVDhZY1hZM2g1Ui15YngxcjZxMzFGT2RHQnNNVzJ5cGRlSEt6bVp2NjliWjI3MUY5ZFl0S1F0eS11M2lzbU5WMkEySUYzYThuZ1gtMjFfSFRjcHVVUFpEX1ZSb1Nr0gHHAUFVX3lxTE1wZXFKQ3hsQTNXRUt1cTBsVTlPUWdfQW1QcFE2ZHBiVGdSZ3pMeFFJYWU4ZkpHRFgwc2FhaTF3ZWpaaGdnZzZ1M2hqd21FRTFCRmt6Q1E3S3VuaTRfYmR5ZEZFRXBCZE1vZktmUVNsTzdUT1pNbGZENkFadS1mMmRNSnBFMlJwZVQtMVM5WDJnc0c4M05HN3VpX0xGemNDMC1seEpmekhMeFBYc1VpTHBWblJNOGZaZlY4MklySlp5NFo5YXRNbTA?oc=5,2026-06-03 13:00:00,Kompas.com
409,"Resmi, Ini Daftar Harga Token Listrik yang Berlaku pada 1-7 Juni 2026 - Kompas.com","<a href=""https://news.google.com/rss/articles/CBMivwFBVV95cUxQX1VpbmJSMm5XeWx4TmRuZkNSY0hzRkVFU09HOTFtcU1wd09UQmk5UnhCcERlSmxpVXZNUjhKaWFsNzZPT3JwdWk4T3ZmMHUycWx0XzVfMWppcXdsZnMxVHpaWHBzSmJtSmEzdnVxOHd0bUNSYW1rck5Sb3l6eVpNN2stZVl5N0x1YXZ1WDRkbEJwbjdmRkxsRC1wVUFxQWpEcm5OcVZsT0k1VkphU21WQThUb0l3Y2M5eXgwLUxDb9IBvwFBVV95cUxOYjZfWk1sTTh4djRoUjNXTW8wSVRIZzR4WHp2ZUlMSncxMFFObFVSSERxQ2VXblFzcGlfaUJjYXZ2My1UNnRPN0pXcjZEVE5oa3gzT0pQNm5XdnJVdHB4QWVmTjNKOXJ0TW91ZmNWcjc0dW1Vb0ZtYmFyZkxOTEdwRmM2cHZ4MnNIWUhGUERyNEwySUVBeGlMZ2Znb0JtT2htQjNHMlc3Wk0wcmZ3WW5kMDZNdm52WG5qMjJsZGFjOA?oc=5"" target=""_blank"">Resmi, Ini Daftar Harga Token Listrik yang Berlaku pada 1-7 Juni 2026</a>&nbsp;&nbsp;<font color=""#6f6f6f"">Kompas.com</font>",https://news.google.com/rss/articles/CBMivwFBVV95cUxQX1VpbmJSMm5XeWx4TmRuZkNSY0hzRkVFU09HOTFtcU1wd09UQmk5UnhCcERlSmxpVXZNUjhKaWFsNzZPT3JwdWk4T3ZmMHUycWx0XzVfMWppcXdsZnMxVHpaWHBzSmJtSmEzdnVxOHd0bUNSYW1rck5Sb3l6eVpNN2stZVl5N0x1YXZ1WDRkbEJwbjdmRkxsRC1wVUFxQWpEcm5OcVZsT0k1VkphU21WQThUb0l3Y2M5eXgwLUxDb9IBvwFBVV95cUxOYjZfWk1sTTh4djRoUjNXTW8wSVRIZzR4WHp2ZUlMSncxMFFObFVSSERxQ2VXblFzcGlfaUJjYXZ2My1UNnRPN0pXcjZEVE5oa3gzT0pQNm5XdnJVdHB4QWVmTjNKOXJ0TW91ZmNWcjc0dW1Vb0ZtYmFyZkxOTEdwRmM2cHZ4MnNIWUhGUERyNEwySUVBeGlMZ2Znb0JtT2htQjNHMlc3Wk0wcmZ3WW5kMDZNdm52WG5qMjJsZGFjOA?oc=5,2026-05-31 11:00:00,Kompas.com
410,"10 Orang Terkaya di Dunia Akhir Mei 2026 Versi Forbes, Kekayaan Elon Musk Lebih dari 14.000 T - Kompas.com","<a href=""https://news.google.com/rss/articles/CBMixAFBVV95cUxOMmFJZ1VLY0UtaHZsNlBsREFvcFVEYTlNZnNIaXJ2RXZtQTNubzVYWWRfUnBrUndiTTUwY1FCREh0N1BNb1pFRm82cTgzNlNXM09KbzdSZEJWMFdNNEVvQ0RhX1l6Z2IwTmMxRnIzNURVV2hHMVNLQk1oRlEzZWdGaTJwN2NGWERWa3dDNW1kTXNzaUlRcEh1bG95WlBwRWJtSUN3SklsUExYc1lsUjhSNmNhdVFIdHExR1AxWHhWVWNXVXJ10gHEAUFVX3lxTE5iUHZOWUh3MXlTNEwwTmxfQ1lOTEhnRVZXTTU2TlQ3eDJMWlhhOWdhcE13bTVsR2hVbkxKYklLTFVSWGRXM0hINXR5YThHUUJxc3hEUUl5d05hM2RZa2JEZGltWm9JeTlqby1iSjNESTlyUUMyM1Z2NmppRW11cmJoMnVVbEczdFZJSENKNk42ZVBkQ2x6ODJGOHViOW5ZSXdFRjJlRnNtb0lBVl83SC1RYWV6UUEzZ3RtWEl0WDlWSm1QcFg?oc=5"" target=""_blank"">10 Orang Terkaya di Dunia Akhir Mei 2026 Versi Forbes, Kekayaan Elon Musk Lebih dari 14.000 T</a>&nbsp;&nbsp;<font color=""#6f6f6f"">Kompas.com</font>",https://news.google.com/rss/articles/CBMixAFBVV95cUxOMmFJZ1VLY0UtaHZsNlBsREFvcFVEYTlNZnNIaXJ2RXZtQTNubzVYWWRfUnBrUndiTTUwY1FCREh0N1BNb1pFRm82cTgzNlNXM09KbzdSZEJWMFdNNEVvQ0RhX1l6Z2IwTmMxRnIzNURVV2hHMVNLQk1oRlEzZWdGaTJwN2NGWERWa3dDNW1kTXNzaUlRcEh1bG95WlBwRWJtSUN3SklsUExYc1lsUjhSNmNhdVFIdHExR1AxWHhWVWNXVXJ10gHEAUFVX3lxTE5iUHZOWUh3MXlTNEwwTmxfQ1lOTEhnRVZXTTU2TlQ3eDJMWlhhOWdhcE13bTVsR2hVbkxKYklLTFVSWGRXM0hINXR5YThHUUJxc3hEUUl5d05hM2RZa2JEZGltWm9JeTlqby1iSjNESTlyUUMyM1Z2NmppRW11cmJoMnVVbEczdFZJSENKNk42ZVBkQ2x6ODJGOHViOW5ZSXdFRjJlRnNtb0lBVl83SC1RYWV6UUEzZ3RtWEl0WDlWSm1QcFg?oc=5,2026-05-31 06:30:00,Kompas.com
411,"Prajogo Pangestu Kembali ke Puncak, Siapa Saja 10 Orang Terkaya RI Awal Juni 2026? - Kompas.com","<a href=""https://news.google.com/rss/articles/CBMiyAFBVV95cUxNVmZRV0ItZEVLU21fdHY0RUg0cElVN3NYdER3WDU5NkZYV090cnBnTC03UUpVN0RxanUwallzaV9IamZtTzR2M2p3LWJ6Z0Q0Z2RSa3F1czdFcThnMDlLeVgwejQ1cFdvdXFBZFkyN0dDT1JPVzF3Ulp3alF6UlJMcE5ZVHJ1c1pSUHgzZFltYmRkampXa2l2a1RXRWJJOFJlTDMyOU5DZmZKdTlRaXkzSFo0NHZqejRnVko2V2ZKOXNhWE5YUUF5QtIByAFBVV95cUxQUWtlR0Z5ajV1S3AxTldIRUxYbFpvOHRqUXRFR3pEY3kyVjBaaTVnbnhSQXJNRUdqc1pvWUdQbEYzYW9RRDdOWWNOMXpmeW1YNE5ldzYxaU43cEpPaWNTV1dQcDB1ODRPcTJQSGJBczN5WGpSQ0xLSnhScExPdVNBbHZLN2pncXZZd1VUdWxEYlgyWjZmOFJsc1V6bE44QU93Q1poUkhYWHd2NGtxYlJhUmh2TVE0OThjaTJ0QUotMEVkSUZsVmluZA?oc=5"" target=""_blank"">Prajogo Pangestu Kembali ke Puncak, Siapa Saja 10 Orang Terkaya RI Awal Juni 2026?</a>&nbsp;&nbsp;<font color=""#6f6f6f"">Kompas.com</font>",https://news.google.com/rss/articles/CBMiyAFBVV95cUxNVmZRV0ItZEVLU21fdHY0RUg0cElVN3NYdER3WDU5NkZYV090cnBnTC03UUpVN0RxanUwallzaV9IamZtTzR2M2p3LWJ6Z0Q0Z2RSa3F1czdFcThnMDlLeVgwejQ1cFdvdXFBZFkyN0dDT1JPVzF3Ulp3alF6UlJMcE5ZVHJ1c1pSUHgzZFltYmRkampXa2l2a1RXRWJJOFJlTDMyOU5DZmZKdTlRaXkzSFo0NHZqejRnVko2V2ZKOXNhWE5YUUF5QtIByAFBVV95cUxQUWtlR0Z5ajV1S3AxTldIRUxYbFpvOHRqUXRFR3pEY3kyVjBaaTVnbnhSQXJNRUdqc1pvWUdQbEYzYW9RRDdOWWNOMXpmeW1YNE5ldzYxaU43cEpPaWNTV1dQcDB1ODRPcTJQSGJBczN5WGpSQ0xLSnhScExPdVNBbHZLN2pncXZZd1VUdWxEYlgyWjZmOFJsc1V6bE44QU93Q1poUkhYWHd2NGtxYlJhUmh2TVE0OThjaTJ0QUotMEVkSUZsVmluZA?oc=5,2026-06-01 12:01:00,Kompas.com
412,"Wisata Melihat Bintang Jadi Tren Global, Astrotourism Kian Digemari - Kompas.com","<a href=""https://news.google.com/rss/articles/CBMiugFBVV95cUxOaFFUMzNkbmJuZWJhNk9Wa0RlZUt5dElQZUVSSGhaQWFabkRvV2JtZHR4X3ItRGNiVVBGbjZQVXp3eGtKWjV6UUxWa09vblRUWmY2b1hVdXZHelk4dDJNczlqeDAzR0NRQ185Z0psd2x6WTF4TVMxTjFDYWpKVVFLRzBtOG42blU5dDVSb0lTcmZCYXdSbUJIdnI1OEtRNjJNZTRkU2JPZS1JcjMzcXFVd3RDRldJNjVTbWc?oc=5"" target=""_blank"">Wisata Melihat Bintang Jadi Tren Global, Astrotourism Kian Digemari</a>&nbsp;&nbsp;<font color=""#6f6f6f"">Kompas.com</font>",https://news.google.com/rss/articles/CBMiugFBVV95cUxOaFFUMzNkbmJuZWJhNk9Wa0RlZUt5dElQZUVSSGhaQWFabkRvV2JtZHR4X3ItRGNiVVBGbjZQVXp3eGtKWjV6UUxWa09vblRUWmY2b1hVdXZHelk4dDJNczlqeDAzR0NRQ185Z0psd2x6WTF4TVMxTjFDYWpKVVFLRzBtOG42blU5dDVSb0lTcmZCYXdSbUJIdnI1OEtRNjJNZTRkU2JPZS1JcjMzcXFVd3RDRldJNjVTbWc?oc=5,2026-05-29 05:00:00,Kompas.com
413,Surabaya Hangatkan Tradisi Minuman Rempah di Tengah Tren Kopi Kekinian - Kompas.com,"<a href=""https://news.google.com/rss/articles/CBMivwFBVV95cUxNeVdZMkdhNnFPZm1lQXpQamtDeElwTjdZcUo2VGFNWF9kLUdWUUgwd1U0b1NKTmNtVTJNcUpiaDFZcGZGakZMeVQwdW9qMjJBVlM3dl96UXE0Z3pVdlVqX2NONWxZaEdOc0draGYydzNPdUM4SUNJR0Y1ajcyN21yamlkMHpyZGxZUVBadFh3OE5mUWZNZGtJSVZZM25nRDVxQndfdS1iMWFaUTU2a1A1Yll6SVJqLWowVFcyaEdTSQ?oc=5"" target=""_blank"">Surabaya Hangatkan Tradisi Minuman Rempah di Tengah Tren Kopi Kekinian</a>&nbsp;&nbsp;<font color=""#6f6f6f"">Kompas.com</font>",https://news.google.com/rss/articles/CBMivwFBVV95cUxNeVdZMkdhNnFPZm1lQXpQamtDeElwTjdZcUo2VGFNWF9kLUdWUUgwd1U0b1NKTmNtVTJNcUpiaDFZcGZGakZMeVQwdW9qMjJBVlM3dl96UXE0Z3pVdlVqX2NONWxZaEdOc0draGYydzNPdUM4SUNJR0Y1ajcyN21yamlkMHpyZGxZUVBadFh3OE5mUWZNZGtJSVZZM25nRDVxQndfdS1iMWFaUTU2a1A1Yll6SVJqLWowVFcyaEdTSQ?oc=5,2026-05-29 01:13:00,Kompas.com
414,"Misteri Maria Branyas, Manusia Tertua di Dunia yang Berusia Biologis 23 Tahun Lebih Muda - Kompas.com","<a href=""https://news.google.com/rss/articles/CBMizgFBVV95cUxNQi03SEFkeGZZLUtRVHg3M0VOU0E0dDAzTC1uM205VmVSY05YX3lsTUdLS2RjeDUxM3dsNFdQNUFYTGx4SW4taEVRZmhDWVBXSUp5NlQzRGpLVTZmcGFJbGZZNkp6d2V6d3NLdzJ6NUVqOXZiZ2JYSy1HLVFnQTZ1Sy1sU2g0dFRpSFdmd2pXQW9MYW5fQ1Zuc1BhLWEybmNRRE9QVU9kenlWdmR5bXhDMW5yMkF0MXNpcDQySWZhenpTNHZjemZ2QkdiNGE0UdIBwgFBVV95cUxQeFJfRnVXcHlQUWFScnFrYW9WSWxMTXExZERabE0wblY3SmY2MzVyTnQ3ZWlFVGdyeklZYXRhQUp2WHhpcW1uQnQxNGdrQXJPNmVnb3NPOUJmTUNhem1qVFpacEJpYkhpX3ZZam9uRS13aWYwVFBRaXYzTnlEOUxmM3BkUk1hQW0zRUF0RDBsa0FXeDNfTUpnQWpiQVVQOVFDYTFzSFc4QjFBOER3dV9yWHBrVWZBV0N3M09sQVpROXA4QQ?oc=5"" target=""_blank"">Misteri Maria Branyas, Manusia Tertua di Dunia yang Berusia Biologis 23 Tahun Lebih Muda</a>&nbsp;&nbsp;<font color=""#6f6f6f"">Kompas.com</font>",https://news.google.com/rss/articles/CBMizgFBVV95cUxNQi03SEFkeGZZLUtRVHg3M0VOU0E0dDAzTC1uM205VmVSY05YX3lsTUdLS2RjeDUxM3dsNFdQNUFYTGx4SW4taEVRZmhDWVBXSUp5NlQzRGpLVTZmcGFJbGZZNkp6d2V6d3NLdzJ6NUVqOXZiZ2JYSy1HLVFnQTZ1Sy1sU2g0dFRpSFdmd2pXQW9MYW5fQ1Zuc1BhLWEybmNRRE9QVU9kenlWdmR5bXhDMW5yMkF0MXNpcDQySWZhenpTNHZjemZ2QkdiNGE0UdIBwgFBVV95cUxQeFJfRnVXcHlQUWFScnFrYW9WSWxMTXExZERabE0wblY3SmY2MzVyTnQ3ZWlFVGdyeklZYXRhQUp2WHhpcW1uQnQxNGdrQXJPNmVnb3NPOUJmTUNhem1qVFpacEJpYkhpX3ZZam9uRS13aWYwVFBRaXYzTnlEOUxmM3BkUk1hQW0zRUF0RDBsa0FXeDNfTUpnQWpiQVVQOVFDYTFzSFc4QjFBOER3dV9yWHBrVWZBV0N3M09sQVpROXA4QQ?oc=5,2026-05-31 07:00:00,Kompas.com
415,"Tiket Masuk Ancol Gratis hingga 19 Juni 2026, Ini Syarat dan Ketentuannya - Kompas.com","<a href=""https://news.google.com/rss/articles/CBMi0AFBVV95cUxNY2ItNnVRRlU4YlFJQnI0VFkxVG1hQ1hYNTFCUWpGVWpEY3BnVjNZQXZHQWMxY2kyYkhFYXppZHpRbkFVS05rWVdjYmhpVVdHOE53Yk8wb0NCdjBwSTdPbkx6YVlseWs4a0U2ZWVtYmVnQ3NMdGpqaWIxZGFOTk93X3dPYUZESGh2M1cwbGJmbzZhcjJIUW1oWkxzZ015bkdYMnAtRW1EWUJqUWFmZ21JX1VvZHU3a3V0SmIzRUFaVV85akRZa1cwUEUwT2ltZ09Z0gHEAUFVX3lxTFBOMmZUU2UtcHBac1liQW1qdDVYS2tNSU5iT3lOSkk4TkFqSGRjVjZJYUNVaV8zQmpKN0xUbFA4RVdQUkFkNnpqbW8wbXh5QUhwXzFMWWhBQTVuV29kR21kUHNIbzhSUGRfeDlKN3YwUTJTa2lHVFExMm1PdnhOMlRYbWF5a09oNXE2LW1EaTZLUDBNbjJaS2k0MldOWlZfMkpHYjVkdXdjTmwtUkpVZk5XTnJ5RzN4V3RHc2JwTHFRUXFDcUQ?oc=5"" target=""_blank"">Tiket Masuk Ancol Gratis hingga 19 Juni 2026, Ini Syarat dan Ketentuannya</a>&nbsp;&nbsp;<font color=""#6f6f6f"">Kompas.com</font>",https://news.google.com/rss/articles/CBMi0AFBVV95cUxNY2ItNnVRRlU4YlFJQnI0VFkxVG1hQ1hYNTFCUWpGVWpEY3BnVjNZQXZHQWMxY2kyYkhFYXppZHpRbkFVS05rWVdjYmhpVVdHOE53Yk8wb0NCdjBwSTdPbkx6YVlseWs4a0U2ZWVtYmVnQ3NMdGpqaWIxZGFOTk93X3dPYUZESGh2M1cwbGJmbzZhcjJIUW1oWkxzZ015bkdYMnAtRW1EWUJqUWFmZ21JX1VvZHU3a3V0SmIzRUFaVV85akRZa1cwUEUwT2ltZ09Z0gHEAUFVX3lxTFBOMmZUU2UtcHBac1liQW1qdDVYS2tNSU5iT3lOSkk4TkFqSGRjVjZJYUNVaV8zQmpKN0xUbFA4RVdQUkFkNnpqbW8wbXh5QUhwXzFMWWhBQTVuV29kR21kUHNIbzhSUGRfeDlKN3YwUTJTa2lHVFExMm1PdnhOMlRYbWF5a09oNXE2LW1EaTZLUDBNbjJaS2k0MldOWlZfMkpHYjVkdXdjTmwtUkpVZk5XTnJ5RzN4V3RHc2JwTHFRUXFDcUQ?oc=5,2026-06-01 04:30:00,Kompas.com
416,"Hari Lahir Pancasila 2026: Jadwal Upacara, Tema, Logo, dan Link Twibbon Resmi - Kompas.com","<a href=""https://news.google.com/rss/articles/CBMixwFBVV95cUxPZWJsb2VOZE5PT2Nqd1ZSUE9DRHEwY1RUXzEzNUpwajBlX2FTZnYtZ1BMZkFUdmZGcnVuT1duTzlWaHdVTU5nTFEwWkRQUXlObWdvdVoybnJkc2NRRi1KR0liU1RWOFRELV9tcFk0dkhjeGZnUDhCYTlrUDRUU3NiQnY5aW82R052aWtIWWc0TUUwak1rQkZLc3lTeklWQjFJNFZ5andEQWZ5WWlnM3BOVUtBVmp6Si1uS1doejUwcUk4eHVJMnlB0gHHAUFVX3lxTFBrTndLd2lkT2RXQ2s4U3ZfdTIxd1Q3WkVidm5HSUxSa0JKQy15R2VFLWtvRU9MUGR0LUxxLVRJclBIajF2ZVQxRE5FMzdxaEhXMGg0eG5KVnA4bjN0TDFLT2NhMXc3NS1jaVNQdDZMNHZnQjU1MkY4QUVHdmxaSS1mRW4yVTQxNllOVXc3N2ctdDdwaFF3cFBQZFNZLW1qSTA5SlprV3BpNEtReU9icHYwVU0xSlNJdkxQcnFKZ3Nmdkx4aE85cnc?oc=5"" target=""_blank"">Hari Lahir Pancasila 2026: Jadwal Upacara, Tema, Logo, dan Link Twibbon Resmi</a>&nbsp;&nbsp;<font color=""#6f6f6f"">Kompas.com</font>",https://news.google.com/rss/articles/CBMixwFBVV95cUxPZWJsb2VOZE5PT2Nqd1ZSUE9DRHEwY1RUXzEzNUpwajBlX2FTZnYtZ1BMZkFUdmZGcnVuT1duTzlWaHdVTU5nTFEwWkRQUXlObWdvdVoybnJkc2NRRi1KR0liU1RWOFRELV9tcFk0dkhjeGZnUDhCYTlrUDRUU3NiQnY5aW82R052aWtIWWc0TUUwak1rQkZLc3lTeklWQjFJNFZ5andEQWZ5WWlnM3BOVUtBVmp6Si1uS1doejUwcUk4eHVJMnlB0gHHAUFVX3lxTFBrTndLd2lkT2RXQ2s4U3ZfdTIxd1Q3WkVidm5HSUxSa0JKQy15R2VFLWtvRU9MUGR0LUxxLVRJclBIajF2ZVQxRE5FMzdxaEhXMGg0eG5KVnA4bjN0TDFLT2NhMXc3NS1jaVNQdDZMNHZnQjU1MkY4QUVHdmxaSS1mRW4yVTQxNllOVXc3N2ctdDdwaFF3cFBQZFNZLW1qSTA5SlprV3BpNEtReU9icHYwVU0xSlNJdkxQcnFKZ3Nmdkx4aE85cnc?oc=5,2026-05-31 04:00:00,Kompas.com
417,"Madonna Pakai Jeans Sobek Lagi, Tren Fashion Era 1980-an Disebut Kembali Bangkit - Kompas.com","<a href=""https://news.google.com/rss/articles/CBMixAFBVV95cUxQaFY4d3JhRmoyX29iODZBRjFWeVQyMmZUWmZnZE5malRFcGc5NTVFM3JPdUR2UTltdDBfSTJxMHJCMXFzZU1RZTdiUHRUNUtYQzRYdGdkWHIzR05JVTBlQ2lLdzRRbk5oYkFPYlplT3FGQ3JTbm1Nb185RWdKR1N3Y3ZveWRhOGxqbFhzVzVVUEJPbDl6ZzVhSkVRR010Zi1vbjVrMTZMem5UdTh1d010WGVUeWhJVnJYLVJXMEhBMVNJYkRf?oc=5"" target=""_blank"">Madonna Pakai Jeans Sobek Lagi, Tren Fashion Era 1980-an Disebut Kembali Bangkit</a>&nbsp;&nbsp;<font color=""#6f6f6f"">Kompas.com</font>",https://news.google.com/rss/articles/CBMixAFBVV95cUxQaFY4d3JhRmoyX29iODZBRjFWeVQyMmZUWmZnZE5malRFcGc5NTVFM3JPdUR2UTltdDBfSTJxMHJCMXFzZU1RZTdiUHRUNUtYQzRYdGdkWHIzR05JVTBlQ2lLdzRRbk5oYkFPYlplT3FGQ3JTbm1Nb185RWdKR1N3Y3ZveWRhOGxqbFhzVzVVUEJPbDl6ZzVhSkVRR010Zi1vbjVrMTZMem5UdTh1d010WGVUeWhJVnJYLVJXMEhBMVNJYkRf?oc=5,2026-05-29 12:33:00,Kompas.com
418,"AS Serang Iran di Tengah Laporan Kesepakatan yang Simpang Siur, Situs Militer Jadi Sasaran - Kompas.com","<a href=""https://news.google.com/rss/articles/CBMiywFBVV95cUxONkZsdFhfSUFITDlDTV9pdS1ZSVB3RjA1YWF6RUViU1RhbGpiRGtRZkZ6US0yVXVxclZWaUhqcUtfZV8zVG9BdUVIdXppd2pSMVhsMEZYS3hrSUM0WUJBME16YzhPZnpaMTk0TmJFY2FMZkVyeGZqNVhIczdkRGRrdTdsUnJSQ01SakdOMmcxQnBrekhHVXlkR0pRYU5YbW1MX3lTQXRLNDh1dm9Gb1ljblZfWVl4TTFCd3pwS2VscXhrcmlKWlpKbHNZc9IBvwFBVV95cUxQTEpxNFB6aE5mSDVOTlB0OEQwWnF2ZDFfVUYzUGN0eDRDdXdTTFd6VGh1ekhrcjZRSnNoemJBRWtXT2xIWm9PaDFPZFAzMDlFZ0RQTTdxZkdoMFRYcVE5cUktQkdMR20xRkxEM3ZzYlo5c1ljclAtaHNobGlvQl9pdG52eGRnYlAwY1o0WGJ4UkFpNnRJRkwtblhDTXpBMDhLZFdBVEI5VFBBblJ4MEM4R1J3S05sN0pDUW9YcmtJYw?oc=5"" target=""_blank"">AS Serang Iran di Tengah Laporan Kesepakatan yang Simpang Siur, Situs Militer Jadi Sasaran</a>&nbsp;&nbsp;<font color=""#6f6f6f"">Kompas.com</font>",https://news.google.com/rss/articles/CBMiywFBVV95cUxONkZsdFhfSUFITDlDTV9pdS1ZSVB3RjA1YWF6RUViU1RhbGpiRGtRZkZ6US0yVXVxclZWaUhqcUtfZV8zVG9BdUVIdXppd2pSMVhsMEZYS3hrSUM0WUJBME16YzhPZnpaMTk0TmJFY2FMZkVyeGZqNVhIczdkRGRrdTdsUnJSQ01SakdOMmcxQnBrekhHVXlkR0pRYU5YbW1MX3lTQXRLNDh1dm9Gb1ljblZfWVl4TTFCd3pwS2VscXhrcmlKWlpKbHNZc9IBvwFBVV95cUxQTEpxNFB6aE5mSDVOTlB0OEQwWnF2ZDFfVUYzUGN0eDRDdXdTTFd6VGh1ekhrcjZRSnNoemJBRWtXT2xIWm9PaDFPZFAzMDlFZ0RQTTdxZkdoMFRYcVE5cUktQkdMR20xRkxEM3ZzYlo5c1ljclAtaHNobGlvQl9pdG52eGRnYlAwY1o0WGJ4UkFpNnRJRkwtblhDTXpBMDhLZFdBVEI5VFBBblJ4MEM4R1J3S05sN0pDUW9YcmtJYw?oc=5,2026-05-28 04:30:00,Kompas.com
419,"Pria Ini Beli Mobil Bekas Rp 470 Juta, Ternyata Setelah Dicek Benar Mobil Lamanya yang Dicuri - Kompas.com","<a href=""https://news.google.com/rss/articles/CBMixAFBVV95cUxQSEt6R0ljZjcxRDRTZVdvcGY2M0txcGhKa0loOTQ3QjZFdkkwLUEtZjdGV1M2dW50Wkx0LWx0OUc4ZUo5QXp3bUptN3NhNV92ajV2RXV4NWpXeUtxUUpscE9kUllqV2kzaWx0MEc5U0RPTHhYS09HSHI5TU9RTlVKTE5TY0JmU1lhaUUweXR6aTQ1VkZ0UlNWaVVNbTlpWXVxVE4weDBic184VEE5TnFFblVCSTZIdHZWdGVMaVRCMjRFTjVT0gHEAUFVX3lxTFBzNWpQYm9UTHlCemNCeExNNFZ2NjFidlNrNnZCRzFqbHVvZEJuMzN1bFlzWHNVYm1ySU1ieVA5bEx3bW1ZaUpnaTdvSF9JZXNrQUR1OXB3Q1RNRkVYYzlRdWJPcDcxN3AzYm1DT1BIaV9VNmdlNUFnRDkwc1ZJTGk0M3oyRmhlakZOckV5QkJjaUVjcng2c0EtZlJzQWVZbHc5aXc5X1FyWENIRWEyVXdJNzdMUGpmUXl1THI2aHFGOUY2Y3g?oc=5"" target=""_blank"">Pria Ini Beli Mobil Bekas Rp 470 Juta, Ternyata Setelah Dicek Benar Mobil Lamanya yang Dicuri</a>&nbsp;&nbsp;<font color=""#6f6f6f"">Kompas.com</font>",https://news.google.com/rss/articles/CBMixAFBVV95cUxQSEt6R0ljZjcxRDRTZVdvcGY2M0txcGhKa0loOTQ3QjZFdkkwLUEtZjdGV1M2dW50Wkx0LWx0OUc4ZUo5QXp3bUptN3NhNV92ajV2RXV4NWpXeUtxUUpscE9kUllqV2kzaWx0MEc5U0RPTHhYS09HSHI5TU9RTlVKTE5TY0JmU1lhaUUweXR6aTQ1VkZ0UlNWaVVNbTlpWXVxVE4weDBic184VEE5TnFFblVCSTZIdHZWdGVMaVRCMjRFTjVT0gHEAUFVX3lxTFBzNWpQYm9UTHlCemNCeExNNFZ2NjFidlNrNnZCRzFqbHVvZEJuMzN1bFlzWHNVYm1ySU1ieVA5bEx3bW1ZaUpnaTdvSF9JZXNrQUR1OXB3Q1RNRkVYYzlRdWJPcDcxN3AzYm1DT1BIaV9VNmdlNUFnRDkwc1ZJTGk0M3oyRmhlakZOckV5QkJjaUVjcng2c0EtZlJzQWVZbHc5aXc5X1FyWENIRWEyVXdJNzdMUGpmUXl1THI2aHFGOUY2Y3g?oc=5,2026-05-30 01:30:00,Kompas.com
420,"Madinah Sambut Gelombang Pertama Jemaah Haji dari Mekkah, Ini Persiapannya - Kompas.com","<a href=""https://news.google.com/rss/articles/CBMixgFBVV95cUxPZmZsc29nY3hyWExLTHAtTzMxSXFiQU1LTVh4c2RYVFNBQmJ5ektaR2gyR0c2bUVmRncyZ0N3OF9tdkNlQ3pGN1Nua1FTQ0t1dXhZSElBN0x5QzRyaDViaS1QMThPZmZKYlNSeVhUamx1UmsxOE9rNm9VVlNDakl2eVV4MGR3dkctaFlxV2lUd3pDY2h0UFFPUFAtd0EtWkJmbk5KcnJobUxuQmQzTzRLb0xSWmRYVUJSSEpwLW0zUlR2dmxKV1HSAcYBQVVfeXFMT09VSHh1SW40U2p1Uk95V1djYm1LbThRWDZfT1JyZkVzRDRwUnpnZ05ITENsRm5ITUVlc1d4VGJMVmNGdDg1cFAwRnkwd1lidFR2dG1ZR2l1M3dORFM3V2d6Qi1EMl9RbC1EMFBFcUtRYjVGRm1TMk9Kc2U4dWVhZnhsWjlUcFFUUWZJYllla2FVRnNPS0ZyajVmN09NU29VTEs2ZjV0bkhmZ3U0SGFUQUxiQ1lzZFFjQlVuaDM1THh2MHhsX0ln?oc=5"" target=""_blank"">Madinah Sambut Gelombang Pertama Jemaah Haji dari Mekkah, Ini Persiapannya</a>&nbsp;&nbsp;<font color=""#6f6f6f"">Kompas.com</font>",https://news.google.com/rss/articles/CBMixgFBVV95cUxPZmZsc29nY3hyWExLTHAtTzMxSXFiQU1LTVh4c2RYVFNBQmJ5ektaR2gyR0c2bUVmRncyZ0N3OF9tdkNlQ3pGN1Nua1FTQ0t1dXhZSElBN0x5QzRyaDViaS1QMThPZmZKYlNSeVhUamx1UmsxOE9rNm9VVlNDakl2eVV4MGR3dkctaFlxV2lUd3pDY2h0UFFPUFAtd0EtWkJmbk5KcnJobUxuQmQzTzRLb0xSWmRYVUJSSEpwLW0zUlR2dmxKV1HSAcYBQVVfeXFMT09VSHh1SW40U2p1Uk95V1djYm1LbThRWDZfT1JyZkVzRDRwUnpnZ05ITENsRm5ITUVlc1d4VGJMVmNGdDg1cFAwRnkwd1lidFR2dG1ZR2l1M3dORFM3V2d6Qi1EMl9RbC1EMFBFcUtRYjVGRm1TMk9Kc2U4dWVhZnhsWjlUcFFUUWZJYllla2FVRnNPS0ZyajVmN09NU29VTEs2ZjV0bkhmZ3U0SGFUQUxiQ1lzZFFjQlVuaDM1THh2MHhsX0ln?oc=5,2026-05-29 23:15:00,Kompas.com
421,"Mengenal Acubi, Gaya Fashion Korea yang Lagi Digandrungi Gen Z - Kompas.com","<a href=""https://news.google.com/rss/articles/CBMiwwFBVV95cUxOZnkwQTVSbk1rSFUtdjlMWDUxVmRBV0Q5WGZXSDduUzRsX0pHQTVySm9sZUhnQ0NwNm5XM29HektRcTdXSm14YUpGZnN2eE5EeGRHQ2drbWZTRTJwbGYxMHJJNlJERVUwaFVCcl9mdTB6ZmlSUy1CUEZFZ1RiR3ZZdUhpbjk2RHFtSXk1cnp4SHg2Q1JneUl2dk9BMEw4eXZ6R3I1eHFsRHVwMUZoWnltVEZ3RVhNWmdDMXQ5VmhsODA5QjQ?oc=5"" target=""_blank"">Mengenal Acubi, Gaya Fashion Korea yang Lagi Digandrungi Gen Z</a>&nbsp;&nbsp;<font color=""#6f6f6f"">Kompas.com</font>",https://news.google.com/rss/articles/CBMiwwFBVV95cUxOZnkwQTVSbk1rSFUtdjlMWDUxVmRBV0Q5WGZXSDduUzRsX0pHQTVySm9sZUhnQ0NwNm5XM29HektRcTdXSm14YUpGZnN2eE5EeGRHQ2drbWZTRTJwbGYxMHJJNlJERVUwaFVCcl9mdTB6ZmlSUy1CUEZFZ1RiR3ZZdUhpbjk2RHFtSXk1cnp4SHg2Q1JneUl2dk9BMEw4eXZ6R3I1eHFsRHVwMUZoWnltVEZ3RVhNWmdDMXQ5VmhsODA5QjQ?oc=5,2026-06-02 04:33:00,Kompas.com
422,"Roket Milik Jeff Bezos Meledak di Landasan, Rumah Warga Cape Canaveral Ikut Berguncang - Kompas.com","<a href=""https://news.google.com/rss/articles/CBMi0wFBVV95cUxPVXY0SnBwY1Z0SGVnWVJXZWZjNXhLV1pOeUR6aU9mYVRFcXJSVjJVc0piSzFieGNxdHhjblZtUGkzc05YMjdZYjZ0Z09haWVseFBScmY4enNnbjk1TzA3UzNPVWd1dVJXUlFXeGFScWxjdTNoMFBEajFHNVF3SUtzaldXWUZxVFZ2M3FIalkzcUNQNnRlSWVhMlJsTUpDVFRmRzd5QmJWN1FYMElTSGRVLXdraGhqNjRLTG4ycjhQSzRBcDRsWmNfOEJiOHRoaDNDM0xR0gHHAUFVX3lxTE0zcjltX2Z6UGtYV0VxSHdVMFRGc2FzYjdzQ3ZYRkszeFZSemtNdzREWFpOX2tKd0RyRzJWbXp0SUVHTWJLcmRzcVgwbmt0aGJuVXhhOWh3cFVWa1pUZlM4am43MjFjNjMxQ1BzVFRCRHZzUjhmX2k0NnJoU09rOFFJT2N3YXZVd1h6ZDlyUU54WFdYVnRNcmpIZlBBQWVrdDhqNlc5TEhnRFV2NVZZTnVLU3dMcUx6enYzQ2pCM2ZPZVo2SDd6Ums?oc=5"" target=""_blank"">Roket Milik Jeff Bezos Meledak di Landasan, Rumah Warga Cape Canaveral Ikut Berguncang</a>&nbsp;&nbsp;<font color=""#6f6f6f"">Kompas.com</font>",https://news.google.com/rss/articles/CBMi0wFBVV95cUxPVXY0SnBwY1Z0SGVnWVJXZWZjNXhLV1pOeUR6aU9mYVRFcXJSVjJVc0piSzFieGNxdHhjblZtUGkzc05YMjdZYjZ0Z09haWVseFBScmY4enNnbjk1TzA3UzNPVWd1dVJXUlFXeGFScWxjdTNoMFBEajFHNVF3SUtzaldXWUZxVFZ2M3FIalkzcUNQNnRlSWVhMlJsTUpDVFRmRzd5QmJWN1FYMElTSGRVLXdraGhqNjRLTG4ycjhQSzRBcDRsWmNfOEJiOHRoaDNDM0xR0gHHAUFVX3lxTE0zcjltX2Z6UGtYV0VxSHdVMFRGc2FzYjdzQ3ZYRkszeFZSemtNdzREWFpOX2tKd0RyRzJWbXp0SUVHTWJLcmRzcVgwbmt0aGJuVXhhOWh3cFVWa1pUZlM4am43MjFjNjMxQ1BzVFRCRHZzUjhmX2k0NnJoU09rOFFJT2N3YXZVd1h6ZDlyUU54WFdYVnRNcmpIZlBBQWVrdDhqNlc5TEhnRFV2NVZZTnVLU3dMcUx6enYzQ2pCM2ZPZVo2SDd6Ums?oc=5,2026-05-29 06:30:00,Kompas.com
423,"BGN Luncurkan Aplikasi “Reviu MBG”, Apa Saja yang Bisa Dinilai dan Hasilnya untuk Apa? - Kompas.com","<a href=""https://news.google.com/rss/articles/CBMixAFBVV95cUxNeDl0dG1LekZ5NVh4eDZYT1JyMWNOQzdXeVhiY05RU3NkRTVyVmN0U1hwMjVuakg1cW53UzNrWWs1U0NJdnpIYTNOdlhVLXZDdl9ydDdRYWRtTVU2bkVja3lXODBYUDFtTmtlVnZ6S2N2UWp4d3ZiOUJLbmJxOFB4V3AtUGZua1BLQmVkdV9zS1NQUThsM0RGaDV2VlA2emx3NUUyUDhCa0VNeFc2ck4wcTBXaC1vd1oySnp5UUhjeGYzbC020gHEAUFVX3lxTE1fNHZCNkVlQmFHcjB2TGFJdTR0X0JuRnF4eVpxY1FLcTRyTXRydV9sMjkzRWcwVXFmdGd4c3ZaLUVFN3hvVzY2ZnZtcnBhSDZrZjJMb3hQYThxa0V1MkZ1WVBQcWlBRGh6X1BsT0pqQTJyajZCMm1HSWxXVUhaRHpBS3NyMkRfX0IzSXp5QlZDanVEalVGMjhPamNvOGtPdFcyT2c5dTFEQmJwbmEyX3JqM2Z6eVZET1hndlVlMTFtd3l3U2o?oc=5"" target=""_blank"">BGN Luncurkan Aplikasi “Reviu MBG”, Apa Saja yang Bisa Dinilai dan Hasilnya untuk Apa?</a>&nbsp;&nbsp;<font color=""#6f6f6f"">Kompas.com</font>",https://news.google.com/rss/articles/CBMixAFBVV95cUxNeDl0dG1LekZ5NVh4eDZYT1JyMWNOQzdXeVhiY05RU3NkRTVyVmN0U1hwMjVuakg1cW53UzNrWWs1U0NJdnpIYTNOdlhVLXZDdl9ydDdRYWRtTVU2bkVja3lXODBYUDFtTmtlVnZ6S2N2UWp4d3ZiOUJLbmJxOFB4V3AtUGZua1BLQmVkdV9zS1NQUThsM0RGaDV2VlA2emx3NUUyUDhCa0VNeFc2ck4wcTBXaC1vd1oySnp5UUhjeGYzbC020gHEAUFVX3lxTE1fNHZCNkVlQmFHcjB2TGFJdTR0X0JuRnF4eVpxY1FLcTRyTXRydV9sMjkzRWcwVXFmdGd4c3ZaLUVFN3hvVzY2ZnZtcnBhSDZrZjJMb3hQYThxa0V1MkZ1WVBQcWlBRGh6X1BsT0pqQTJyajZCMm1HSWxXVUhaRHpBS3NyMkRfX0IzSXp5QlZDanVEalVGMjhPamNvOGtPdFcyT2c5dTFEQmJwbmEyX3JqM2Z6eVZET1hndlVlMTFtd3l3U2o?oc=5,2026-05-29 01:00:00,Kompas.com
424,"Karier Hanya Seumur Jagung, Mengapa Gen Z Banyak yang Dipecat Padahal Baru Mulai Bekerja? - Kompas.com","<a href=""https://news.google.com/rss/articles/CBMi0gFBVV95cUxOemY0ZzBUNmVjdDJKS0hNTmJ3Nks3MDh2OWNsYWlwRXJ6bUQ5d3BtZ1g2SXcyaXRkeHZtWXpDbm96RkNxMlVVYUlNYUhhWmYySWdCMjRROWJjakdaR2R6bHc1T05NaEJ6Rk1DNGItSU1jcWZMTWd0amtzM3FSdUxvWFl1b3dIYUp2RG9WM1QzQjF4d0dJbk83VlFXYXlsQ2hPak1zNnNPdmVObHR6SjBTWTkxcnBNSjNpZmdTX3NXOTJoeHRCX1lLdUV0NV90dDJsY1HSAcYBQVVfeXFMTmRVd1dxMjFSSmRqV2lOTFJnTXZfb3dlNDRDWGd6dGd6dVYzVnp1MHRJd1JfSXVaYUJuS2tENEhTUDFfZHE2UUpTYWppcW1sZGtCRkJ1LWZxb3FYdGI2UG1iSkJSYTY5SThGZ2VPSzBJQ2JLOXZhX2o4Mkc4VXo3YlozRDlHcksxaGhybnZKNm5LUjVmR2dIcmVMUDZjLUxOMTQ2cnQ1ZVVOX1lKaUtfRnBDcmtvM2pjR1JDQkdzbzZ4SU1JSENB?oc=5"" target=""_blank"">Karier Hanya Seumur Jagung, Mengapa Gen Z Banyak yang Dipecat Padahal Baru Mulai Bekerja?</a>&nbsp;&nbsp;<font color=""#6f6f6f"">Kompas.com</font>",https://news.google.com/rss/articles/CBMi0gFBVV95cUxOemY0ZzBUNmVjdDJKS0hNTmJ3Nks3MDh2OWNsYWlwRXJ6bUQ5d3BtZ1g2SXcyaXRkeHZtWXpDbm96RkNxMlVVYUlNYUhhWmYySWdCMjRROWJjakdaR2R6bHc1T05NaEJ6Rk1DNGItSU1jcWZMTWd0amtzM3FSdUxvWFl1b3dIYUp2RG9WM1QzQjF4d0dJbk83VlFXYXlsQ2hPak1zNnNPdmVObHR6SjBTWTkxcnBNSjNpZmdTX3NXOTJoeHRCX1lLdUV0NV90dDJsY1HSAcYBQVVfeXFMTmRVd1dxMjFSSmRqV2lOTFJnTXZfb3dlNDRDWGd6dGd6dVYzVnp1MHRJd1JfSXVaYUJuS2tENEhTUDFfZHE2UUpTYWppcW1sZGtCRkJ1LWZxb3FYdGI2UG1iSkJSYTY5SThGZ2VPSzBJQ2JLOXZhX2o4Mkc4VXo3YlozRDlHcksxaGhybnZKNm5LUjVmR2dIcmVMUDZjLUxOMTQ2cnQ1ZVVOX1lKaUtfRnBDcmtvM2pjR1JDQkdzbzZ4SU1JSENB?oc=5,2026-06-01 10:30:00,Kompas.com
425,"Jakarta Jadi Kota dengan Penurunan Tanah Tercepat, Ilmuwan Sarankan Belajar dari Tokyo - Kompas.com","<a href=""https://news.google.com/rss/articles/CBMi0wFBVV95cUxQRElEWktEMTlyVmFjazVIZVUtNTVmYUI3OFczTF9rb0xlWU9QNVo4aE1oeko4SFJzUDlSNTV5ZnRjOWxJdFp6SldYSFBESjlqT0pJLUotbTF1cG45U1g3Y0tyN29tU2h0Vi1wSV9QdURhNEplRlJSSlR1TTFKOU9ua3lNbVl5UE02dHN5aTlIODdtaVduR3k5Z3BhWW8yV09zeEFKdEhLRU1kd3M1YVdmU2lJS0ljWnppbHRDY3BnN2NaTGIwdFQyaTh0RTdGYVJaVXkw0gHHAUFVX3lxTE8wY0pjajRyS1NOZEF1SjBEVVdLMVd1V013aW1uSjZPM2QyWDhEaDV4RklyWG5VNm01YS1KalVKZ2d3VE9zWGFlTGV6UTBYb1liZUgyV1FRWmswQWRkcHNlMXFqQ1pzVm9jaE9VdlNTdk1WM05RbGtjcnFaaEVtRmctTk96bXFyUUZaQU1OWkcwSXZPc1ZwNExFZXdocEtIS0hrVG9WUDZobWQ3LW5oUHBJZUVuWjk1alFFbEk2N3hDaXZiS0dMN0E?oc=5"" target=""_blank"">Jakarta Jadi Kota dengan Penurunan Tanah Tercepat, Ilmuwan Sarankan Belajar dari Tokyo</a>&nbsp;&nbsp;<font color=""#6f6f6f"">Kompas.com</font>",https://news.google.com/rss/articles/CBMi0wFBVV95cUxQRElEWktEMTlyVmFjazVIZVUtNTVmYUI3OFczTF9rb0xlWU9QNVo4aE1oeko4SFJzUDlSNTV5ZnRjOWxJdFp6SldYSFBESjlqT0pJLUotbTF1cG45U1g3Y0tyN29tU2h0Vi1wSV9QdURhNEplRlJSSlR1TTFKOU9ua3lNbVl5UE02dHN5aTlIODdtaVduR3k5Z3BhWW8yV09zeEFKdEhLRU1kd3M1YVdmU2lJS0ljWnppbHRDY3BnN2NaTGIwdFQyaTh0RTdGYVJaVXkw0gHHAUFVX3lxTE8wY0pjajRyS1NOZEF1SjBEVVdLMVd1V013aW1uSjZPM2QyWDhEaDV4RklyWG5VNm01YS1KalVKZ2d3VE9zWGFlTGV6UTBYb1liZUgyV1FRWmswQWRkcHNlMXFqQ1pzVm9jaE9VdlNTdk1WM05RbGtjcnFaaEVtRmctTk96bXFyUUZaQU1OWkcwSXZPc1ZwNExFZXdocEtIS0hrVG9WUDZobWQ3LW5oUHBJZUVuWjk1alFFbEk2N3hDaXZiS0dMN0E?oc=5,2026-05-28 12:00:00,Kompas.com
426,"PLN Buka Suara soal Kompensasi Blackout Sumatera, Bisakah Pelanggan Dapat Ganti Rugi? - Kompas.com","<a href=""https://news.google.com/rss/articles/CBMi0AFBVV95cUxOQnZYTDhENlVHc1NHMTNUUWgzTEtMaHlpTTdpdV9lOXN3SEM0ZklZNldoaGtyVWFqc3JqMTE1X2FxejVkay0xbTFubVBKZ2prd28wNHBEZ0tlNkRjc2dmaGJEd3FKdFFVZkp5VElhMVlpcV9OSHZpWkI0WURFSTBqNmpoYXR6OHlpa2p4cXZmLUNPWkQ5dVBJcy15SnQ5VkVWRE5YMjJnazV0OVpFVG0xY1gyY19tQUZMZUw3UU9pYVNpaml3dXBoZHJIa2tIUmRV0gHEAUFVX3lxTE1zN3Flb2htUnRUUkRzeHhnNWNtcGl3MHZuOUNNWmN0Q0FsU0VmdEtLV0Z1a21nSlhsZ1lReExOeWlYNWgxRG1fX09XVGxkR2U5MnZaZHhoN1hZWW1BTDVORno3a0VQd0NqT21DNlV5d1ZrSGk1bVlRM0hCOHdhZTk0MG1haGVlTGdtMW1adHZlV2xwR3FzMTRTcXMyS1VMZjFQQ1Y2R09mcnMwbUpiR0RHQXFaLUhiSEI3RW1yMHdnMGtQekw?oc=5"" target=""_blank"">PLN Buka Suara soal Kompensasi Blackout Sumatera, Bisakah Pelanggan Dapat Ganti Rugi?</a>&nbsp;&nbsp;<font color=""#6f6f6f"">Kompas.com</font>",https://news.google.com/rss/articles/CBMi0AFBVV95cUxOQnZYTDhENlVHc1NHMTNUUWgzTEtMaHlpTTdpdV9lOXN3SEM0ZklZNldoaGtyVWFqc3JqMTE1X2FxejVkay0xbTFubVBKZ2prd28wNHBEZ0tlNkRjc2dmaGJEd3FKdFFVZkp5VElhMVlpcV9OSHZpWkI0WURFSTBqNmpoYXR6OHlpa2p4cXZmLUNPWkQ5dVBJcy15SnQ5VkVWRE5YMjJnazV0OVpFVG0xY1gyY19tQUZMZUw3UU9pYVNpaml3dXBoZHJIa2tIUmRV0gHEAUFVX3lxTE1zN3Flb2htUnRUUkRzeHhnNWNtcGl3MHZuOUNNWmN0Q0FsU0VmdEtLV0Z1a21nSlhsZ1lReExOeWlYNWgxRG1fX09XVGxkR2U5MnZaZHhoN1hZWW1BTDVORno3a0VQd0NqT21DNlV5d1ZrSGk1bVlRM0hCOHdhZTk0MG1haGVlTGdtMW1adHZlV2xwR3FzMTRTcXMyS1VMZjFQQ1Y2R09mcnMwbUpiR0RHQXFaLUhiSEI3RW1yMHdnMGtQekw?oc=5,2026-05-28 10:30:00,Kompas.com
427,"Skuad Belanda untuk Piala Dunia 2026 Diumumkan, Ada Tijjani Reijnders Berdarah Indonesia - Kompas.com","<a href=""https://news.google.com/rss/articles/CBMivwFBVV95cUxPQTFwcHh1ejl6bDAyOWZ0V25VZHNwRmQyMlVudjNxanlhQkpXN3hXVkluYzBFOFdkbzFQS1RCazFURlo3RGhNM1lxY1B3NHFQNG9hdGZJVzhJbFlSS3FjOTlLbTlObk9EMDZ6LURla0tJaHU0MUpjTVJkV040ZWpDUEMtaEs3VXlXZ3g1MUN4anFzczhldTJEemZuc3U0N3J2eFlBRldXMXBFNWpfLVRwX3ZsVlFydS1vSHo4aFpVRdIBvwFBVV95cUxOMVFCb2ZxS1ZkeUcyY25ETk9aYlZwYmlIOVJTSGktb1NaNGlrU2ZkQVhkZGg3dFl5QXc0UW4yTk90aHQ4Z09Rd0M4QkFrOHBKckJTNGxCREpsNUVBbzF2ZUFlcmg3bWxyYko1ckdCNVkwVEZJTUVhTjFvdmItaWdpeGN3NGNvcUNGN25RNExJZGhsYUNVQkU2ZWtwaU03TzNpUFk5VkhCTjIxc2JFMy1UMzBvSU0zQmNjS0hDQW5fVQ?oc=5"" target=""_blank"">Skuad Belanda untuk Piala Dunia 2026 Diumumkan, Ada Tijjani Reijnders Berdarah Indonesia</a>&nbsp;&nbsp;<font color=""#6f6f6f"">Kompas.com</font>",https://news.google.com/rss/articles/CBMivwFBVV95cUxPQTFwcHh1ejl6bDAyOWZ0V25VZHNwRmQyMlVudjNxanlhQkpXN3hXVkluYzBFOFdkbzFQS1RCazFURlo3RGhNM1lxY1B3NHFQNG9hdGZJVzhJbFlSS3FjOTlLbTlObk9EMDZ6LURla0tJaHU0MUpjTVJkV040ZWpDUEMtaEs3VXlXZ3g1MUN4anFzczhldTJEemZuc3U0N3J2eFlBRldXMXBFNWpfLVRwX3ZsVlFydS1vSHo4aFpVRdIBvwFBVV95cUxOMVFCb2ZxS1ZkeUcyY25ETk9aYlZwYmlIOVJTSGktb1NaNGlrU2ZkQVhkZGg3dFl5QXc0UW4yTk90aHQ4Z09Rd0M4QkFrOHBKckJTNGxCREpsNUVBbzF2ZUFlcmg3bWxyYko1ckdCNVkwVEZJTUVhTjFvdmItaWdpeGN3NGNvcUNGN25RNExJZGhsYUNVQkU2ZWtwaU03TzNpUFk5VkhCTjIxc2JFMy1UMzBvSU0zQmNjS0hDQW5fVQ?oc=5,2026-05-28 14:00:00,Kompas.com
428,"Aturan Baru FIFA 2026, Wasit Bisa Batalkan Gol Bola Mati ala Liga Inggris - Kompas.com","<a href=""https://news.google.com/rss/articles/CBMixAFBVV95cUxPYURaTC1XbjZWRU1PWnZnOUNHSmQxand6SG53Z1p0Qkplc0pXQmN3dHpmMzFWTVYydXdvdC14UnU5VjB4VmJPS013UU04T1ZoZG5KOUtaNDROdHYtZWhMOGxyZmROaC1EQ1hfVFdSTHFPZGhPUUptZFd3YmxJeHRoNE9oczZzdXBlV1d0MFhyakpwZlByS3E3UXlOR0QtSlV2eVl6cW9MNVVuNXAzbVhMdFlRbHFsV2ZsdVBFbUNvLTdmS2Yz0gHEAUFVX3lxTE0zZHdBZDhtZ19nbHpMUThCLThvSklYOHdMVkVzRWZsVTc0MnNabEg4RmxGS0pPbnF0NFNydkxmLTBvUGdjemFHLWlBaUFUSDFNT3RMdXJEd3lPbmt5N1FSRUJ1aEtmUnB3RzZYQURCX0dIdlVJU0pNSUR6MzNXWGFsVDNpcG1kektyd0xOanprQlZ5Snd6U3Fjd0gyekJtekJTaTNqQkVvU2RfTlpuTXlfYUVua1RTZmNJT2lnbGFKb0xIbmc?oc=5"" target=""_blank"">Aturan Baru FIFA 2026, Wasit Bisa Batalkan Gol Bola Mati ala Liga Inggris</a>&nbsp;&nbsp;<font color=""#6f6f6f"">Kompas.com</font>",https://news.google.com/rss/articles/CBMixAFBVV95cUxPYURaTC1XbjZWRU1PWnZnOUNHSmQxand6SG53Z1p0Qkplc0pXQmN3dHpmMzFWTVYydXdvdC14UnU5VjB4VmJPS013UU04T1ZoZG5KOUtaNDROdHYtZWhMOGxyZmROaC1EQ1hfVFdSTHFPZGhPUUptZFd3YmxJeHRoNE9oczZzdXBlV1d0MFhyakpwZlByS3E3UXlOR0QtSlV2eVl6cW9MNVVuNXAzbVhMdFlRbHFsV2ZsdVBFbUNvLTdmS2Yz0gHEAUFVX3lxTE0zZHdBZDhtZ19nbHpMUThCLThvSklYOHdMVkVzRWZsVTc0MnNabEg4RmxGS0pPbnF0NFNydkxmLTBvUGdjemFHLWlBaUFUSDFNT3RMdXJEd3lPbmt5N1FSRUJ1aEtmUnB3RzZYQURCX0dIdlVJU0pNSUR6MzNXWGFsVDNpcG1kektyd0xOanprQlZ5Snd6U3Fjd0gyekJtekJTaTNqQkVvU2RfTlpuTXlfYUVua1RTZmNJT2lnbGFKb0xIbmc?oc=5,2026-06-02 14:00:00,Kompas.com
429,Generasi Tanpa Loyalitas - Kompas.com,"<a href=""https://news.google.com/rss/articles/CBMikAFBVV95cUxNZkRQUk9wa3lqZElQbzhCTy1wWGZQMlZfVGJMcElVSC15R3JxOFpMQU9wbGdQS3IyaEhiNTA0RjFVSktVaG9OOFZDdmxkTktPblBmMnBCUnVrT3E1Rm9TUDA0UlVnS1pzTE5NUnNrQ2pvZ3ZZSkNCaTNycWswN1U2ZWJ4V2JYb3BLbjQzT1dBclLSAYQBQVVfeXFMTXhuTm1aSF9menczcnZMaGNUQmpXbElnZ0s4LUFfaXNsaE1ORC0tWEIwRFp5TUhUZXI1a3dDelpDSDFuVDZKR25RZDBRVFdTSDVZem1nN0ZIeTFFRjZ5b1ZseUJTUF8ycDlLTnJXLUV4RGpjRU44S3RQMVFfWWxtbUxRUWJF?oc=5"" target=""_blank"">Generasi Tanpa Loyalitas</a>&nbsp;&nbsp;<font color=""#6f6f6f"">Kompas.com</font>",https://news.google.com/rss/articles/CBMikAFBVV95cUxNZkRQUk9wa3lqZElQbzhCTy1wWGZQMlZfVGJMcElVSC15R3JxOFpMQU9wbGdQS3IyaEhiNTA0RjFVSktVaG9OOFZDdmxkTktPblBmMnBCUnVrT3E1Rm9TUDA0UlVnS1pzTE5NUnNrQ2pvZ3ZZSkNCaTNycWswN1U2ZWJ4V2JYb3BLbjQzT1dBclLSAYQBQVVfeXFMTXhuTm1aSF9menczcnZMaGNUQmpXbElnZ0s4LUFfaXNsaE1ORC0tWEIwRFp5TUhUZXI1a3dDelpDSDFuVDZKR25RZDBRVFdTSDVZem1nN0ZIeTFFRjZ5b1ZseUJTUF8ycDlLTnJXLUV4RGpjRU44S3RQMVFfWWxtbUxRUWJF?oc=5,2026-06-01 04:40:00,Kompas.com
430,"Siklon Tropis Jangmi Diprediksi Naik ke Kategori 2, BMKG Ungkap Dampaknya di Sejumlah Wilayah Indonesia - Kompas.com","<a href=""https://news.google.com/rss/articles/CBMiyAFBVV95cUxONENoUEFRb1lUV2pmZ29od3JOX3lwc3p6VkFvT0REZG5mdDVhaUhYb0Zhb2t1WWlnY1k3Q2JKQzE0dEZmd2hnX2hZQzNiT2RpZTRSUDBoT3pUY0gtU3ZIZWNSX0V4VVBLREZIV3FmQ3BaN3JsajRlLTRuZVFqeFREbVJ4V3FVT1dIUGxZRDNtblRiVHg2U0JETS1IQUhtT2R6bG9xOFUyaVplZXRYejVmRXFhNmtmbU00T0NuZmUyTzktMm4xaHlBeNIByAFBVV95cUxNVElJYkk2WHE4S1VyUkJ5YXpDU21Qb1dZS2Zxb3lyc2hVT2MyMEZwTXExZERzRzEzQmJseVE5VWRSdFpLNW5oTGhsR21ZWjRKcGlGWC1tNU4tUThHQ0hjWFhtYWVkVTZheWg5STVpN2pfWHdRemg2ODJtbkVrUWxMR0dBMG1KUXk2b1ZvcFlUMXZZb1d0bnRQWElPdWNHYy04OGhSWWRteWtUV29OX2hvTjU2bUgzZXRxTW5GakVxdTVDTGxwLXFnWQ?oc=5"" target=""_blank"">Siklon Tropis Jangmi Diprediksi Naik ke Kategori 2, BMKG Ungkap Dampaknya di Sejumlah Wilayah Indonesia</a>&nbsp;&nbsp;<font color=""#6f6f6f"">Kompas.com</font>",https://news.google.com/rss/articles/CBMiyAFBVV95cUxONENoUEFRb1lUV2pmZ29od3JOX3lwc3p6VkFvT0REZG5mdDVhaUhYb0Zhb2t1WWlnY1k3Q2JKQzE0dEZmd2hnX2hZQzNiT2RpZTRSUDBoT3pUY0gtU3ZIZWNSX0V4VVBLREZIV3FmQ3BaN3JsajRlLTRuZVFqeFREbVJ4V3FVT1dIUGxZRDNtblRiVHg2U0JETS1IQUhtT2R6bG9xOFUyaVplZXRYejVmRXFhNmtmbU00T0NuZmUyTzktMm4xaHlBeNIByAFBVV95cUxNVElJYkk2WHE4S1VyUkJ5YXpDU21Qb1dZS2Zxb3lyc2hVT2MyMEZwTXExZERzRzEzQmJseVE5VWRSdFpLNW5oTGhsR21ZWjRKcGlGWC1tNU4tUThHQ0hjWFhtYWVkVTZheWg5STVpN2pfWHdRemg2ODJtbkVrUWxMR0dBMG1KUXk2b1ZvcFlUMXZZb1d0bnRQWElPdWNHYy04OGhSWWRteWtUV29OX2hvTjU2bUgzZXRxTW5GakVxdTVDTGxwLXFnWQ?oc=5,2026-05-29 03:00:00,Kompas.com
431,"17 Trik Bersih-bersih Rumah Viral yang Ternyata Benar Efektif, Apa Saja? - Kompas.com","<a href=""https://news.google.com/rss/articles/CBMizwFBVV95cUxQS05lcVNXaWNlTXZTUHhpYWxTSGZkd0haS3FxaGtoa2toNXVMZFhEU1k0Tmw0Nk9fdWI2QmFEZTJsQ19zaGdHTGJkOGdnamxDMmF6b0I5azRrZWxSN3B5emdQNU85Vk1NNmQ1dkhJMENXcUhydDYtUzV4em5qRUFiRTlBVDFpVC1ZQUdnN2FOUGZfcmF1RDJ1STFscnNUNkZaTUhxZTlTeWV5N1Y2ang3NUFuaDJwSVk4UEI3OHYxaEd0NFlOdXlvZDBZWHl1TE3SAcMBQVVfeXFMTWNoUUVNLWt1NzVFUUhvZnU0TjU0OWFLcDdKWWpaNk9rY1JHN3ZUY2dOY1hGQ2dvSXNvTkh6V3FmWkVGMWl2eGlRNVdDb1JfOEUwYk0td0Q4N2hYWTZ2RFZjQkRmbTJEVkNkNmx4dGVZbW1FdjIwU05ZZlBXY0VHTUZCQm11ZnZ0MVU3cTBoRWh3TTlYZzEyMm1KbGtxN3lOTHJqMWlxX3p3MXVnOWRKV0hrbm82TlpGUjdPcmNvNWVhbEtF?oc=5"" target=""_blank"">17 Trik Bersih-bersih Rumah Viral yang Ternyata Benar Efektif, Apa Saja?</a>&nbsp;&nbsp;<font color=""#6f6f6f"">Kompas.com</font>",https://news.google.com/rss/articles/CBMizwFBVV95cUxQS05lcVNXaWNlTXZTUHhpYWxTSGZkd0haS3FxaGtoa2toNXVMZFhEU1k0Tmw0Nk9fdWI2QmFEZTJsQ19zaGdHTGJkOGdnamxDMmF6b0I5azRrZWxSN3B5emdQNU85Vk1NNmQ1dkhJMENXcUhydDYtUzV4em5qRUFiRTlBVDFpVC1ZQUdnN2FOUGZfcmF1RDJ1STFscnNUNkZaTUhxZTlTeWV5N1Y2ang3NUFuaDJwSVk4UEI3OHYxaEd0NFlOdXlvZDBZWHl1TE3SAcMBQVVfeXFMTWNoUUVNLWt1NzVFUUhvZnU0TjU0OWFLcDdKWWpaNk9rY1JHN3ZUY2dOY1hGQ2dvSXNvTkh6V3FmWkVGMWl2eGlRNVdDb1JfOEUwYk0td0Q4N2hYWTZ2RFZjQkRmbTJEVkNkNmx4dGVZbW1FdjIwU05ZZlBXY0VHTUZCQm11ZnZ0MVU3cTBoRWh3TTlYZzEyMm1KbGtxN3lOTHJqMWlxX3p3MXVnOWRKV0hrbm82TlpGUjdPcmNvNWVhbEtF?oc=5,2026-05-29 07:00:00,Kompas.com
432,"45 Poster dan Ucapan Selamat Hari Raya Waisak 2026 untuk Teman, Keluarga, dan Rekan Kerja - Kompas.com","<a href=""https://news.google.com/rss/articles/CBMiyAFBVV95cUxPbUF4Q0owZEtFQTdBZHZDRUwyU2tMaEE0Y2xVaVZJNFBDUXdLZllGbGYyYXloN21Wc3dUQkI3REdoYm1rc3dycWFJSUx2aGRQWWpFUzlUb2FnTDhVSGozb1pMT1NVMU5ERVA1Um4yenVKME1qazFQOFJCdUotenFTbjJPQ1lleXVhYkN3S3lQeFNnVHRCNEo1X2J4TGhjOGdpSkEzczN0MmY4LVpNM0NmZklFWUk4QkpkaGpzd2hGMFpQUVltX29LMNIByAFBVV95cUxNVXJCQm1aa0pqWEJzT25qVG1iZGFkX3lFalVHeHJmM0ZJSVlUTXpJMTBvR1pTZ3oxb1lMMm1jWjl1U0tMWVU2Y1hsR0FBaFhSVGtaMDR5QlhFdk1QVHh6T2FTNTRHb0VPbHV5N29INVU2NGpqX3BYWk5RdUJ0Z0V6RzlnRmZVenB3eUhXZ01nMzVjSDhseHplUVAtdk9DNkFROW1zb1B4dkgwbkVqZFJYcHJHYS01MUgxTzZRSzJCam4xZW00ZGxaZQ?oc=5"" target=""_blank"">45 Poster dan Ucapan Selamat Hari Raya Waisak 2026 untuk Teman, Keluarga, dan Rekan Kerja</a>&nbsp;&nbsp;<font color=""#6f6f6f"">Kompas.com</font>",https://news.google.com/rss/articles/CBMiyAFBVV95cUxPbUF4Q0owZEtFQTdBZHZDRUwyU2tMaEE0Y2xVaVZJNFBDUXdLZllGbGYyYXloN21Wc3dUQkI3REdoYm1rc3dycWFJSUx2aGRQWWpFUzlUb2FnTDhVSGozb1pMT1NVMU5ERVA1Um4yenVKME1qazFQOFJCdUotenFTbjJPQ1lleXVhYkN3S3lQeFNnVHRCNEo1X2J4TGhjOGdpSkEzczN0MmY4LVpNM0NmZklFWUk4QkpkaGpzd2hGMFpQUVltX29LMNIByAFBVV95cUxNVXJCQm1aa0pqWEJzT25qVG1iZGFkX3lFalVHeHJmM0ZJSVlUTXpJMTBvR1pTZ3oxb1lMMm1jWjl1U0tMWVU2Y1hsR0FBaFhSVGtaMDR5QlhFdk1QVHh6T2FTNTRHb0VPbHV5N29INVU2NGpqX3BYWk5RdUJ0Z0V6RzlnRmZVenB3eUhXZ01nMzVjSDhseHplUVAtdk9DNkFROW1zb1B4dkgwbkVqZFJYcHJHYS01MUgxTzZRSzJCam4xZW00ZGxaZQ?oc=5,2026-05-29 14:00:00,Kompas.com
433,"Kuliah atau Langsung Kerja Setelah Lulus SMA, Mana yang Lebih Menguntungkan? - Kompas.com","<a href=""https://news.google.com/rss/articles/CBMi1AFBVV95cUxObVNZVXdMSUxLeFlybUQybHZnR05pSHAyTWowQWxYTHFFcWsyaUEwN2ZJeklkZVV2b3RKUmtuazNJV0tYeU40cTF4UHpIS2diaTFpTGpHRlZJZFJ4QkU0WWlkSGNHRDZVYzNPX21kQk1ONU90SDhPbWFESTVJXzd5dzZfX3J2azlMT1hnNWJ6WlBiZXpVSHFxeWU1b1g2TTgybmxWVFpGbk5teTZRbFdJT0F3RDRCZ2g4NXpIbTB4VzdaYmkxSXcwUGRqYXJRV01Jcjg3TtIByAFBVV95cUxOR2NkckFfcEc3SzFTVFJZbk94dlczZW5XcmZQTkZjdVAwZHNzNjdqYUZqLVMxSUxmZm95eWtpOU1SSEZGNzFiVEZmSGtWSnVsZkNkTEdNbGJtRG0yZXZERWhVNjJmR1BrQ0V4Z0duLTZDWmh2NmRMY1ZZM2JxUFlJalNHYmpyQWhfZ1NUd0VZaDVaYnJobFlaLTdyZmFBQmVqTEVBMndMeERla0NlQzFJUWw5X1pmZmM4WXRkVkhXblRhb1YyaW5DVQ?oc=5"" target=""_blank"">Kuliah atau Langsung Kerja Setelah Lulus SMA, Mana yang Lebih Menguntungkan?</a>&nbsp;&nbsp;<font color=""#6f6f6f"">Kompas.com</font>",https://news.google.com/rss/articles/CBMi1AFBVV95cUxObVNZVXdMSUxLeFlybUQybHZnR05pSHAyTWowQWxYTHFFcWsyaUEwN2ZJeklkZVV2b3RKUmtuazNJV0tYeU40cTF4UHpIS2diaTFpTGpHRlZJZFJ4QkU0WWlkSGNHRDZVYzNPX21kQk1ONU90SDhPbWFESTVJXzd5dzZfX3J2azlMT1hnNWJ6WlBiZXpVSHFxeWU1b1g2TTgybmxWVFpGbk5teTZRbFdJT0F3RDRCZ2g4NXpIbTB4VzdaYmkxSXcwUGRqYXJRV01Jcjg3TtIByAFBVV95cUxOR2NkckFfcEc3SzFTVFJZbk94dlczZW5XcmZQTkZjdVAwZHNzNjdqYUZqLVMxSUxmZm95eWtpOU1SSEZGNzFiVEZmSGtWSnVsZkNkTEdNbGJtRG0yZXZERWhVNjJmR1BrQ0V4Z0duLTZDWmh2NmRMY1ZZM2JxUFlJalNHYmpyQWhfZ1NUd0VZaDVaYnJobFlaLTdyZmFBQmVqTEVBMndMeERla0NlQzFJUWw5X1pmZmM4WXRkVkhXblRhb1YyaW5DVQ?oc=5,2026-06-03 01:30:00,Kompas.com
434,Hamas Pertanyakan Diamnya BoP Saat Netanyahu Targetkan Kuasai 70 Persen Gaza - Kompas.com,"<a href=""https://news.google.com/rss/articles/CBMiwwFBVV95cUxPLTdHVkFYRTRhYmZFa1ZlbW9iQWMxNTd2SmdBWXpFeWVTYmxwUWFJNy0zbXJVRUlNRktjR2dTeHBUVEROYVdkc3pjUGUxX0l6WXA4dnFsdDhLcWpfdlpYdWFfRGNOVmVfNDBENzhTRms3Wk9XOVVrUnpQWEZURmpVdXFCZEJHZlZyNGVDUi1ZTDlaMG5ZSE5KS2ttMkxzN0hIbTQ1dnl4QWRRal9SZUVTWVNaQTdLNy1oeVhHbTVzTkVtLVXSAcMBQVVfeXFMTzVzTjJkUWplejNVdUVHTFhlaFYtRGZzS3ZvTlNvU0xsVWlGMlY4ZW54ZDlkV3N0T1VzNGNkWnlSRGVXaG1uME1VTHRVMUMxLUtkUll5X0tYMEN3N2J6Yk9DZWllZ1ZRRWhCVVB4VmpPZVlQczNoRVFQRzlGcldHM1B2d3U1Mm5SS1p4ZnE0YW9xbHdkeV92d0lwd0gyT0x5cFVQTnpNbkVTOHRCMEpxRGs5SExoaXhzSmVOblAzTmlFVGlF?oc=5"" target=""_blank"">Hamas Pertanyakan Diamnya BoP Saat Netanyahu Targetkan Kuasai 70 Persen Gaza</a>&nbsp;&nbsp;<font color=""#6f6f6f"">Kompas.com</font>",https://news.google.com/rss/articles/CBMiwwFBVV95cUxPLTdHVkFYRTRhYmZFa1ZlbW9iQWMxNTd2SmdBWXpFeWVTYmxwUWFJNy0zbXJVRUlNRktjR2dTeHBUVEROYVdkc3pjUGUxX0l6WXA4dnFsdDhLcWpfdlpYdWFfRGNOVmVfNDBENzhTRms3Wk9XOVVrUnpQWEZURmpVdXFCZEJHZlZyNGVDUi1ZTDlaMG5ZSE5KS2ttMkxzN0hIbTQ1dnl4QWRRal9SZUVTWVNaQTdLNy1oeVhHbTVzTkVtLVXSAcMBQVVfeXFMTzVzTjJkUWplejNVdUVHTFhlaFYtRGZzS3ZvTlNvU0xsVWlGMlY4ZW54ZDlkV3N0T1VzNGNkWnlSRGVXaG1uME1VTHRVMUMxLUtkUll5X0tYMEN3N2J6Yk9DZWllZ1ZRRWhCVVB4VmpPZVlQczNoRVFQRzlGcldHM1B2d3U1Mm5SS1p4ZnE0YW9xbHdkeV92d0lwd0gyT0x5cFVQTnpNbkVTOHRCMEpxRGs5SExoaXhzSmVOblAzTmlFVGlF?oc=5,2026-05-29 22:45:00,Kompas.com
435,"Harga BBM Juni 2026 di Pertamina, Shell, BP, dan Vivo, Mana Termurah? - Kompas.com","<a href=""https://news.google.com/rss/articles/CBMiugFBVV95cUxON0VsRmMxa3AtbHQ0S3J2dURBc3BYUTViMVpTa3ViRWFPQ01aQ1FFTzdlYkhJdUhNVzZIcV9nY3BKVjY3VThaUXRwdXVaTzNXSkQ4d2RnT1Y0LVBGTzVPX0szM1prUkVwcC16c0NPaV9hLThlaG5ZTVQtX3JWYW01ZHZlSG1mOTV5Z1JsYU5wZXBCNXJGNWlJb2FqZkZTOWVKdU5SWUVjdFJObVhjTW83dWhQalZUVzdjbGfSAboBQVVfeXFMT2ctSWpsNE9uSXVVV0dGdUlRUkFKbmVOcm11VDNFRmNlbkE4aXkybmZseXVKekFtRXFUVHduQUE2VzBqREVmeVBIMFVNWUVUeFZHQVlVQndtWFB4cF9ua3B5Ni0xTUxVS2ZZRHNpNDRZUVBobWZwUDAxRmtJRjNRZ19zY3M1TnRMT29zN2ZuYm94VE9qODk4cWZ2RUdfWnhfSW92NGVvNGpMeDV2bFpoNTRwNWdoc0o5eHVn?oc=5"" target=""_blank"">Harga BBM Juni 2026 di Pertamina, Shell, BP, dan Vivo, Mana Termurah?</a>&nbsp;&nbsp;<font color=""#6f6f6f"">Kompas.com</font>",https://news.google.com/rss/articles/CBMiugFBVV95cUxON0VsRmMxa3AtbHQ0S3J2dURBc3BYUTViMVpTa3ViRWFPQ01aQ1FFTzdlYkhJdUhNVzZIcV9nY3BKVjY3VThaUXRwdXVaTzNXSkQ4d2RnT1Y0LVBGTzVPX0szM1prUkVwcC16c0NPaV9hLThlaG5ZTVQtX3JWYW01ZHZlSG1mOTV5Z1JsYU5wZXBCNXJGNWlJb2FqZkZTOWVKdU5SWUVjdFJObVhjTW83dWhQalZUVzdjbGfSAboBQVVfeXFMT2ctSWpsNE9uSXVVV0dGdUlRUkFKbmVOcm11VDNFRmNlbkE4aXkybmZseXVKekFtRXFUVHduQUE2VzBqREVmeVBIMFVNWUVUeFZHQVlVQndtWFB4cF9ua3B5Ni0xTUxVS2ZZRHNpNDRZUVBobWZwUDAxRmtJRjNRZ19zY3M1TnRMT29zN2ZuYm94VE9qODk4cWZ2RUdfWnhfSW92NGVvNGpMeDV2bFpoNTRwNWdoc0o5eHVn?oc=5,2026-06-01 06:45:00,Kompas.com
436,Kenapa Tetap Main Judi Online padahal Sudah Rugi? Dokter Jelaskan Penyebab dan Tanda Kecanduan - Kompas.com,"<a href=""https://news.google.com/rss/articles/CBMixgFBVV95cUxOUUZlM0d1U3NQNGxJTFZwRHJMSjlhNjhLZEpoUGViZE93dXdPbWtPVjNQbU9XQkt2MmhRQkhGak9tOG00ZUUtblJ3SUtzRUdMTUJYSW1qVDZ2T052QnBSZWdPdkJkVUwteTFGN0tQUGhjbGtERDBWb3p2VkR1b1NwX3ltb2VzSjJpdTdJSGlPMFZ0c1JaSHczQmlPWXNaLWNxeTE0MVhlYlI2QU5tMjlNbHZRb2VjVDJIUUl1S0kxM0lhM0YzNmfSAcYBQVVfeXFMTmNWWWdvYTFXcXM0VU5UVlloNlpSVGRSVUhsTTRrVjhGZWY1RXlJR01nNWN5N2w1RUl5UHh2SmwyR3ZabVVqOUlyY0VSZ2VvOGZ3RHJaWkJLT1dJdWJEUmVlazk2bGVyNGlDcmQtTWVEOWpLaDVYYUFmYkpHeERVVEx2U1FyTTRDS3dmTVo0UGRmOTJEUTNFS3d1Y0lBc2tONks1RFpRMm54Q0M0amZLT1JhRXNkTVIxOXZFMUZEUXhWYkQ1V1JB?oc=5"" target=""_blank"">Kenapa Tetap Main Judi Online padahal Sudah Rugi? Dokter Jelaskan Penyebab dan Tanda Kecanduan</a>&nbsp;&nbsp;<font color=""#6f6f6f"">Kompas.com</font>",https://news.google.com/rss/articles/CBMixgFBVV95cUxOUUZlM0d1U3NQNGxJTFZwRHJMSjlhNjhLZEpoUGViZE93dXdPbWtPVjNQbU9XQkt2MmhRQkhGak9tOG00ZUUtblJ3SUtzRUdMTUJYSW1qVDZ2T052QnBSZWdPdkJkVUwteTFGN0tQUGhjbGtERDBWb3p2VkR1b1NwX3ltb2VzSjJpdTdJSGlPMFZ0c1JaSHczQmlPWXNaLWNxeTE0MVhlYlI2QU5tMjlNbHZRb2VjVDJIUUl1S0kxM0lhM0YzNmfSAcYBQVVfeXFMTmNWWWdvYTFXcXM0VU5UVlloNlpSVGRSVUhsTTRrVjhGZWY1RXlJR01nNWN5N2w1RUl5UHh2SmwyR3ZabVVqOUlyY0VSZ2VvOGZ3RHJaWkJLT1dJdWJEUmVlazk2bGVyNGlDcmQtTWVEOWpLaDVYYUFmYkpHeERVVEx2U1FyTTRDS3dmTVo0UGRmOTJEUTNFS3d1Y0lBc2tONks1RFpRMm54Q0M0amZLT1JhRXNkTVIxOXZFMUZEUXhWYkQ1V1JB?oc=5,2026-05-31 00:30:00,Kompas.com
437,"BKN Buka Simulasi CAT Gratis, Tanda Pendaftaran CPNS 2026 Segera Dibuka? - Kompas.com","<a href=""https://news.google.com/rss/articles/CBMiwwFBVV95cUxPYTVFWTFwMW4tSXFHbnlsY3pHQm9KT21BRDNBTEJmNFR5dE03cHJnMV9GWXMzWDZ6M3cwTFoxc2p0cmN1UkQ5QnlSTmhqeGduYlZTanlfRVktREllcUFpUTBBMXR6cm9VV3g4b3VoSV9KcHpkZ2FINm1DXzZJaTNiZ1pEdnZQRlpmUE9kWU96VGVtUkRlZzJQR05fSFBtTWthZDFOQTk0N0RoRXo2Z2JNTkt5RF82WkcwYjE2VElKQ0xLOGvSAcMBQVVfeXFMTnlraHlEQTZDVjhhQ3dRa094WkdKMDlyTzJiUFFBZ3N1a1Bsc0ZpZkM1ajVlVkZ2V1htbHkwbmpDVzRObkgzNHQ2Y0U3a2hISmFyNng2dWpJUGlPVV83UkFqYWMwYXJ2T3A2RkQ4OWJvbXF6NGJ0dGdmenRoUHY3SXF6SjM2TE1XNHVNcFU0YWhNNVBXZEFVT3BCREgxdFYxeGViX0VLcDluaG9IaXBVclJKREU5RnVZUjBJWmRsazVNa1FR?oc=5"" target=""_blank"">BKN Buka Simulasi CAT Gratis, Tanda Pendaftaran CPNS 2026 Segera Dibuka?</a>&nbsp;&nbsp;<font color=""#6f6f6f"">Kompas.com</font>",https://news.google.com/rss/articles/CBMiwwFBVV95cUxPYTVFWTFwMW4tSXFHbnlsY3pHQm9KT21BRDNBTEJmNFR5dE03cHJnMV9GWXMzWDZ6M3cwTFoxc2p0cmN1UkQ5QnlSTmhqeGduYlZTanlfRVktREllcUFpUTBBMXR6cm9VV3g4b3VoSV9KcHpkZ2FINm1DXzZJaTNiZ1pEdnZQRlpmUE9kWU96VGVtUkRlZzJQR05fSFBtTWthZDFOQTk0N0RoRXo2Z2JNTkt5RF82WkcwYjE2VElKQ0xLOGvSAcMBQVVfeXFMTnlraHlEQTZDVjhhQ3dRa094WkdKMDlyTzJiUFFBZ3N1a1Bsc0ZpZkM1ajVlVkZ2V1htbHkwbmpDVzRObkgzNHQ2Y0U3a2hISmFyNng2dWpJUGlPVV83UkFqYWMwYXJ2T3A2RkQ4OWJvbXF6NGJ0dGdmenRoUHY3SXF6SjM2TE1XNHVNcFU0YWhNNVBXZEFVT3BCREgxdFYxeGViX0VLcDluaG9IaXBVclJKREU5RnVZUjBJWmRsazVNa1FR?oc=5,2026-05-31 07:30:00,Kompas.com
438,Wilayah Berpotensi Hujan Lebat dan Angin Kencang pada 1-2 Juni 2026 - Kompas.com,"<a href=""https://news.google.com/rss/articles/CBMivgFBVV95cUxOR2tMQ2lIekhzZjRwTlBJaDY0SVRIU2NnMDNtTl9uVFVSdmQ4WmVFZ1VPUXRlT203YjFIMEtkVHpIekZ4cnlPMmZoZ1pPNDRHNU5ZNTdXY2cxR3Q3VlZsREhPV0UwSS1Cdkw4YmQyRWt3enBycXVVQUVrM0NkRTRKZzhmV3IydTNWUUxHRGZ5MlN5NDFmNXdpWk1RWkZiRVdvRWFid1VTRy1FN253WkpqSDJ1RFBvMDAxNWEtSi1R0gG-AUFVX3lxTE9aZ3VGYTFVRjFHT2tJNm5LdjVsQVVWSFM3S2lVWGxlTC1kb1lndHpIWUtCUGIzaGp3eDA5cU14SzR2YWtsTjZQTjZ4NDNZLW9USWJjckUxalFud3dKYlY4bW11VHE1VmhCcU15a3RBZVJITFRLVEVIVDVlUnhpUDdSdFJjRzlTWmpBRVgtTkVFN0NtdzFGUUZvRE4yeG94MGRBZFgxb3I2WnpXeDNLUGJzN2l3RHNvUEl4UmJ6OFE?oc=5"" target=""_blank"">Wilayah Berpotensi Hujan Lebat dan Angin Kencang pada 1-2 Juni 2026</a>&nbsp;&nbsp;<font color=""#6f6f6f"">Kompas.com</font>",https://news.google.com/rss/articles/CBMivgFBVV95cUxOR2tMQ2lIekhzZjRwTlBJaDY0SVRIU2NnMDNtTl9uVFVSdmQ4WmVFZ1VPUXRlT203YjFIMEtkVHpIekZ4cnlPMmZoZ1pPNDRHNU5ZNTdXY2cxR3Q3VlZsREhPV0UwSS1Cdkw4YmQyRWt3enBycXVVQUVrM0NkRTRKZzhmV3IydTNWUUxHRGZ5MlN5NDFmNXdpWk1RWkZiRVdvRWFid1VTRy1FN253WkpqSDJ1RFBvMDAxNWEtSi1R0gG-AUFVX3lxTE9aZ3VGYTFVRjFHT2tJNm5LdjVsQVVWSFM3S2lVWGxlTC1kb1lndHpIWUtCUGIzaGp3eDA5cU14SzR2YWtsTjZQTjZ4NDNZLW9USWJjckUxalFud3dKYlY4bW11VHE1VmhCcU15a3RBZVJITFRLVEVIVDVlUnhpUDdSdFJjRzlTWmpBRVgtTkVFN0NtdzFGUUZvRE4yeG94MGRBZFgxb3I2WnpXeDNLUGJzN2l3RHNvUEl4UmJ6OFE?oc=5,2026-05-31 23:15:00,Kompas.com
439,"Gaji Ke-13 ASN dan Pensiunan Cair Per 2 Juni 2026, Ini Rincian Komponen yang Dibayarkan - Kompas.com","<a href=""https://news.google.com/rss/articles/CBMi1AFBVV95cUxQWUZDekVxVTY0b2ZfanQ1Q2pYVXI0LWc5VmR4VWFKLWl5U1pBcFMxbEMzaFRhV2lDYnJlWkRKZ05aR000Y0VJS0w2N3lPbVJuVGlSRV9uYWl1SVk5aXZTYjJQeFlaN3g3blNqZHhFTEhnV2RSYWdXLXExYmNKNW5ha1c5Y3R2dVg2aWI0Q05reE9CcmUyVnh4c3EtT2Z2N3RhVjU4NVBra1ZZNC1PUWNHeHdqTzZnZlVMY2YtaEMwUEticHRVcGVoNnNYZzNDbnQ2VlJJVdIByAFBVV95cUxPSmgyU1BGbkFDV0tZRGJZTnhfT0N2dzBpY1gzQjE1U3h1Q0dDeGxXZkhPZEdVdUROcTY4c0NxZTY5SklpbVBBV2VZWUZ4ejVVVWM1cGhheGJTNFJwTU5NeXFYd29PTHFuanZHYzNObEFwNUF6amN0NmVJZDJyYzZGRmhwT0FzM1NpOVJyQXZ1a0FJTXU0aHVjVjlXUFFMRmRwNmNqbmNpRXZ4STE1a1NZbFQyX2NVYkc5bUdjMUEwLXZaNkZ1SjZDVQ?oc=5"" target=""_blank"">Gaji Ke-13 ASN dan Pensiunan Cair Per 2 Juni 2026, Ini Rincian Komponen yang Dibayarkan</a>&nbsp;&nbsp;<font color=""#6f6f6f"">Kompas.com</font>",https://news.google.com/rss/articles/CBMi1AFBVV95cUxQWUZDekVxVTY0b2ZfanQ1Q2pYVXI0LWc5VmR4VWFKLWl5U1pBcFMxbEMzaFRhV2lDYnJlWkRKZ05aR000Y0VJS0w2N3lPbVJuVGlSRV9uYWl1SVk5aXZTYjJQeFlaN3g3blNqZHhFTEhnV2RSYWdXLXExYmNKNW5ha1c5Y3R2dVg2aWI0Q05reE9CcmUyVnh4c3EtT2Z2N3RhVjU4NVBra1ZZNC1PUWNHeHdqTzZnZlVMY2YtaEMwUEticHRVcGVoNnNYZzNDbnQ2VlJJVdIByAFBVV95cUxPSmgyU1BGbkFDV0tZRGJZTnhfT0N2dzBpY1gzQjE1U3h1Q0dDeGxXZkhPZEdVdUROcTY4c0NxZTY5SklpbVBBV2VZWUZ4ejVVVWM1cGhheGJTNFJwTU5NeXFYd29PTHFuanZHYzNObEFwNUF6amN0NmVJZDJyYzZGRmhwT0FzM1NpOVJyQXZ1a0FJTXU0aHVjVjlXUFFMRmRwNmNqbmNpRXZ4STE1a1NZbFQyX2NVYkc5bUdjMUEwLXZaNkZ1SjZDVQ?oc=5,2026-06-01 02:00:00,Kompas.com
440,"Daftar Negara dengan Pekerja Paling Stres di ASEAN 2026, Indonesia Urutan Berapa? - Kompas.com","<a href=""https://news.google.com/rss/articles/CBMi0AFBVV95cUxOWVV6aDBDaGpZX0FSU243OTFieUEteWMzdTB6VHFrV2JaQjUxX2htbmlSckk5T3V5QVN2NHc5cUVSd3JhRDZsalJKTVlySmN4M2NLbXlPYXBBWV9PMVlnR3lvT1V1S09iei11Uy1tZmZTdVBId0ZkNEZzMmUyNVdVTTNDVTcxOS1nMC1XWUVTNTdzWHdSNHlZNEprLV9RcVd0SDVkRDJnZzQwbTJnbXpkOGV4ejNIM2VJb1Q5Nzhpbjkza0hpWnhpVW5iWnNKNTdS0gHEAUFVX3lxTE5HVXFCQ0tkcVdlT2FHNjBrbDNRTWFMVjZONlVCVUo5N1NpUG9sQk9JUFk3VG9yWEZOaXcwTDlTZnlFdXI3Tzl0MWplRXFxMENuekdIUzdScFZ5LWM3cDhJeWxaSGpTR3pMUmFWellCMS1uUUhfTURuV2VIZjh0em1LOEpHdUxJSVNyT0VDZFFXY1JGekh6TVVpazd4T25OeUxwN01ONFNqTV9lem1xMWRYajVXV0RUdDBWSnVnQlNOaWNfTGw?oc=5"" target=""_blank"">Daftar Negara dengan Pekerja Paling Stres di ASEAN 2026, Indonesia Urutan Berapa?</a>&nbsp;&nbsp;<font color=""#6f6f6f"">Kompas.com</font>",https://news.google.com/rss/articles/CBMi0AFBVV95cUxOWVV6aDBDaGpZX0FSU243OTFieUEteWMzdTB6VHFrV2JaQjUxX2htbmlSckk5T3V5QVN2NHc5cUVSd3JhRDZsalJKTVlySmN4M2NLbXlPYXBBWV9PMVlnR3lvT1V1S09iei11Uy1tZmZTdVBId0ZkNEZzMmUyNVdVTTNDVTcxOS1nMC1XWUVTNTdzWHdSNHlZNEprLV9RcVd0SDVkRDJnZzQwbTJnbXpkOGV4ejNIM2VJb1Q5Nzhpbjkza0hpWnhpVW5iWnNKNTdS0gHEAUFVX3lxTE5HVXFCQ0tkcVdlT2FHNjBrbDNRTWFMVjZONlVCVUo5N1NpUG9sQk9JUFk3VG9yWEZOaXcwTDlTZnlFdXI3Tzl0MWplRXFxMENuekdIUzdScFZ5LWM3cDhJeWxaSGpTR3pMUmFWellCMS1uUUhfTURuV2VIZjh0em1LOEpHdUxJSVNyT0VDZFFXY1JGekh6TVVpazd4T25OeUxwN01ONFNqTV9lem1xMWRYajVXV0RUdDBWSnVnQlNOaWNfTGw?oc=5,2026-06-02 14:15:00,Kompas.com
441,"Arab Saudi Kecam Serangan Israel ke Lebanon, Desak Komunitas Internasional Bertindak - Kompas.com","<a href=""https://news.google.com/rss/articles/CBMixgFBVV95cUxOYVJQbFNCWWxyM2NwMnZuMXhoMHgwRVhRQnNJWVZrTjZvWjVDTTFzZDhsQ042N3NvWEFneThrYUJYd1MtamdBVXlCMVYwbUFhRWlabGh1SzhEdkhWX1d3T191dVhXNzUwWjQtMW9xeFl6MFctakNLS29QR2dnM0RFQ291a0dmcnRYb2JJR3hqRFpULUhLYTFuamFPeTItU05FLUNUTy1iU0dSbGtNcTlnZ1hwbl9RMEdsWnlXc0lsZEtZYkdDalHSAcYBQVVfeXFMT1Uyb0R1cWc5MC1FeGoxMS1qTk1vcnZqSUs3ajdHSW5QdGhaNG5aeXZ1VFh0dk1yTFMxNnJlcUZXUVVseEFEN2x3TFBrNGZHTGZNMVByMGZ5c0lTRXFpYXhCdjl3TkxCTkwwTERzNE9jTVF4YVN5VmVURTZJTHdkRWNiVENRS2RSbjQ0VDhmQzNQU1l4YWpoYWZLSDREOUpzMmNIcWk1RHUtcjBRaUtiNVlsdWpSd1pBTEt3TDJzNG12d3h6N3ln?oc=5"" target=""_blank"">Arab Saudi Kecam Serangan Israel ke Lebanon, Desak Komunitas Internasional Bertindak</a>&nbsp;&nbsp;<font color=""#6f6f6f"">Kompas.com</font>",https://news.google.com/rss/articles/CBMixgFBVV95cUxOYVJQbFNCWWxyM2NwMnZuMXhoMHgwRVhRQnNJWVZrTjZvWjVDTTFzZDhsQ042N3NvWEFneThrYUJYd1MtamdBVXlCMVYwbUFhRWlabGh1SzhEdkhWX1d3T191dVhXNzUwWjQtMW9xeFl6MFctakNLS29QR2dnM0RFQ291a0dmcnRYb2JJR3hqRFpULUhLYTFuamFPeTItU05FLUNUTy1iU0dSbGtNcTlnZ1hwbl9RMEdsWnlXc0lsZEtZYkdDalHSAcYBQVVfeXFMT1Uyb0R1cWc5MC1FeGoxMS1qTk1vcnZqSUs3ajdHSW5QdGhaNG5aeXZ1VFh0dk1yTFMxNnJlcUZXUVVseEFEN2x3TFBrNGZHTGZNMVByMGZ5c0lTRXFpYXhCdjl3TkxCTkwwTERzNE9jTVF4YVN5VmVURTZJTHdkRWNiVENRS2RSbjQ0VDhmQzNQU1l4YWpoYWZLSDREOUpzMmNIcWk1RHUtcjBRaUtiNVlsdWpSd1pBTEt3TDJzNG12d3h6N3ln?oc=5,2026-06-02 01:51:00,Kompas.com
442,2 Kelompok ASN yang Tak Akan Ditransfer Gaji Ke-13 Per 2 Juni 2026 - Kompas.com,"<a href=""https://news.google.com/rss/articles/CBMiyAFBVV95cUxOSzlLTUY5blJ1cDA4SVk5V2loSUR4RGFTTWdfZ1NwUGNlZV83cEdlZEEyaVl0UEUyb21nT2tteWRzcERuRFp1bWpOZ2pxZmN5V2xyb21oaGVvQjAwYUZidGFxcG9KZWRBLUpGeTZWOV9WME03TjFndXJSUGNFcEx4RlNhOXp5eDlaejhacThlM2FnaFJuci1HdThRV3RueFY3MnpMdjJOZWpPamJtdllEdlRWU0hnOGRfZE8weEx4VmhkcWNJRWhpbdIBvAFBVV95cUxQNlE4d0ZCd0NlSlFBMEJXMldWeEhSSHJqMTMtaWdhd0JkWTJRcXVnZW1vRVBoT1dUd1FiYjVYZXJxUXRGejVfTHlVVWVRUW5FNGlWVlN1ZFdfdWdGS3AtTHBWT1JqNTduUjBNQkFqQnpWLS0xclItOFBJQU1CcWliVVRtLUhpU0xsazBIWWtueUdVZkRpaWdoMlA1OUhtQVVMUzRfMzJzbVlGZFA5dDhBZ1ZVWGUyTndrZHAySA?oc=5"" target=""_blank"">2 Kelompok ASN yang Tak Akan Ditransfer Gaji Ke-13 Per 2 Juni 2026</a>&nbsp;&nbsp;<font color=""#6f6f6f"">Kompas.com</font>",https://news.google.com/rss/articles/CBMiyAFBVV95cUxOSzlLTUY5blJ1cDA4SVk5V2loSUR4RGFTTWdfZ1NwUGNlZV83cEdlZEEyaVl0UEUyb21nT2tteWRzcERuRFp1bWpOZ2pxZmN5V2xyb21oaGVvQjAwYUZidGFxcG9KZWRBLUpGeTZWOV9WME03TjFndXJSUGNFcEx4RlNhOXp5eDlaejhacThlM2FnaFJuci1HdThRV3RueFY3MnpMdjJOZWpPamJtdllEdlRWU0hnOGRfZE8weEx4VmhkcWNJRWhpbdIBvAFBVV95cUxQNlE4d0ZCd0NlSlFBMEJXMldWeEhSSHJqMTMtaWdhd0JkWTJRcXVnZW1vRVBoT1dUd1FiYjVYZXJxUXRGejVfTHlVVWVRUW5FNGlWVlN1ZFdfdWdGS3AtTHBWT1JqNTduUjBNQkFqQnpWLS0xclItOFBJQU1CcWliVVRtLUhpU0xsazBIWWtueUdVZkRpaWdoMlA1OUhtQVVMUzRfMzJzbVlGZFA5dDhBZ1ZVWGUyTndrZHAySA?oc=5,2026-06-01 09:00:00,Kompas.com
443,"15 Orang Terkaya di Indonesia Versi Forbes Akhir Mei 2026, Siapa Saja? - Kompas.com","<a href=""https://news.google.com/rss/articles/CBMiwAFBVV95cUxNTUVVZnFOTDEyQUFEdU5HU2ZHQVRiMlNUMWhENEVPN2hoeGg5d1BDekV4T0RDRjlFZF9zd19MVzlGSlVuUFY0T2JpUnM0NmRoeDlpQlNVdHlQNnRCVjY5dUthMmNzcGNpVHExTzRjeHczY1NibkowdDR4cldGQ2g4WUxPSGpMZGt1aGJSekI5OFlkWnpJOWNqMXdQNHBLMEprUDVkZ0lpYTdFX24yNzVqVFBqbFVTY1JfekJsa0V5MnbSAcABQVVfeXFMTlBUdzVTV0R0ZTNXNWF2Y3N2LWI0WDNsd0JYRXNXLUw1Z3FBd0lHR1V5UWU4SnQ2cG9uZkNSUTlvSWZfWHRVZ1k4UXMwblE5a0gwNEJNa1lhSVpaeFJwMFBzSFlENTlaRUpIdmlUU0xkWUNFTDZwTDllZmZUVzV4amZiSWFaeEVqZ1NDT3ExTHlEeFVTYW1KNDNxN3RLYVlzaXRXQkNkdEVldHpWVG1XaUprUU53ZUpOMlFzRWVJS0JL?oc=5"" target=""_blank"">15 Orang Terkaya di Indonesia Versi Forbes Akhir Mei 2026, Siapa Saja?</a>&nbsp;&nbsp;<font color=""#6f6f6f"">Kompas.com</font>",https://news.google.com/rss/articles/CBMiwAFBVV95cUxNTUVVZnFOTDEyQUFEdU5HU2ZHQVRiMlNUMWhENEVPN2hoeGg5d1BDekV4T0RDRjlFZF9zd19MVzlGSlVuUFY0T2JpUnM0NmRoeDlpQlNVdHlQNnRCVjY5dUthMmNzcGNpVHExTzRjeHczY1NibkowdDR4cldGQ2g4WUxPSGpMZGt1aGJSekI5OFlkWnpJOWNqMXdQNHBLMEprUDVkZ0lpYTdFX24yNzVqVFBqbFVTY1JfekJsa0V5MnbSAcABQVVfeXFMTlBUdzVTV0R0ZTNXNWF2Y3N2LWI0WDNsd0JYRXNXLUw1Z3FBd0lHR1V5UWU4SnQ2cG9uZkNSUTlvSWZfWHRVZ1k4UXMwblE5a0gwNEJNa1lhSVpaeFJwMFBzSFlENTlaRUpIdmlUU0xkWUNFTDZwTDllZmZUVzV4amZiSWFaeEVqZ1NDT3ExTHlEeFVTYW1KNDNxN3RLYVlzaXRXQkNkdEVldHpWVG1XaUprUU53ZUpOMlFzRWVJS0JL?oc=5,2026-05-29 12:30:00,Kompas.com
444,"Tarif Listrik Juni 2026 Telah Ditetapkan, Ini Rinciannya untuk Rumah Tangga hingga Bisnis - Kompas.com","<a href=""https://news.google.com/rss/articles/CBMixwFBVV95cUxOSlhfbHIzbFNRUFF2eUFDbHI1T3VkTXhwaHdYdl9yV0JORjZmSWI3UzFpRm02eW5pYzFUUzctYW1QZUFySXZKRUFfMk1Ca19IVWNqaVpna0YzZFp6YjFlN3FVRXFBMlBXU2dZTzdxRUtnbllxV2dSajJOblJDbGxPMHdZeUYxdUZpckZoS1BqY2w3MzBpdmt0NGFQZ2RmQlZrRHpKOTlUdnhrTXd6dlNRNGFQNzN0NVhWOW42RXpQTnphYU80LVJr0gHHAUFVX3lxTFBoMFBzdEtLMTUtSXJ2ckxrT2hvZVJjRWVNWEFNaWZRVVVnai1kaGVMbVMwU1VEWFRDM2ZMeFNCUDhVbDBZTnpmR2paNXpvYnJldU5MT3VreFBKeXZXV3Z1VXJlY0pUT25FSmhGMk55amIyRWc4Q3JLVUNQQ211NHFCY09yWTdsQndWSmxfTlFuSzRQVHBxSE5XcWg2NjJ1aHhWUi02U0RzbE9EUzdCaVZEX3ZUNlJUMll2M3l6QTUzSmhxZnZyRlk?oc=5"" target=""_blank"">Tarif Listrik Juni 2026 Telah Ditetapkan, Ini Rinciannya untuk Rumah Tangga hingga Bisnis</a>&nbsp;&nbsp;<font color=""#6f6f6f"">Kompas.com</font>",https://news.google.com/rss/articles/CBMixwFBVV95cUxOSlhfbHIzbFNRUFF2eUFDbHI1T3VkTXhwaHdYdl9yV0JORjZmSWI3UzFpRm02eW5pYzFUUzctYW1QZUFySXZKRUFfMk1Ca19IVWNqaVpna0YzZFp6YjFlN3FVRXFBMlBXU2dZTzdxRUtnbllxV2dSajJOblJDbGxPMHdZeUYxdUZpckZoS1BqY2w3MzBpdmt0NGFQZ2RmQlZrRHpKOTlUdnhrTXd6dlNRNGFQNzN0NVhWOW42RXpQTnphYU80LVJr0gHHAUFVX3lxTFBoMFBzdEtLMTUtSXJ2ckxrT2hvZVJjRWVNWEFNaWZRVVVnai1kaGVMbVMwU1VEWFRDM2ZMeFNCUDhVbDBZTnpmR2paNXpvYnJldU5MT3VreFBKeXZXV3Z1VXJlY0pUT25FSmhGMk55amIyRWc4Q3JLVUNQQ211NHFCY09yWTdsQndWSmxfTlFuSzRQVHBxSE5XcWg2NjJ1aHhWUi02U0RzbE9EUzdCaVZEX3ZUNlJUMll2M3l6QTUzSmhxZnZyRlk?oc=5,2026-05-30 08:00:00,Kompas.com
445,"50 Negara Wisata Dunia Terbaik untuk Liburan Musim Panas Versi TTW, Indonesia Masuk Daftar - Kompas.com","<a href=""https://news.google.com/rss/articles/CBMixwFBVV95cUxPN0ZHQ3FCQlFWRnFmUFpNNXBiUlUzVVFlWHVfQlNrMlVnZTR1ZWl4RnlmN0wwalo1MUhiQ2c1eHAwQnRVUEw3Z2xOeHhPcGdTbnRjTVBMSFU0RFlyMkxnVVFnbnYweHB4NmVwR2JrVEhUVU02bnJ4YXBpa1FiYmxmdDYzb3RhVzB5LU9aVkxDY054aUdxc3pOaWlzQ0ZMa2VKZkVXMWRPZmx2aWZWbFlWN2NISkRvNUpLSGdFckYwZWZIRC1KVDFF?oc=5"" target=""_blank"">50 Negara Wisata Dunia Terbaik untuk Liburan Musim Panas Versi TTW, Indonesia Masuk Daftar</a>&nbsp;&nbsp;<font color=""#6f6f6f"">Kompas.com</font>",https://news.google.com/rss/articles/CBMixwFBVV95cUxPN0ZHQ3FCQlFWRnFmUFpNNXBiUlUzVVFlWHVfQlNrMlVnZTR1ZWl4RnlmN0wwalo1MUhiQ2c1eHAwQnRVUEw3Z2xOeHhPcGdTbnRjTVBMSFU0RFlyMkxnVVFnbnYweHB4NmVwR2JrVEhUVU02bnJ4YXBpa1FiYmxmdDYzb3RhVzB5LU9aVkxDY054aUdxc3pOaWlzQ0ZMa2VKZkVXMWRPZmx2aWZWbFlWN2NISkRvNUpLSGdFckYwZWZIRC1KVDFF?oc=5,2026-06-02 09:00:00,Kompas.com
446,"Jatuh dari Ketinggian 500 Meter di Gunung Pyrenees, Seorang Pendaki Inggris Tewas - Kompas.com","<a href=""https://news.google.com/rss/articles/CBMixwFBVV95cUxOVXpPcWVHVlQtUFR2OEZXcGVyXzBJRDNEb3dfcEtKNHZGZDFtNS1RbzduVHBOcWtDWXFzTEFyMU9PamRkdDhVUkt4OVRKcVl2MGRkcE4yOWxlLVQ2MU5OQUJkdVJXa0poZWMxOENoVkc0b3ZIUzE5QllMemM5WVdMaTlQallqV2VabDN2eGR5T25zMHI0dG5qNFl0bVlSN0dFR2lFZmNKWFFZSW1xWVJjOUhfLVZaTDBvWDNyM3lxamZIRVY0WG800gHHAUFVX3lxTE13VkhwVTFQckNBLUpIbW8zZ01RLVZKejNpcUVvbENTUXdBRkgzUUVtemNRaFNWYi1OWkJtUTZyWEFCVGZNYzRaWXcyazUwS0xZd25BNHd4YjNaS2ZjaHQ2QmMwWWhnSm44ZXNGbnlRdHlBNTVCRjNGYUZyYzlEeUM4Y0tuWTRRdHByV1BKNXM0cTBBME96QzF1NUlTYVl1Zl9DUlR3T0RjeThYVWhiZW5CV1EydEE0VUZkWVIzYnh0cGxxOGc2NW8?oc=5"" target=""_blank"">Jatuh dari Ketinggian 500 Meter di Gunung Pyrenees, Seorang Pendaki Inggris Tewas</a>&nbsp;&nbsp;<font color=""#6f6f6f"">Kompas.com</font>",https://news.google.com/rss/articles/CBMixwFBVV95cUxOVXpPcWVHVlQtUFR2OEZXcGVyXzBJRDNEb3dfcEtKNHZGZDFtNS1RbzduVHBOcWtDWXFzTEFyMU9PamRkdDhVUkt4OVRKcVl2MGRkcE4yOWxlLVQ2MU5OQUJkdVJXa0poZWMxOENoVkc0b3ZIUzE5QllMemM5WVdMaTlQallqV2VabDN2eGR5T25zMHI0dG5qNFl0bVlSN0dFR2lFZmNKWFFZSW1xWVJjOUhfLVZaTDBvWDNyM3lxamZIRVY0WG800gHHAUFVX3lxTE13VkhwVTFQckNBLUpIbW8zZ01RLVZKejNpcUVvbENTUXdBRkgzUUVtemNRaFNWYi1OWkJtUTZyWEFCVGZNYzRaWXcyazUwS0xZd25BNHd4YjNaS2ZjaHQ2QmMwWWhnSm44ZXNGbnlRdHlBNTVCRjNGYUZyYzlEeUM4Y0tuWTRRdHByV1BKNXM0cTBBME96QzF1NUlTYVl1Zl9DUlR3T0RjeThYVWhiZW5CV1EydEE0VUZkWVIzYnh0cGxxOGc2NW8?oc=5,2026-06-02 09:30:00,Kompas.com
447,Kapan Jalan Lenteng Agung Bisa Dilalui Lagi? Ini Penjelasan SDA Jaksel - Kompas.com,"<a href=""https://news.google.com/rss/articles/CBMiwAFBVV95cUxQWTZXb1M5ZTRaaE9QMVBQMTFNWm8wM1BwR3pjMUxaeG9wd1Q5akppZlVkUXFEREtFcFcxMDNpZGdJODJOdm03YXc4VTRhSVdlS1ZvcmtCQmxxSEhkbkRTSlFicDBMd2xPdVJJUDhMaE9TNTZqd2hLWlpNTFpLY3AwbU9TeUV5UnVPeV96N3htdFU5M2FtZk92UVZPaG82Uk9ZQ2xxaDlCbE15UFQyRW81VmlpdGlqdVdZY0ZYVkRfZE7SAcABQVVfeXFMT0FUVXRGV0pWN0VBQVRKYk5NN1FEdkJpams2MnhXQjZ4ZXhIc3VnYmpmUE5TQnEzTW4wOXlUbUhkdTNNNmtIMGcwVjJ0ZElCdzA3NkRnRkxqU3Y4VHVKWEx4RFdMV2ZQaFJpX0JqZHVzU1M5Tl82MXQ2Sm5mdS1xMWdITEFNZ3dpVnhPRDdGTm90Z0V2YTktWkY1akJMN2hGcUlEOVh1RjJpeUZIYUs5dkZUTTAyTVc0YzlyU0gzTkdp?oc=5"" target=""_blank"">Kapan Jalan Lenteng Agung Bisa Dilalui Lagi? Ini Penjelasan SDA Jaksel</a>&nbsp;&nbsp;<font color=""#6f6f6f"">Kompas.com</font>",https://news.google.com/rss/articles/CBMiwAFBVV95cUxQWTZXb1M5ZTRaaE9QMVBQMTFNWm8wM1BwR3pjMUxaeG9wd1Q5akppZlVkUXFEREtFcFcxMDNpZGdJODJOdm03YXc4VTRhSVdlS1ZvcmtCQmxxSEhkbkRTSlFicDBMd2xPdVJJUDhMaE9TNTZqd2hLWlpNTFpLY3AwbU9TeUV5UnVPeV96N3htdFU5M2FtZk92UVZPaG82Uk9ZQ2xxaDlCbE15UFQyRW81VmlpdGlqdVdZY0ZYVkRfZE7SAcABQVVfeXFMT0FUVXRGV0pWN0VBQVRKYk5NN1FEdkJpams2MnhXQjZ4ZXhIc3VnYmpmUE5TQnEzTW4wOXlUbUhkdTNNNmtIMGcwVjJ0ZElCdzA3NkRnRkxqU3Y4VHVKWEx4RFdMV2ZQaFJpX0JqZHVzU1M5Tl82MXQ2Sm5mdS1xMWdITEFNZ3dpVnhPRDdGTm90Z0V2YTktWkY1akJMN2hGcUlEOVh1RjJpeUZIYUs5dkZUTTAyTVc0YzlyU0gzTkdp?oc=5,2026-05-29 13:45:00,Kompas.com
448,Cara Arab Saudi Lacak Jemaah Haji yang Hilang hingga Dirawat di Rumah Sakit - Kompas.com,"<a href=""https://news.google.com/rss/articles/CBMiyAFBVV95cUxPY0tkRDNPaENnQ25rXzBYb2QtZUpHaXpjVDZHUGNyNEY2SDhxbUVJQmpiR0V3NXdtT2lKYmlBd0FSNWlTM0ZHeGNZbkZWZml0NE4tQThDSzB2dE5nQ2hLX3k0eGRXZUZuOXhkSVFua0RGcjUwdjJ0N3VxUFBmRFFtTldIWFVNVFR3SXNUbFdIMUprRHZwTlJ5VEhfZ2VseUlJYWNIb1A0QTdFRUFPMlVfbXdiQlJjSlp3a0RsemhRbm96OGZMM3hzd9IByAFBVV95cUxNejhjNjdnT3RjOU91MjY3RkhuYzFpQm1xMnQzR2VDTWh3Q0RrTC1QM2dnT1FjU2trUTRUUlVPeXlFbC1pblR0Y2tSaVpTaDlwT2ppb1B6SS00Ni1jNjExSHl1TFRwOXpzT1p6T0lJU1p6OWs4LXhDeklua2pILTlWRklZaHBMWGZ3Ym0zZzE5cVdlZzAtbVRWTFJNUzVpa0w2cjFzaVZoZ2RpRnlheHFVNXpnazk5YWp5YWFIMzZKTlNYSkZPRGRabw?oc=5"" target=""_blank"">Cara Arab Saudi Lacak Jemaah Haji yang Hilang hingga Dirawat di Rumah Sakit</a>&nbsp;&nbsp;<font color=""#6f6f6f"">Kompas.com</font>",https://news.google.com/rss/articles/CBMiyAFBVV95cUxPY0tkRDNPaENnQ25rXzBYb2QtZUpHaXpjVDZHUGNyNEY2SDhxbUVJQmpiR0V3NXdtT2lKYmlBd0FSNWlTM0ZHeGNZbkZWZml0NE4tQThDSzB2dE5nQ2hLX3k0eGRXZUZuOXhkSVFua0RGcjUwdjJ0N3VxUFBmRFFtTldIWFVNVFR3SXNUbFdIMUprRHZwTlJ5VEhfZ2VseUlJYWNIb1A0QTdFRUFPMlVfbXdiQlJjSlp3a0RsemhRbm96OGZMM3hzd9IByAFBVV95cUxNejhjNjdnT3RjOU91MjY3RkhuYzFpQm1xMnQzR2VDTWh3Q0RrTC1QM2dnT1FjU2trUTRUUlVPeXlFbC1pblR0Y2tSaVpTaDlwT2ppb1B6SS00Ni1jNjExSHl1TFRwOXpzT1p6T0lJU1p6OWs4LXhDeklua2pILTlWRklZaHBMWGZ3Ym0zZzE5cVdlZzAtbVRWTFJNUzVpa0w2cjFzaVZoZ2RpRnlheHFVNXpnazk5YWp5YWFIMzZKTlNYSkZPRGRabw?oc=5,2026-05-29 10:30:00,Kompas.com
449,"Presiden Rombak Jajaran Petinggi BGN, Siapa Saja yang Dicopot dan Kini Menjabat? - Kompas.com","<a href=""https://news.google.com/rss/articles/CBMiwAFBVV95cUxQa2N4TDZZWWctaTR0Z092OTlLMkRwUmUxa1lYWVI5Z1RncXl2RjkyLXZUbExmaXpwVGNJcFBEckRYODN0N2ktVVBzMk50U1RWVWNNNlJuN1NXTXhlQTBVc29PWTFKMEdGYm1jRHZCSkp1WkFXUEpFa3M4UEVjaVNxVUtGVDRfWE9OR05hSzdORTQxM3BNN1kySmFJUFRUcHl6M0pYOVQ1RjZreXNOR0l0cktEVE9mRFBnSFA1QXhhTEfSAcABQVVfeXFMUEhHd0Fic21PNEM3R1NzUTBDcGZCVzlLNExoRFRBS2xOYlBFd2dUMGpyUEpNNlBPa0N3c3FBc3pkemNIVzFaNmJBTUJHZDl1UUJuNTNmNEZUbF9OaXh2MTB1VktvMWhDZjhJSGVZU0lpUG1YMU5kMlFYaF9QclBrb243SDV0VGxwdWRoVlVXWU5mR2dDd3ZFMDJLMWZnSllnR2JNQVV0cFZwZnRLaklfZTlRZUJhM0hBSlBVeWs2OTNf?oc=5"" target=""_blank"">Presiden Rombak Jajaran Petinggi BGN, Siapa Saja yang Dicopot dan Kini Menjabat?</a>&nbsp;&nbsp;<font color=""#6f6f6f"">Kompas.com</font>",https://news.google.com/rss/articles/CBMiwAFBVV95cUxQa2N4TDZZWWctaTR0Z092OTlLMkRwUmUxa1lYWVI5Z1RncXl2RjkyLXZUbExmaXpwVGNJcFBEckRYODN0N2ktVVBzMk50U1RWVWNNNlJuN1NXTXhlQTBVc29PWTFKMEdGYm1jRHZCSkp1WkFXUEpFa3M4UEVjaVNxVUtGVDRfWE9OR05hSzdORTQxM3BNN1kySmFJUFRUcHl6M0pYOVQ1RjZreXNOR0l0cktEVE9mRFBnSFA1QXhhTEfSAcABQVVfeXFMUEhHd0Fic21PNEM3R1NzUTBDcGZCVzlLNExoRFRBS2xOYlBFd2dUMGpyUEpNNlBPa0N3c3FBc3pkemNIVzFaNmJBTUJHZDl1UUJuNTNmNEZUbF9OaXh2MTB1VktvMWhDZjhJSGVZU0lpUG1YMU5kMlFYaF9QclBrb243SDV0VGxwdWRoVlVXWU5mR2dDd3ZFMDJLMWZnSllnR2JNQVV0cFZwZnRLaklfZTlRZUJhM0hBSlBVeWs2OTNf?oc=5,2026-06-02 23:15:00,Kompas.com
450,Bekal Pengalaman: Ini Bengkel Khusus Motor Listrik di Bogor - Kompas.com,"<a href=""https://news.google.com/rss/articles/CBMiswFBVV95cUxOTnJpZEoxNW1RdUlvbTdLd01nVXZmV2VZNDhpYlVLTEt0TjJQbGoyTjh0NFZxV2xadExweGw4N3BUaTNXMUlLM3B4SkU5QmRwUDEtMUdpMFpKdTE4QXRjNVh3RkF2bGdBQXZQbFA3dDJFQ19xMWVXTjVNUGh4QjZLSHdqVmhZMk1tRi1RdjZjVFpOR1BucHo2cFZYODFSWlRyVnpocG1lZFhQZTJXTkZUbnhFcw?oc=5"" target=""_blank"">Bekal Pengalaman: Ini Bengkel Khusus Motor Listrik di Bogor</a>&nbsp;&nbsp;<font color=""#6f6f6f"">Kompas.com</font>",https://news.google.com/rss/articles/CBMiswFBVV95cUxOTnJpZEoxNW1RdUlvbTdLd01nVXZmV2VZNDhpYlVLTEt0TjJQbGoyTjh0NFZxV2xadExweGw4N3BUaTNXMUlLM3B4SkU5QmRwUDEtMUdpMFpKdTE4QXRjNVh3RkF2bGdBQXZQbFA3dDJFQ19xMWVXTjVNUGh4QjZLSHdqVmhZMk1tRi1RdjZjVFpOR1BucHo2cFZYODFSWlRyVnpocG1lZFhQZTJXTkZUbnhFcw?oc=5,2026-06-03 08:01:00,Kompas.com
451,"Resmi, Ini Daftar Harga BBM Diesel di SPBU Pertamina, BP, Shell, dan Vivo Terbaru - Kompas.com","<a href=""https://news.google.com/rss/articles/CBMiwAFBVV95cUxQR01tVVA1RWdOWEtkTEx2dFlzS05obGtZNTQ1T3BWYVgwQTgyc29oWVAwdC1rVEI0eFNNNnZ2MzJ2emF2MW5kWE1FRFZlZmxoRFoxNWI3dkNlQXhwUnhJaTZ3TG9mMUJnTUJOcEFWemFKUkFtN1JjWHVDS19oeFIyWTZWMzVZU2ZMWC1aaW1oZ21pWlpRRl9lQUVkdkJZMi02YWZQVzc0VG9Db2s1bTUtVlBOUmNnb3RlSjFyMm1MZS3SAcABQVVfeXFMUEE1MVEwZVBiOC1fbE1RSUFheG95eU5LOXZCRURWV1ZLRE1zQ1Yzc1l2SmJmS0ltUFpoYjZiVWFMVDRLbmtyMTVBRFhUbmFCTF9qWFY3OTE0NXJPaFFrTmg5RXZrMmZ1eC0xeVRCbXNjakxnVHdvSEluRVRGUlNOYV9kanUtbTBSOUpheU92SWVvRVlkNk50Z0VxdURUM2hsVjI3Yy1LTlpxS3JYLV82b0hORW4yS3NQZzZqUnhwV1Ns?oc=5"" target=""_blank"">Resmi, Ini Daftar Harga BBM Diesel di SPBU Pertamina, BP, Shell, dan Vivo Terbaru</a>&nbsp;&nbsp;<font color=""#6f6f6f"">Kompas.com</font>",https://news.google.com/rss/articles/CBMiwAFBVV95cUxQR01tVVA1RWdOWEtkTEx2dFlzS05obGtZNTQ1T3BWYVgwQTgyc29oWVAwdC1rVEI0eFNNNnZ2MzJ2emF2MW5kWE1FRFZlZmxoRFoxNWI3dkNlQXhwUnhJaTZ3TG9mMUJnTUJOcEFWemFKUkFtN1JjWHVDS19oeFIyWTZWMzVZU2ZMWC1aaW1oZ21pWlpRRl9lQUVkdkJZMi02YWZQVzc0VG9Db2s1bTUtVlBOUmNnb3RlSjFyMm1MZS3SAcABQVVfeXFMUEE1MVEwZVBiOC1fbE1RSUFheG95eU5LOXZCRURWV1ZLRE1zQ1Yzc1l2SmJmS0ltUFpoYjZiVWFMVDRLbmtyMTVBRFhUbmFCTF9qWFY3OTE0NXJPaFFrTmg5RXZrMmZ1eC0xeVRCbXNjakxnVHdvSEluRVRGUlNOYV9kanUtbTBSOUpheU92SWVvRVlkNk50Z0VxdURUM2hsVjI3Yy1LTlpxS3JYLV82b0hORW4yS3NQZzZqUnhwV1Ns?oc=5,2026-06-03 11:15:00,Kompas.com
452,"Daftar Tanggal Merah Juni 2026, Ada 2 Jadwal Long Weekend - Kompas.com","<a href=""https://news.google.com/rss/articles/CBMirwFBVV95cUxNN3I0RFpmOXlQOENUeENvWTNPNzlTRDZ1andZU2FJMG93eC1hTEVvNTF1ck5vQTNmeGpaUjNKT0RwTG1hSFFIRnd6UkZVTmU3eF9kTndWY1JrdldMb2VzeE9iazdIcUI0RGpwamxOU0FlT21lUEczSjNaVnM4WmhYLWVwVm9YS21HX2dHalZuX09aakY0Y2NiN2hZdURGZC1IVXIyNjI2cUtzblluNlJz0gGvAUFVX3lxTE0tSTZTejRKZDYwRXZKN3pkSlZLYTlicHNuUHhORy1aeDNUbHVwV0dMeS1rNTlBOGFURHdQYVNaSU85LXFnSjR2TEF6U0VZUVViSDgtSG1IM0Q1X2lZOGFBRnJYVjcyMzBqWHJZYXMzbUFfQy1tR0plOHdUV1BnY1JvVXM0ZTFidVFHTjM1VEJaaFVnLTVLRlVULVpVTG40WUpZbF80Vmo4UlFfVXNfS28?oc=5"" target=""_blank"">Daftar Tanggal Merah Juni 2026, Ada 2 Jadwal Long Weekend</a>&nbsp;&nbsp;<font color=""#6f6f6f"">Kompas.com</font>",https://news.google.com/rss/articles/CBMirwFBVV95cUxNN3I0RFpmOXlQOENUeENvWTNPNzlTRDZ1andZU2FJMG93eC1hTEVvNTF1ck5vQTNmeGpaUjNKT0RwTG1hSFFIRnd6UkZVTmU3eF9kTndWY1JrdldMb2VzeE9iazdIcUI0RGpwamxOU0FlT21lUEczSjNaVnM4WmhYLWVwVm9YS21HX2dHalZuX09aakY0Y2NiN2hZdURGZC1IVXIyNjI2cUtzblluNlJz0gGvAUFVX3lxTE0tSTZTejRKZDYwRXZKN3pkSlZLYTlicHNuUHhORy1aeDNUbHVwV0dMeS1rNTlBOGFURHdQYVNaSU85LXFnSjR2TEF6U0VZUVViSDgtSG1IM0Q1X2lZOGFBRnJYVjcyMzBqWHJZYXMzbUFfQy1tR0plOHdUV1BnY1JvVXM0ZTFidVFHTjM1VEJaaFVnLTVLRlVULVpVTG40WUpZbF80Vmo4UlFfVXNfS28?oc=5,2026-05-29 02:00:00,Kompas.com
453,"Saldo JHT BPJS Ketenagakerjaan Ternyata Bisa Dicairkan meski Masih Bekerja, Ini Syaratnya - Kompas.com","<a href=""https://news.google.com/rss/articles/CBMixwFBVV95cUxPNE0xYXRPVlNYLV83dEtSSHNoZW5DakFGcHNuZERseTdfLUFJdHRGVm1QSDhEc0Q3WXk0S2FSMHB2RU5KUDFaZGxSZWEwZGJvb1RzWXVGSFhEb1BxcFZ6OXNuLV9WRDZqMi11LUNUWHI5Ylh6ZWF5VVJpMElWbjBCNmh3X29LY3kzcS00NWxWak1BSmxDSGg1THhOV3RxYThGeGRhUkZyQlJiNVF0bU80WjlhakkzclBpb2FrR1BObTVJNE9tbVNZ0gHHAUFVX3lxTE80d3JGT2pkQ3NnMEc3Q2FHeklBUXdIMmdCM1NYUDJWWDZBQ1R5X2RTcm83RHlkZ18yT05TRjluRWVfVGdPbWpaQUhPcVJaSnpNb1RGSTZLNXZ0cUtHZ19NbEFwLVdiQVlMLWtESUl4WGVmNGhSaGhFbWFJZUFkaGFUS3ZaLTdWYmRLcHEzQTBLc1FXS2plLWJfZ0FLakZBUHdHVDJpODByR3BfWVZvQ1R0YTF0YlpNeGxoTTNISmtnTUNGTEVWY0k?oc=5"" target=""_blank"">Saldo JHT BPJS Ketenagakerjaan Ternyata Bisa Dicairkan meski Masih Bekerja, Ini Syaratnya</a>&nbsp;&nbsp;<font color=""#6f6f6f"">Kompas.com</font>",https://news.google.com/rss/articles/CBMixwFBVV95cUxPNE0xYXRPVlNYLV83dEtSSHNoZW5DakFGcHNuZERseTdfLUFJdHRGVm1QSDhEc0Q3WXk0S2FSMHB2RU5KUDFaZGxSZWEwZGJvb1RzWXVGSFhEb1BxcFZ6OXNuLV9WRDZqMi11LUNUWHI5Ylh6ZWF5VVJpMElWbjBCNmh3X29LY3kzcS00NWxWak1BSmxDSGg1THhOV3RxYThGeGRhUkZyQlJiNVF0bU80WjlhakkzclBpb2FrR1BObTVJNE9tbVNZ0gHHAUFVX3lxTE80d3JGT2pkQ3NnMEc3Q2FHeklBUXdIMmdCM1NYUDJWWDZBQ1R5X2RTcm83RHlkZ18yT05TRjluRWVfVGdPbWpaQUhPcVJaSnpNb1RGSTZLNXZ0cUtHZ19NbEFwLVdiQVlMLWtESUl4WGVmNGhSaGhFbWFJZUFkaGFUS3ZaLTdWYmRLcHEzQTBLc1FXS2plLWJfZ0FLakZBUHdHVDJpODByR3BfWVZvQ1R0YTF0YlpNeGxoTTNISmtnTUNGTEVWY0k?oc=5,2026-06-02 03:30:00,Kompas.com
454,"Daftar Harga LPG 5,5 Kg dan 12 Kg per 2 Juni 2026, Cek Harga Tiap Provinsi - Kompas.com","<a href=""https://news.google.com/rss/articles/CBMixgFBVV95cUxQcHBGTTd6N2Rqa1I2VlRXVVQ2YjNrX2Q0ZHZ0Q2ktSG5TY3FQWUc0eEc5b2k4SklwUE9rSTlZRkc5M3FfYTROcjg2TWhRT211VHVzUDFEaHlMdHJXUkV4a2pUTjdpX0h0dEdJTVNfUERFc0dvREtZNnBSOHlHMTV1Q0cxMkpnY1RTVkMzT3ZkLVBNb3c5WFlFZEVlbnlkWU1qTUdvdDR5bHBTYmtfc2dsZVFwNWJkdkljZXJ0eUpWWV9nY0VlSFHSAcYBQVVfeXFMUF8zdzBnMWlUaGNsZDJrQkttTEFONDNwWDNpSXZxcmpyNlJ3eWRrdkVYUG9DXzdjX1NBbUR3ZmVFUnFvSjhUdFByNlpqOXlCUEZ3OGdZaERJRzU1cThfN0dXaTFwRGY4bUpLb0RGenZreEZQSW4tTjNaaDBkS2RaTGNjbGRSQTVOQ3Y2amhmTGFBWDBWcVB5cklVOXRrR2k4YXg0UE81dnRHRklRMGFfWjFOYzR2aXdMNjhXUVdpaUFodHpvdXhR?oc=5"" target=""_blank"">Daftar Harga LPG 5,5 Kg dan 12 Kg per 2 Juni 2026, Cek Harga Tiap Provinsi</a>&nbsp;&nbsp;<font color=""#6f6f6f"">Kompas.com</font>",https://news.google.com/rss/articles/CBMixgFBVV95cUxQcHBGTTd6N2Rqa1I2VlRXVVQ2YjNrX2Q0ZHZ0Q2ktSG5TY3FQWUc0eEc5b2k4SklwUE9rSTlZRkc5M3FfYTROcjg2TWhRT211VHVzUDFEaHlMdHJXUkV4a2pUTjdpX0h0dEdJTVNfUERFc0dvREtZNnBSOHlHMTV1Q0cxMkpnY1RTVkMzT3ZkLVBNb3c5WFlFZEVlbnlkWU1qTUdvdDR5bHBTYmtfc2dsZVFwNWJkdkljZXJ0eUpWWV9nY0VlSFHSAcYBQVVfeXFMUF8zdzBnMWlUaGNsZDJrQkttTEFONDNwWDNpSXZxcmpyNlJ3eWRrdkVYUG9DXzdjX1NBbUR3ZmVFUnFvSjhUdFByNlpqOXlCUEZ3OGdZaERJRzU1cThfN0dXaTFwRGY4bUpLb0RGenZreEZQSW4tTjNaaDBkS2RaTGNjbGRSQTVOQ3Y2amhmTGFBWDBWcVB5cklVOXRrR2k4YXg0UE81dnRHRklRMGFfWjFOYzR2aXdMNjhXUVdpaUFodHpvdXhR?oc=5,2026-06-02 06:45:00,Kompas.com
455,"Hadiri Pernikahan di Hotel, Pemilik Mobil Kaget Ular Piton Masuk ke Kap Mesin - Kompas.com","<a href=""https://news.google.com/rss/articles/CBMiwgFBVV95cUxPVkIteVZfTEppcXY3aUFDMEthbFJiUzVaOGx6TjFObVNsbmU3aFk1RmphMHV1ZGRSSE9rb0JvOVQ3c25uRVFwY3NhdEJhWFFzX3Q2YmRuVkh1SWtCRGs5QmhPRVlqa2N1WFdFMHd4YmRQM1FSc1ctaWxHLW4xVmJ1VnJPcUxDUU1WNU9MZ1l0M3p2YlZ2d19HTmUyOVVGZ1R2MjlfcDhRS2xDb255V2xnczQwcXJsRmk1NU1HNkE0WGFSUdIBwgFBVV95cUxPZmdfSjlNa2Z3NDZqWE83eDV1VGo1YXh2OVo3ZkVmTnJfLVNLZ1FwR05IQXBXajNHVFM5djF6ZWR1S2JRdElac01iaVNkTGp0N29LTWNTYXBTZklBMjBseXBvNGlXTjVRcFc5aGR4NXlJS0NJRGliY1RCLWxBN1FQTWFWc1N6THR5LXNKS0wyLTdiV3hIdW9mZWRxX1FFRnZVbjljQ3VSSFp2bkV0NnlmODJnOXhKeTctLVRvdzJUc1dFQQ?oc=5"" target=""_blank"">Hadiri Pernikahan di Hotel, Pemilik Mobil Kaget Ular Piton Masuk ke Kap Mesin</a>&nbsp;&nbsp;<font color=""#6f6f6f"">Kompas.com</font>",https://news.google.com/rss/articles/CBMiwgFBVV95cUxPVkIteVZfTEppcXY3aUFDMEthbFJiUzVaOGx6TjFObVNsbmU3aFk1RmphMHV1ZGRSSE9rb0JvOVQ3c25uRVFwY3NhdEJhWFFzX3Q2YmRuVkh1SWtCRGs5QmhPRVlqa2N1WFdFMHd4YmRQM1FSc1ctaWxHLW4xVmJ1VnJPcUxDUU1WNU9MZ1l0M3p2YlZ2d19HTmUyOVVGZ1R2MjlfcDhRS2xDb255V2xnczQwcXJsRmk1NU1HNkE0WGFSUdIBwgFBVV95cUxPZmdfSjlNa2Z3NDZqWE83eDV1VGo1YXh2OVo3ZkVmTnJfLVNLZ1FwR05IQXBXajNHVFM5djF6ZWR1S2JRdElac01iaVNkTGp0N29LTWNTYXBTZklBMjBseXBvNGlXTjVRcFc5aGR4NXlJS0NJRGliY1RCLWxBN1FQTWFWc1N6THR5LXNKS0wyLTdiV3hIdW9mZWRxX1FFRnZVbjljQ3VSSFp2bkV0NnlmODJnOXhKeTctLVRvdzJUc1dFQQ?oc=5,2026-06-02 10:45:00,Kompas.com
456,"Proyek Flyover Rp 468 Miliar Terus Molor, Warga Marah: Jalanan Malah Makin Macet - Kompas.com","<a href=""https://news.google.com/rss/articles/CBMi0gFBVV95cUxNb3U0TGZzTXJwdkF1aWVJSFE2OXdGWUNPWkZiVXZYa1hYY0VEUndGaTluQVlrOVFWS3QxdDhSOXRVZW42dTBmNkVybUhKWlU2emNXTnZYRFY3QVJEQ2FQVUV6a0FHelhkTFFkM1o1WThRYm04cnFNVFVQU0tjZUstMm1IVE5CYmxXU3FjRW9kTVc2Mk1zVFVfVGk1M1RxbWZSdXpCS3RnTDRMZ1Z3Znp6VThvZHBTMjdxZVZ5Ymx4LTRoRlplVU5qUXg1d2hJU2l1bWfSAcYBQVVfeXFMTzIzRnpmRG5qUkI3eGlNbWZGYlNJdXNBWGNodlpxLTg4SXNiZGpfaVVzcGhWQlNzMzNzN1VlbnRndnJVaEtkTXBRdEtBUUtMcTFTcGt4WVJxQlM2bkFfd2NlOXl0QlhpSTV1Qy1SUjFxSVEzMjdPSzZjdEpGazFvdklMSE5ZZFNTTENpVE5hU3lSTGdXU2NUUGNxY1h5cHY0aDZ5Nk81UFEtemNYTmI0UG9LYlJna0FhdWE3dnRwcUxQU0FXb3Bn?oc=5"" target=""_blank"">Proyek Flyover Rp 468 Miliar Terus Molor, Warga Marah: Jalanan Malah Makin Macet</a>&nbsp;&nbsp;<font color=""#6f6f6f"">Kompas.com</font>",https://news.google.com/rss/articles/CBMi0gFBVV95cUxNb3U0TGZzTXJwdkF1aWVJSFE2OXdGWUNPWkZiVXZYa1hYY0VEUndGaTluQVlrOVFWS3QxdDhSOXRVZW42dTBmNkVybUhKWlU2emNXTnZYRFY3QVJEQ2FQVUV6a0FHelhkTFFkM1o1WThRYm04cnFNVFVQU0tjZUstMm1IVE5CYmxXU3FjRW9kTVc2Mk1zVFVfVGk1M1RxbWZSdXpCS3RnTDRMZ1Z3Znp6VThvZHBTMjdxZVZ5Ymx4LTRoRlplVU5qUXg1d2hJU2l1bWfSAcYBQVVfeXFMTzIzRnpmRG5qUkI3eGlNbWZGYlNJdXNBWGNodlpxLTg4SXNiZGpfaVVzcGhWQlNzMzNzN1VlbnRndnJVaEtkTXBRdEtBUUtMcTFTcGt4WVJxQlM2bkFfd2NlOXl0QlhpSTV1Qy1SUjFxSVEzMjdPSzZjdEpGazFvdklMSE5ZZFNTTENpVE5hU3lSTGdXU2NUUGNxY1h5cHY0aDZ5Nk81UFEtemNYTmI0UG9LYlJna0FhdWE3dnRwcUxQU0FXb3Bn?oc=5,2026-06-02 02:00:00,Kompas.com
457,Prakiraan Cuaca BMKG: Ini Wilayah yang Akan Hujan Lebat 4-5 Juni 2026 - Kompas.com,"<a href=""https://news.google.com/rss/articles/CBMiwAFBVV95cUxNdS1qb1F6T0ZFM2lPd3duRVZUVmwxYXg5dGZqbnRzbERXMTdwcHBwZTBxLUhON1BQYXJUVTBhUkJvbkFtX0hUazE1QnBXT1ZVTjRLT0x5NzRRazNIZkdFeHYxLWhOVjhQMGZUQkFhZmFKYU1wd2d0ZzlXYnRfT1BqMjdSZU1YZTdkMWxTS1BaT0RzZHk1aV9XMDJaSTJlbWVtak01bUN2OVZJR3NULU90RWcyTlM5QVp4ZVBzRUk2NW7SAcABQVVfeXFMTUt4T3VaM01JNURnMlFNTVBqRVNXdl84LWJNLUtCNWw2Sk5BQmdUamIxMU15SW1WTVpYaDBsazdVTHRTT28zR0JZMUJ3a3NEUUdyendBR25nZEM5ZWgtcGllUUtWbnphSU05OU1XYnJ1UVl2NXV0aHdfMW1jMm1XaEVEMW1TR2RXODBzSFlWUW9Pci1zMzdBTk9SOF96d2NHMm8zTE5uYThrZ2VqWHhUbVk3bEZIVEFGb290YVBRTmFC?oc=5"" target=""_blank"">Prakiraan Cuaca BMKG: Ini Wilayah yang Akan Hujan Lebat 4-5 Juni 2026</a>&nbsp;&nbsp;<font color=""#6f6f6f"">Kompas.com</font>",https://news.google.com/rss/articles/CBMiwAFBVV95cUxNdS1qb1F6T0ZFM2lPd3duRVZUVmwxYXg5dGZqbnRzbERXMTdwcHBwZTBxLUhON1BQYXJUVTBhUkJvbkFtX0hUazE1QnBXT1ZVTjRLT0x5NzRRazNIZkdFeHYxLWhOVjhQMGZUQkFhZmFKYU1wd2d0ZzlXYnRfT1BqMjdSZU1YZTdkMWxTS1BaT0RzZHk1aV9XMDJaSTJlbWVtak01bUN2OVZJR3NULU90RWcyTlM5QVp4ZVBzRUk2NW7SAcABQVVfeXFMTUt4T3VaM01JNURnMlFNTVBqRVNXdl84LWJNLUtCNWw2Sk5BQmdUamIxMU15SW1WTVpYaDBsazdVTHRTT28zR0JZMUJ3a3NEUUdyendBR25nZEM5ZWgtcGllUUtWbnphSU05OU1XYnJ1UVl2NXV0aHdfMW1jMm1XaEVEMW1TR2RXODBzSFlWUW9Pci1zMzdBTk9SOF96d2NHMm8zTE5uYThrZ2VqWHhUbVk3bEZIVEFGb290YVBRTmFC?oc=5,2026-06-03 23:00:00,Kompas.com
458,"70 Tahun Simpan Tulang Mammoth di Museum, Ternyata Fosil Ini Milik Paus - Kompas.com","<a href=""https://news.google.com/rss/articles/CBMizgFBVV95cUxQWm5jV1lSTHJnZlFfSzhnTXhEcFlOQnNCQTE4ODlySDVCSFQ2X0xMZHR5Z0RWamJVZTJtWExwWVhjeHMwVFpldEVjR3JKOUFkdWM2UmdkOXQyTTQwWGdxQ3JnekduZTN5MlJVV3hFWGhFMURRT0pHaGsyTm90VUd0LTJ5UFZGZFpiWlRWX0hyME1RODdoXzVSeTduZE5td2huVVdfVDJ1MHRyQVFYaXozem42YzJoMlhlcGdnZHdoNEpHbUFhdXViWXVVckJRZ9IBwgFBVV95cUxPVWs0TW96bk93WXV3Wm9GT0pYOXZFaWlRa0lsc2VnOTgxMkdIaU9IQmVIS0d3OU1HR3FyWFdEWDIzdl9PRkJLd25KRDVuQzhCTElIMDFtNnE0d25Oa1E5TTgweDRyTTNsd3F5MUdIX3JhTEpleXk0Tm55TU9tTGNOWVNoMUQtU1drSjN3ci1aNFpmd3BmZm9mZUg1c09vWE1TMExrMWJCT2lYemJvYmhLWDBfWXFqRHRaRWRydk0zWkExQQ?oc=5"" target=""_blank"">70 Tahun Simpan Tulang Mammoth di Museum, Ternyata Fosil Ini Milik Paus</a>&nbsp;&nbsp;<font color=""#6f6f6f"">Kompas.com</font>",https://news.google.com/rss/articles/CBMizgFBVV95cUxQWm5jV1lSTHJnZlFfSzhnTXhEcFlOQnNCQTE4ODlySDVCSFQ2X0xMZHR5Z0RWamJVZTJtWExwWVhjeHMwVFpldEVjR3JKOUFkdWM2UmdkOXQyTTQwWGdxQ3JnekduZTN5MlJVV3hFWGhFMURRT0pHaGsyTm90VUd0LTJ5UFZGZFpiWlRWX0hyME1RODdoXzVSeTduZE5td2huVVdfVDJ1MHRyQVFYaXozem42YzJoMlhlcGdnZHdoNEpHbUFhdXViWXVVckJRZ9IBwgFBVV95cUxPVWs0TW96bk93WXV3Wm9GT0pYOXZFaWlRa0lsc2VnOTgxMkdIaU9IQmVIS0d3OU1HR3FyWFdEWDIzdl9PRkJLd25KRDVuQzhCTElIMDFtNnE0d25Oa1E5TTgweDRyTTNsd3F5MUdIX3JhTEpleXk0Tm55TU9tTGNOWVNoMUQtU1drSjN3ci1aNFpmd3BmZm9mZUg1c09vWE1TMExrMWJCT2lYemJvYmhLWDBfWXFqRHRaRWRydk0zWkExQQ?oc=5,2026-05-28 12:30:00,Kompas.com
459,"Arab Saudi Pastikan Tak Ada Wabah Penyakit Selama Haji 2026, Sudah Layani 1,2 Juta Jemaah - Kompas.com","<a href=""https://news.google.com/rss/articles/CBMixwFBVV95cUxNV204REVJRnRnaGhsRFIxcER3NFVDNjlzTjZnSllUZWRIbGRJcG90Q0xSbTlLUm1rV0g3RG5VblJldlhmU0l6dXA2ZmpKNXZkV2hzWFl3bHNlNUdHd2ZEYTdVSkY0bWJPN25fSDcxY0NBSldieVo5clNObEpOWTRvNDRveFhoNjdPNTJQUmt0MHRHdHM3RXdWcFZRWFQxTm1ZQWwwZGM5dGYxRnN1N2xkSDc2MGtGdVdiamtzSjY1YmpnXzY0SGdZ0gHHAUFVX3lxTE1wQUEtX1BKWGplY1RIM1hTNVNPZjlwTjhHV2tFeTdSMVlaOWEwZTJTcTJhdTdLSElJal9xeUZ5eWRqZWpTaFdIWWFiSGJKZmdLaHdhandrQ2NnV244WGVaa3VMRk04UDQxR1NHZDJxZHRlVTNKYmVpekN2QnM5U3ZJYUxLUS13LXI3cUUxVUxtUW9DN3U4TjcyU3NEdTFzdzlidUdsNmZZS2lhb2tubWlEMDJPYV9sVFFnQUM5ZGM5RGRhX21CUlk?oc=5"" target=""_blank"">Arab Saudi Pastikan Tak Ada Wabah Penyakit Selama Haji 2026, Sudah Layani 1,2 Juta Jemaah</a>&nbsp;&nbsp;<font color=""#6f6f6f"">Kompas.com</font>",https://news.google.com/rss/articles/CBMixwFBVV95cUxNV204REVJRnRnaGhsRFIxcER3NFVDNjlzTjZnSllUZWRIbGRJcG90Q0xSbTlLUm1rV0g3RG5VblJldlhmU0l6dXA2ZmpKNXZkV2hzWFl3bHNlNUdHd2ZEYTdVSkY0bWJPN25fSDcxY0NBSldieVo5clNObEpOWTRvNDRveFhoNjdPNTJQUmt0MHRHdHM3RXdWcFZRWFQxTm1ZQWwwZGM5dGYxRnN1N2xkSDc2MGtGdVdiamtzSjY1YmpnXzY0SGdZ0gHHAUFVX3lxTE1wQUEtX1BKWGplY1RIM1hTNVNPZjlwTjhHV2tFeTdSMVlaOWEwZTJTcTJhdTdLSElJal9xeUZ5eWRqZWpTaFdIWWFiSGJKZmdLaHdhandrQ2NnV244WGVaa3VMRk04UDQxR1NHZDJxZHRlVTNKYmVpekN2QnM5U3ZJYUxLUS13LXI3cUUxVUxtUW9DN3U4TjcyU3NEdTFzdzlidUdsNmZZS2lhb2tubWlEMDJPYV9sVFFnQUM5ZGM5RGRhX21CUlk?oc=5,2026-05-29 07:15:00,Kompas.com
460,Prakiraan Cuaca BMKG: Cek Wilayah yang Akan Hujan Lebat Hari Ini dan Besok - Kompas.com,"<a href=""https://news.google.com/rss/articles/CBMixwFBVV95cUxOVUMzcUlVUEVnVUxHVXllbEllaV9OZVZxS0RhWWp5aUpkNmtIMzVfMzZwa3Jma0c4RmxHVkllSENGOXBkNmQ1VUVZX3RiaGN0MUJCeUpUWFU2S3Vla1pGSnNHcVpKbDB5SEI5V0Rpbi1sT1BidlRlWFlnU1JzbHc2MlBfYlFIbnlJOEdPOTl2bXFwb0JXSEJaVG1TRmh2YWs0elptYVFiQU5NeXF5YzZBVk9qaEpTMVNia2lWOUFocHM2cElKdVBJ0gHHAUFVX3lxTE1xc0JfV2hWSFJlU3BzcWt6Q09KODFqajVuWFFMaVlWOTRuN2lyUmZNWjVNMWJ2c0dIRS1RbWJPb3l3U1AzUF9vMFNTeWpDUGtPMVBGWHJBNzFEbm5oOWxpYW9kV0pGV0R0bFZiUGZUZFJ3bU4wU0VraXJ5Tnd5c3NPandaUzhrdldLeGdGNldaRnNyc0c0azRCNG12SzFwcTdEWm92OEp0REpmcE1UaGpXRkFiaUZZQ3IzVm1WZDhzSmFOTy05UEU?oc=5"" target=""_blank"">Prakiraan Cuaca BMKG: Cek Wilayah yang Akan Hujan Lebat Hari Ini dan Besok</a>&nbsp;&nbsp;<font color=""#6f6f6f"">Kompas.com</font>",https://news.google.com/rss/articles/CBMixwFBVV95cUxOVUMzcUlVUEVnVUxHVXllbEllaV9OZVZxS0RhWWp5aUpkNmtIMzVfMzZwa3Jma0c4RmxHVkllSENGOXBkNmQ1VUVZX3RiaGN0MUJCeUpUWFU2S3Vla1pGSnNHcVpKbDB5SEI5V0Rpbi1sT1BidlRlWFlnU1JzbHc2MlBfYlFIbnlJOEdPOTl2bXFwb0JXSEJaVG1TRmh2YWs0elptYVFiQU5NeXF5YzZBVk9qaEpTMVNia2lWOUFocHM2cElKdVBJ0gHHAUFVX3lxTE1xc0JfV2hWSFJlU3BzcWt6Q09KODFqajVuWFFMaVlWOTRuN2lyUmZNWjVNMWJ2c0dIRS1RbWJPb3l3U1AzUF9vMFNTeWpDUGtPMVBGWHJBNzFEbm5oOWxpYW9kV0pGV0R0bFZiUGZUZFJ3bU4wU0VraXJ5Tnd5c3NPandaUzhrdldLeGdGNldaRnNyc0c0azRCNG12SzFwcTdEWm92OEp0REpmcE1UaGpXRkFiaUZZQ3IzVm1WZDhzSmFOTy05UEU?oc=5,2026-06-01 23:00:00,Kompas.com
461,"Eks Kepala BGN Dadan Hindayana Jadi Tersangka Korupsi MBG, Punya Harta Rp 9 Miliar - Kompas.com","<a href=""https://news.google.com/rss/articles/CBMixwFBVV95cUxNZTlWXzNMVUVaR2FaV0RiaWx4ZGNmVjQtRnhHMmYxMW9pSk41OERYajlpdnBUejRnM015S2pDbFB1ZVBYSUNiN2xxR2FlVU13ZkhtVlM1S1NPeGdId0xoYml2WWQ4ZnR2NnBMaEZBSDFDNGpXc3cycjkzclEyaGlQdkJLaGFDLUVrd09LUWFjdnFXd19qdFpNUEtQaFBxX3NvOE1DdGtxLU9JNGpsbVhPTGVxc0tyZXhQZkZHdHdJZGtBSGJiLTZF0gHHAUFVX3lxTE1HRExvUzZTZXljekhsMzAwNldFWXZMdUJ6eDVKYVp6X3Fweng5Q3E2S3l0UWZmYWMzQUgyTU1pb3d3SVdDejhQVXNVelo3RHZoQmV2RDN0Slg2TU0wR3pEdnB3N2dOOTFyVXhMdUpDa0FhRXpKQWpXUXJ4aEhJU2xneGFDVU1KZ1B0RVhlNF9WUzNDSzBOUmoxT0JvOTFkd2thZFF2QUphckNkRERpRmtWQ2lhVk1ydC1pa2VtR3Z0eWVjRUJOVjg?oc=5"" target=""_blank"">Eks Kepala BGN Dadan Hindayana Jadi Tersangka Korupsi MBG, Punya Harta Rp 9 Miliar</a>&nbsp;&nbsp;<font color=""#6f6f6f"">Kompas.com</font>",https://news.google.com/rss/articles/CBMixwFBVV95cUxNZTlWXzNMVUVaR2FaV0RiaWx4ZGNmVjQtRnhHMmYxMW9pSk41OERYajlpdnBUejRnM015S2pDbFB1ZVBYSUNiN2xxR2FlVU13ZkhtVlM1S1NPeGdId0xoYml2WWQ4ZnR2NnBMaEZBSDFDNGpXc3cycjkzclEyaGlQdkJLaGFDLUVrd09LUWFjdnFXd19qdFpNUEtQaFBxX3NvOE1DdGtxLU9JNGpsbVhPTGVxc0tyZXhQZkZHdHdJZGtBSGJiLTZF0gHHAUFVX3lxTE1HRExvUzZTZXljekhsMzAwNldFWXZMdUJ6eDVKYVp6X3Fweng5Q3E2S3l0UWZmYWMzQUgyTU1pb3d3SVdDejhQVXNVelo3RHZoQmV2RDN0Slg2TU0wR3pEdnB3N2dOOTFyVXhMdUpDa0FhRXpKQWpXUXJ4aEhJU2xneGFDVU1KZ1B0RVhlNF9WUzNDSzBOUmoxT0JvOTFkd2thZFF2QUphckNkRERpRmtWQ2lhVk1ydC1pa2VtR3Z0eWVjRUJOVjg?oc=5,2026-06-03 11:30:00,Kompas.com
462,BMKG: Ini Wilayah yang Berpotensi Hujan Lebat dan Angin Kencang 3-4 Juni 2026 - Kompas.com,"<a href=""https://news.google.com/rss/articles/CBMixAFBVV95cUxOWmlLMjhzcDc2cFFPNnlyWm9CR3dBdzI0ODNNVTJ3OEJMQnhqSXEzZUhQbHVyNDVqNlpxTGtsZHpPeEYwMUwzd2l6ajhCTldfYm90T09fTi0xWWlldW9HT0QwTkxicmN6a2h3OGRiSTBRQVBKeW9VTm1yZHNYUDNpdEwxaXd4S3Z3aWRnLUpqeHBrWUVyYUlQQlRjS0ZGMGhWb1dvX1lOLXFydy05QjdOUW91RjRuWGptNTdKSmNBNGlLMWx10gHEAUFVX3lxTE5YNEJvX0x6MC1faTl4dTV0LW5YVElHblJnek0yUUpCWjdaQk9HOXFZa0xnN1pYMXE1UHJuVVlNVWgzc3dCTDB2UlpXODUwRzdCRDg5VlBDcHZZQ19WTG42V0JXT29ZV3EtZ3BtaHAyVEdkd3FPWjkzMkwySEFlaWZJTDZNZC0tM3JvaHZLYmFtRWY5NFFzS2trSWNtVjF5b2h2UnlsbDk5RkpWa05QTG1DRnh1bnNwRlMtamVKWFN6S2VrRFQ?oc=5"" target=""_blank"">BMKG: Ini Wilayah yang Berpotensi Hujan Lebat dan Angin Kencang 3-4 Juni 2026</a>&nbsp;&nbsp;<font color=""#6f6f6f"">Kompas.com</font>",https://news.google.com/rss/articles/CBMixAFBVV95cUxOWmlLMjhzcDc2cFFPNnlyWm9CR3dBdzI0ODNNVTJ3OEJMQnhqSXEzZUhQbHVyNDVqNlpxTGtsZHpPeEYwMUwzd2l6ajhCTldfYm90T09fTi0xWWlldW9HT0QwTkxicmN6a2h3OGRiSTBRQVBKeW9VTm1yZHNYUDNpdEwxaXd4S3Z3aWRnLUpqeHBrWUVyYUlQQlRjS0ZGMGhWb1dvX1lOLXFydy05QjdOUW91RjRuWGptNTdKSmNBNGlLMWx10gHEAUFVX3lxTE5YNEJvX0x6MC1faTl4dTV0LW5YVElHblJnek0yUUpCWjdaQk9HOXFZa0xnN1pYMXE1UHJuVVlNVWgzc3dCTDB2UlpXODUwRzdCRDg5VlBDcHZZQ19WTG42V0JXT29ZV3EtZ3BtaHAyVEdkd3FPWjkzMkwySEFlaWZJTDZNZC0tM3JvaHZLYmFtRWY5NFFzS2trSWNtVjF5b2h2UnlsbDk5RkpWa05QTG1DRnh1bnNwRlMtamVKWFN6S2VrRFQ?oc=5,2026-06-02 23:00:00,Kompas.com
463,"Harga Emas Hari Ini 3 Juni 2026 Pagi: Antam Stabil, UBS-Galeri24 Menguat meski Tak Sampai Rp 2,9 Juta - Kompas.com","<a href=""https://news.google.com/rss/articles/CBMiwgFBVV95cUxObFVSTnIyVUsxV3VXV1g0RWlrRVQxazlieFgxSmRGRmtscXlXQUlXU2Y2UUp6SG5Fejl1NTlwXzlmLXEyWGlrVjRJcmJxZUtKd09UcnktVHpIT3VkOEluek1lS1R6VzlULWdsa3JveFpLeXljOGJXZklfbWo4SFdyZDUwQ0Jqd0tKcFIwZXNfTF9ZWjF5WGFZVTI1UGhsalctMmlydy10aDZUMl85VW4tam1RYzhrdHpVYmd0QVpnWlRhd9IBwgFBVV95cUxQQnVFbjdrN0JtQ05GX1d5d2NxNmNPd2xTVW4wSG5JUXVzTTZoOWRmUFE4ZDNtSXgxT1MzNE9SVzlNdnRyQ3c1UG1IQTB5UGZLTlRSOTNHTmczbHZsX3dYbTRvcDNCTXhXVHlDSTZFd0k5bURLZTJxRUpCN09TdW14cGwxclNYbldTc0tDM2NTd1dqOThocVIwSXdOdk13Z2xQbktaaVBOMG51bjZNNk5WNUU4T1g0cGZ6R08zZ29uamhPUQ?oc=5"" target=""_blank"">Harga Emas Hari Ini 3 Juni 2026 Pagi: Antam Stabil, UBS-Galeri24 Menguat meski Tak Sampai Rp 2,9 Juta</a>&nbsp;&nbsp;<font color=""#6f6f6f"">Kompas.com</font>",https://news.google.com/rss/articles/CBMiwgFBVV95cUxObFVSTnIyVUsxV3VXV1g0RWlrRVQxazlieFgxSmRGRmtscXlXQUlXU2Y2UUp6SG5Fejl1NTlwXzlmLXEyWGlrVjRJcmJxZUtKd09UcnktVHpIT3VkOEluek1lS1R6VzlULWdsa3JveFpLeXljOGJXZklfbWo4SFdyZDUwQ0Jqd0tKcFIwZXNfTF9ZWjF5WGFZVTI1UGhsalctMmlydy10aDZUMl85VW4tam1RYzhrdHpVYmd0QVpnWlRhd9IBwgFBVV95cUxQQnVFbjdrN0JtQ05GX1d5d2NxNmNPd2xTVW4wSG5JUXVzTTZoOWRmUFE4ZDNtSXgxT1MzNE9SVzlNdnRyQ3c1UG1IQTB5UGZLTlRSOTNHTmczbHZsX3dYbTRvcDNCTXhXVHlDSTZFd0k5bURLZTJxRUpCN09TdW14cGwxclNYbldTc0tDM2NTd1dqOThocVIwSXdOdk13Z2xQbktaaVBOMG51bjZNNk5WNUU4T1g0cGZ6R08zZ29uamhPUQ?oc=5,2026-06-02 22:06:00,Kompas.com
464,"Gaji Ke-13 Cair Mulai Hari Ini, Cek Daftar Penerima dan Besaran untuk PNS, PPPK, dan Pensiunan - Kompas.com","<a href=""https://news.google.com/rss/articles/CBMi0AFBVV95cUxNMjZiTkZkOUNUdEhKZVVZeVdmcEYtSlhuYXhMZi1KejBrOHhkOGtad2EyR2xQOXl0Vmd1YW9FR0NkYVZQMVRxbVhuaHVsZ3JEQWJ6SmhlblZEVlgydXJtZDlRRDhFVmliZEI3U1pTNEtVcmNSU2RoZmpRcHVvdWxfaEROODZQbXplRU9sLWg1bm56UGU1Z2lqSDNfZTRZbnZTUmZJNzV0NjhCWUFSd0VHV2RVTWZtU1V5WVE1YjhqR0NSYjVTVWFoc0RSZlMxMktW0gHEAUFVX3lxTE15WGtPUXRzLWpxTUF1ZnRPcjUybUNRdE4wQnBObXN0TkNMRUN4ZDhfY3M3UFRCbllCY1NxZU1TQkVrMGVHbHNvbVJtc3ZObklzb1RsbkxDQjZ3T0djS3lFbzJ2a3pqR3oxTE40QlV3eFMtTU9pTWRCRVI3NHNWMTk5Qjg3cTBSeXd2dTViMWhZelFHRHNVbVJWMXk2ZUZaR0VjTUVFNmVyOTJFelpFWEZyQ0ZsZHFUS241U0FfTXY0VVRxMHM?oc=5"" target=""_blank"">Gaji Ke-13 Cair Mulai Hari Ini, Cek Daftar Penerima dan Besaran untuk PNS, PPPK, dan Pensiunan</a>&nbsp;&nbsp;<font color=""#6f6f6f"">Kompas.com</font>",https://news.google.com/rss/articles/CBMi0AFBVV95cUxNMjZiTkZkOUNUdEhKZVVZeVdmcEYtSlhuYXhMZi1KejBrOHhkOGtad2EyR2xQOXl0Vmd1YW9FR0NkYVZQMVRxbVhuaHVsZ3JEQWJ6SmhlblZEVlgydXJtZDlRRDhFVmliZEI3U1pTNEtVcmNSU2RoZmpRcHVvdWxfaEROODZQbXplRU9sLWg1bm56UGU1Z2lqSDNfZTRZbnZTUmZJNzV0NjhCWUFSd0VHV2RVTWZtU1V5WVE1YjhqR0NSYjVTVWFoc0RSZlMxMktW0gHEAUFVX3lxTE15WGtPUXRzLWpxTUF1ZnRPcjUybUNRdE4wQnBObXN0TkNMRUN4ZDhfY3M3UFRCbllCY1NxZU1TQkVrMGVHbHNvbVJtc3ZObklzb1RsbkxDQjZ3T0djS3lFbzJ2a3pqR3oxTE40QlV3eFMtTU9pTWRCRVI3NHNWMTk5Qjg3cTBSeXd2dTViMWhZelFHRHNVbVJWMXk2ZUZaR0VjTUVFNmVyOTJFelpFWEZyQ0ZsZHFUS241U0FfTXY0VVRxMHM?oc=5,2026-06-01 23:30:00,Kompas.com
465,"Harga BBM Pertamina 1 Juni 2026: Pertamax Turbo Naik, Dexlite dan Pertamina Dex Turun - Kompas.com","<a href=""https://news.google.com/rss/articles/CBMixgFBVV95cUxOREZpT243WmxDSVNLWHNLLUFmejY1X2I2T1Y5SnpoNkkzTHh6NUZPQ01uZkJIR1hmQjN5azMtRUxnSEZtVG1GVy1JSkxZRGFTei1FeW1QT095SjZTXzR1X0s1ZEw3RmowcXd2TWVheXFORmxOVUoyTUlTQlREOENFdHpVcHROSHFlSU10cC05bmpGMGpUYmNDTV9CUGpvdWZFUHVPekJiblFlVWQybGNYdHZBTkxpdlBOeFRURy15d1JrcnppZkHSAcYBQVVfeXFMUEFLNFBmVFV2MEhTSFZEWFhtUlA0UHdRdTNzTEk0b3FnMUozU1cwdFFraC1UbHVyZ252c3FqMzNWaFI3NnVUQV9JTThMN0s5bTkxeWl5czRZN1M1emF1d3QyWmtzYkJINHJwWGM1VmluUkQ3LVdCSVRtc2hBMGZ0Uk5FN1BfdFdyZElYYTVxUkJuaEx3dU5tOVpwZ2hlRWdnT09sai1HOUgxc2diSTIyTm1XNnZNUjBBS29YN2lmNi1kVXhIY0ZR?oc=5"" target=""_blank"">Harga BBM Pertamina 1 Juni 2026: Pertamax Turbo Naik, Dexlite dan Pertamina Dex Turun</a>&nbsp;&nbsp;<font color=""#6f6f6f"">Kompas.com</font>",https://news.google.com/rss/articles/CBMixgFBVV95cUxOREZpT243WmxDSVNLWHNLLUFmejY1X2I2T1Y5SnpoNkkzTHh6NUZPQ01uZkJIR1hmQjN5azMtRUxnSEZtVG1GVy1JSkxZRGFTei1FeW1QT095SjZTXzR1X0s1ZEw3RmowcXd2TWVheXFORmxOVUoyTUlTQlREOENFdHpVcHROSHFlSU10cC05bmpGMGpUYmNDTV9CUGpvdWZFUHVPekJiblFlVWQybGNYdHZBTkxpdlBOeFRURy15d1JrcnppZkHSAcYBQVVfeXFMUEFLNFBmVFV2MEhTSFZEWFhtUlA0UHdRdTNzTEk0b3FnMUozU1cwdFFraC1UbHVyZ252c3FqMzNWaFI3NnVUQV9JTThMN0s5bTkxeWl5czRZN1M1emF1d3QyWmtzYkJINHJwWGM1VmluUkQ3LVdCSVRtc2hBMGZ0Uk5FN1BfdFdyZElYYTVxUkJuaEx3dU5tOVpwZ2hlRWdnT09sai1HOUgxc2diSTIyTm1XNnZNUjBBS29YN2lmNi1kVXhIY0ZR?oc=5,2026-06-01 01:18:00,Kompas.com
466,"Harga Emas Hari Ini 3 Juni 2026: Cek Daftar Lengkap untuk Antam, Galeri24, dan UBS - Kompas.com","<a href=""https://news.google.com/rss/articles/CBMixAFBVV95cUxNRldmbDRiZW1VS2RDc294LWhUZ19TSmpDN0NoSlJFQTBva0ZkRThsb2dMNVQ3T0g2d0FxRTZaX0RKNHFEeUE0TTJ6YjRCTnJTc0t0TzVNdlQ1a0pMeUJGZlZqd3pNNkVwbTNxV1ZaUE9PN19tcWhBYXVsc25aajFPa2d4NDNONEVRa1ZIVjdJY3JiV1FNTVdSbGo5XzZFMDlzODI4UlFaRExNQWwtMGNZeWt3Z2N2NVp3ejZIVVFKRG1fVFFr0gHEAUFVX3lxTE9mTG54U0RpeFFIZlB0UGxScDZkYUg4MHNQYlJ4VFRVak1ZTWhVZWJ6SlZmZDZPVkxjTXJkdEJhb21CVWlTemo0UElIN2IyRkppeEZTc0Y4RUxvelJNczZ5RE9adkFqUUhIMm80a28wbDFxRnNBandRd01pNy1lMmJ4bDYwUDRkcEJXN0F3TzQ1UnZ6MG9EU3RXVFIySEZRWnVsa0d2eXFhMVUzRHVxTGFBT0phdXYtTUZwelJHMzZ2cE5UdmQ?oc=5"" target=""_blank"">Harga Emas Hari Ini 3 Juni 2026: Cek Daftar Lengkap untuk Antam, Galeri24, dan UBS</a>&nbsp;&nbsp;<font color=""#6f6f6f"">Kompas.com</font>",https://news.google.com/rss/articles/CBMixAFBVV95cUxNRldmbDRiZW1VS2RDc294LWhUZ19TSmpDN0NoSlJFQTBva0ZkRThsb2dMNVQ3T0g2d0FxRTZaX0RKNHFEeUE0TTJ6YjRCTnJTc0t0TzVNdlQ1a0pMeUJGZlZqd3pNNkVwbTNxV1ZaUE9PN19tcWhBYXVsc25aajFPa2d4NDNONEVRa1ZIVjdJY3JiV1FNTVdSbGo5XzZFMDlzODI4UlFaRExNQWwtMGNZeWt3Z2N2NVp3ejZIVVFKRG1fVFFr0gHEAUFVX3lxTE9mTG54U0RpeFFIZlB0UGxScDZkYUg4MHNQYlJ4VFRVak1ZTWhVZWJ6SlZmZDZPVkxjTXJkdEJhb21CVWlTemo0UElIN2IyRkppeEZTc0Y4RUxvelJNczZ5RE9adkFqUUhIMm80a28wbDFxRnNBandRd01pNy1lMmJ4bDYwUDRkcEJXN0F3TzQ1UnZ6MG9EU3RXVFIySEZRWnVsa0d2eXFhMVUzRHVxTGFBT0phdXYtTUZwelJHMzZ2cE5UdmQ?oc=5,2026-06-03 02:50:00,Kompas.com
467,"Dadan Hindayana Tersangka Korupsi MBG, Diduga Atur Mitra dan Mark-up Pengadaan Barang - Kompas.com","<a href=""https://news.google.com/rss/articles/CBMivgFBVV95cUxNcmRUalpzQ2JMczYtVzdPREJnTGJaN21jczhWczd1dUhrb1QzbUdmaDN5OWlwWlpzam9VV3NPamNVVEhXMDJrZ0xCcFdqamhmS1doYl9UMDZNVjVHVFJBMzE1cURWZXgtM0cydjhTbjRxVHFyblNzR1lJLWJWa2JRa3VvVks0Z2twdlo2cTkta1JLMjh1dFFHNS0wbHZWdi1XQ2E1QXZEczhKQVNKVWd4VkVuWWRLcXNMeG1EVElR0gG-AUFVX3lxTE1PU18xbUxVZEE2S3dJdFhGRVdsSmw0RFJFVUxuZzlMdXRIeFhLV2VnOUkwQ0d0VWRVa3laMWluaVBkYnZQejd5S0FrV2ZMSl9JMjRUdjVYNUg0NXNldVRQSWlLekRXUzhGVUo2di10OGNacmhDdWI0ZVpUVlJxQ25kSEkwZTVfaHp0NGVDTXp1Y3p1eUtIV0oyb2dHenJYXzJ3MU5FdGJOR2pyeXFLNHhPczdHX2tJVGNRdEM5WlE?oc=5"" target=""_blank"">Dadan Hindayana Tersangka Korupsi MBG, Diduga Atur Mitra dan Mark-up Pengadaan Barang</a>&nbsp;&nbsp;<font color=""#6f6f6f"">Kompas.com</font>",https://news.google.com/rss/articles/CBMivgFBVV95cUxNcmRUalpzQ2JMczYtVzdPREJnTGJaN21jczhWczd1dUhrb1QzbUdmaDN5OWlwWlpzam9VV3NPamNVVEhXMDJrZ0xCcFdqamhmS1doYl9UMDZNVjVHVFJBMzE1cURWZXgtM0cydjhTbjRxVHFyblNzR1lJLWJWa2JRa3VvVks0Z2twdlo2cTkta1JLMjh1dFFHNS0wbHZWdi1XQ2E1QXZEczhKQVNKVWd4VkVuWWRLcXNMeG1EVElR0gG-AUFVX3lxTE1PU18xbUxVZEE2S3dJdFhGRVdsSmw0RFJFVUxuZzlMdXRIeFhLV2VnOUkwQ0d0VWRVa3laMWluaVBkYnZQejd5S0FrV2ZMSl9JMjRUdjVYNUg0NXNldVRQSWlLekRXUzhGVUo2di10OGNacmhDdWI0ZVpUVlJxQ25kSEkwZTVfaHp0NGVDTXp1Y3p1eUtIV0oyb2dHenJYXzJ3MU5FdGJOR2pyeXFLNHhPczdHX2tJVGNRdEM5WlE?oc=5,2026-06-03 12:07:00,Kompas.com
468,"Mewarnai dan Menggambar Ternyata Sangat Berguna bagi Anak 1-5 Tahun, Ini Penjelasan Dokter - Kompas.com","<a href=""https://news.google.com/rss/articles/CBMiwwFBVV95cUxPYjk4WjRkdXRtYWRnbXh5cGpMQm5zX21vNVl2TVY1UWVsdmw2MGhZblFPSkVTcHZ1aWtOVC1WSGRiZ1E0NnFtRTRXbnFhRll5VnAyeVdQZEpyeUJxSU4xVk9FX0VmdlIzUzFfTHgtNnoyUDBpam1vR2RZMndqRklTT2ZycHF3cS1PS05lb2xYcUFOdzJhNElXTU81NzJDZ3NoelFiZmNwR3doQkVnaGkyaUVVT1VDUUE0dU1VdVFDZ0lDMkHSAcMBQVVfeXFMUER0aGtEVWQtMkQ3V2IzaWRkRVdDSndOVEJDYk84anhNd2JLb29VZU9DZnh5MGtSS2Jzenoyd0NudzNuRFdVOXU4cUpLblVrREU1VjZfbzRlNERMN1prRzhvSTRlTjdmWU0wZm5Fb1gyUnNqZWNZUE95UXBibmVCZ2JpWUZDUVhJdnN2V0tYT0N4YllQLW5OZi1KRDJXRENrTGhyR2JxZDhYaHdoM0Y0em1zdTVXOVBBUE5tTWxmNmF2ZEhn?oc=5"" target=""_blank"">Mewarnai dan Menggambar Ternyata Sangat Berguna bagi Anak 1-5 Tahun, Ini Penjelasan Dokter</a>&nbsp;&nbsp;<font color=""#6f6f6f"">Kompas.com</font>",https://news.google.com/rss/articles/CBMiwwFBVV95cUxPYjk4WjRkdXRtYWRnbXh5cGpMQm5zX21vNVl2TVY1UWVsdmw2MGhZblFPSkVTcHZ1aWtOVC1WSGRiZ1E0NnFtRTRXbnFhRll5VnAyeVdQZEpyeUJxSU4xVk9FX0VmdlIzUzFfTHgtNnoyUDBpam1vR2RZMndqRklTT2ZycHF3cS1PS05lb2xYcUFOdzJhNElXTU81NzJDZ3NoelFiZmNwR3doQkVnaGkyaUVVT1VDUUE0dU1VdVFDZ0lDMkHSAcMBQVVfeXFMUER0aGtEVWQtMkQ3V2IzaWRkRVdDSndOVEJDYk84anhNd2JLb29VZU9DZnh5MGtSS2Jzenoyd0NudzNuRFdVOXU4cUpLblVrREU1VjZfbzRlNERMN1prRzhvSTRlTjdmWU0wZm5Fb1gyUnNqZWNZUE95UXBibmVCZ2JpWUZDUVhJdnN2V0tYT0N4YllQLW5OZi1KRDJXRENrTGhyR2JxZDhYaHdoM0Y0em1zdTVXOVBBUE5tTWxmNmF2ZEhn?oc=5,2026-06-01 10:00:00,Kompas.com
469,"Tarif Listrik Rumah Tangga untuk Juni 2026, Token Rp 50.000 Dapat Berapa kWh? - Kompas.com","<a href=""https://news.google.com/rss/articles/CBMiyAFBVV95cUxNQm9sNGpydXd2YkdyZFg2SFFCXzFYLTRhejdvcy1IYl82OTVFeUVpZHk1S1c0aUt2SU5kTmNNVFhLd0thTEhBdEc2UlR6U29OOGRoX0drVS1DdVdTX05uWXhWRnBydk83Ukl6RHRDSUVnTzJDMWVaRzc4VzRod3lUYkJ6Ulhyd2xOZkptdTJkWl9lbEl6Rjk0QTZoUDBXTTNtU1cwcmEyRlRrNFRDLU1ELWxmMzVVTVpSN25hVzhOLUlkVzJfMWRJdNIByAFBVV95cUxPUWtwQk51NUZIUkVIejlVaFJrLWdYQmdFRDZlb2tIaFVWY09QUU94amZibmxKNU9iNEtYa0F2amhoem04UnowSWl6SnEzbUlKVmV2QXR4ZEVSRmZBNDNQZTBnZ3NKUFhTWXJxNFhCeU9waFVyd0dpYkFZakNNcTFWa2dObWFDNDFhcENSRHZMVUxPZzhDMHY5UVY5elZNcjdFR2tma0Jsc0FBcVdhNHI5eWVyMExBdmVqWERvYU5yRzBzZXJYbmxPSQ?oc=5"" target=""_blank"">Tarif Listrik Rumah Tangga untuk Juni 2026, Token Rp 50.000 Dapat Berapa kWh?</a>&nbsp;&nbsp;<font color=""#6f6f6f"">Kompas.com</font>",https://news.google.com/rss/articles/CBMiyAFBVV95cUxNQm9sNGpydXd2YkdyZFg2SFFCXzFYLTRhejdvcy1IYl82OTVFeUVpZHk1S1c0aUt2SU5kTmNNVFhLd0thTEhBdEc2UlR6U29OOGRoX0drVS1DdVdTX05uWXhWRnBydk83Ukl6RHRDSUVnTzJDMWVaRzc4VzRod3lUYkJ6Ulhyd2xOZkptdTJkWl9lbEl6Rjk0QTZoUDBXTTNtU1cwcmEyRlRrNFRDLU1ELWxmMzVVTVpSN25hVzhOLUlkVzJfMWRJdNIByAFBVV95cUxPUWtwQk51NUZIUkVIejlVaFJrLWdYQmdFRDZlb2tIaFVWY09QUU94amZibmxKNU9iNEtYa0F2amhoem04UnowSWl6SnEzbUlKVmV2QXR4ZEVSRmZBNDNQZTBnZ3NKUFhTWXJxNFhCeU9waFVyd0dpYkFZakNNcTFWa2dObWFDNDFhcENSRHZMVUxPZzhDMHY5UVY5elZNcjdFR2tma0Jsc0FBcVdhNHI5eWVyMExBdmVqWERvYU5yRzBzZXJYbmxPSQ?oc=5,2026-05-30 10:30:00,Kompas.com
470,"Paus Leo XIV ke Spanyol, Imigrasi dan Luka Gereja Jadi Bayang-bayang - Kompas.com","<a href=""https://news.google.com/rss/articles/CBMivgFBVV95cUxPZVQtSnR3QzdlV2dKUlhYRmtzZ0ZRRUoxUkxnVHpZWHk0am5kMWZna2ktTkFBYzctZzJXeER0VXpiWGpWRW5qRjYzaEFpTEUzYXZMTVZOMGRWSDJEb3IyY094d1lfdlhQSEdYWTAzekJuNGYyUV81cVh5NVBZUmtXZ1hnM2tHM0hObVdONHpsZkNZSjR6ckF1NUpRbTYyYWJwWEtjQWE0LVhWQlk5WUhHQXVSYWRFUzNnWWxLVEJ30gG-AUFVX3lxTE44b2dXYmdNNVpaTkVmV3ZVNUFTd1JlaUFGRWhncEtVT3dCZW51cENVWDVjaDVPS2Nyc3FpZGdsblh3LWdIX3N2VzdKLVAyYmg4NFdPNmZQZDlWeEg3YWQyZEMwc29RaHg5bkxoS0lnZFJqcXJFMXVERmZneFZfUF95RUtuSzl0amtRaEcyemV4VlkxNUFJMGtFb2lxc0NMMkxuSmphZEtFc2Z0YjZRNVR0QzJFazRwQlh6X2E0alE?oc=5"" target=""_blank"">Paus Leo XIV ke Spanyol, Imigrasi dan Luka Gereja Jadi Bayang-bayang</a>&nbsp;&nbsp;<font color=""#6f6f6f"">Kompas.com</font>",https://news.google.com/rss/articles/CBMivgFBVV95cUxPZVQtSnR3QzdlV2dKUlhYRmtzZ0ZRRUoxUkxnVHpZWHk0am5kMWZna2ktTkFBYzctZzJXeER0VXpiWGpWRW5qRjYzaEFpTEUzYXZMTVZOMGRWSDJEb3IyY094d1lfdlhQSEdYWTAzekJuNGYyUV81cVh5NVBZUmtXZ1hnM2tHM0hObVdONHpsZkNZSjR6ckF1NUpRbTYyYWJwWEtjQWE0LVhWQlk5WUhHQXVSYWRFUzNnWWxLVEJ30gG-AUFVX3lxTE44b2dXYmdNNVpaTkVmV3ZVNUFTd1JlaUFGRWhncEtVT3dCZW51cENVWDVjaDVPS2Nyc3FpZGdsblh3LWdIX3N2VzdKLVAyYmg4NFdPNmZQZDlWeEg3YWQyZEMwc29RaHg5bkxoS0lnZFJqcXJFMXVERmZneFZfUF95RUtuSzl0amtRaEcyemV4VlkxNUFJMGtFb2lxc0NMMkxuSmphZEtFc2Z0YjZRNVR0QzJFazRwQlh6X2E0alE?oc=5,2026-06-04 00:00:00,Kompas.com
471,KBRI Kuala Lumpur Siap Bantu WNI Ibu Tunggal di Malaysia yang Hidupi 6 Anak dengan Berjualan Kue - Kompas.com,"<a href=""https://news.google.com/rss/articles/CBMiyAFBVV95cUxQSnZIN3RTZkw3cnd2WDNKZjBwcDNpOWxEQWIxNk1vb0lRQlpacmZBTnpzR3FTa2xmVTVxYmNJTGhEVjhZN3d3X1NGYTBKalluSDBfMUVWOTBiRmFTbGNNZ1ZPRi14eEZWZTNKYjd0OWZ4RkUxeU8zeDdiZ2Nhd3hEZ3l0al90NF9HZzl0OUJzb3FYOHlLNXpYUWsyaHJiOUQ0Mi1lVjhHRXZNdUxOMXBOTVNTUWlMS2g5bk5NQXlXV2tjUnpkOXNlbdIByAFBVV95cUxOei1TM19mWnlmREVPOFJXYTNPWmNOUi0yZTRoUG5jbEtmMW1SNnNHQURpR2dRVkZZMjlOWTRfbFRnc2NNZmlEeVVzeUhJNzBCRjVWV2s5WktKc0NibUtVd3FkbjhWWUlMSnpGNFBrN1ZjTVdRVFNCZGRHMGF6cmRUcFlUelc3X0ZIczN1bWViQUtzN0JVZ3FWRGNlRUhQb0pNelV4dkRaUmxvM1g3LVNoQnFqMkFTWkl5OVU1M2V1QTdGWGFCMFVSbA?oc=5"" target=""_blank"">KBRI Kuala Lumpur Siap Bantu WNI Ibu Tunggal di Malaysia yang Hidupi 6 Anak dengan Berjualan Kue</a>&nbsp;&nbsp;<font color=""#6f6f6f"">Kompas.com</font>",https://news.google.com/rss/articles/CBMiyAFBVV95cUxQSnZIN3RTZkw3cnd2WDNKZjBwcDNpOWxEQWIxNk1vb0lRQlpacmZBTnpzR3FTa2xmVTVxYmNJTGhEVjhZN3d3X1NGYTBKalluSDBfMUVWOTBiRmFTbGNNZ1ZPRi14eEZWZTNKYjd0OWZ4RkUxeU8zeDdiZ2Nhd3hEZ3l0al90NF9HZzl0OUJzb3FYOHlLNXpYUWsyaHJiOUQ0Mi1lVjhHRXZNdUxOMXBOTVNTUWlMS2g5bk5NQXlXV2tjUnpkOXNlbdIByAFBVV95cUxOei1TM19mWnlmREVPOFJXYTNPWmNOUi0yZTRoUG5jbEtmMW1SNnNHQURpR2dRVkZZMjlOWTRfbFRnc2NNZmlEeVVzeUhJNzBCRjVWV2s5WktKc0NibUtVd3FkbjhWWUlMSnpGNFBrN1ZjTVdRVFNCZGRHMGF6cmRUcFlUelc3X0ZIczN1bWViQUtzN0JVZ3FWRGNlRUhQb0pNelV4dkRaUmxvM1g3LVNoQnFqMkFTWkl5OVU1M2V1QTdGWGFCMFVSbA?oc=5,2026-06-03 23:45:00,Kompas.com
472,"Sederet Fakta Penangkapan Dadan Hindayana, dari Dugaan Modus hingga Disorot Media Asing - Kompas.com","<a href=""https://news.google.com/rss/articles/CBMixwFBVV95cUxQa0M5TExnQ1NHT3lKMkdIMXZRQmRhOElVeVZEMnhDT0FSYjhYNG5vRXA1eGNwY3pJd0JqWG4xa0V3Y0g4ZF9IMWtSdmZCVmk0QjNFbGlfLXU2T0dNWFYxVF84RkdTMHc0b3VpbVNxS1dqRE1zVFhIeVh4b3pQWC15eXFmXy1YTWEyNzAteWNXN291ZG5lMXBFX3VpZ3E4NUV3T29xaWl5ajlkSzBCU3NkWTZIY3QxTmoyUEZwMEEwUXNBV2ZyQnZF0gHHAUFVX3lxTE5UMjFGbHNwSEFnTzk4ckYzcHBrTjlackJlZ2c0RWxGVWprcHV2TVpZSWg3YlFORTA1R2xJdDRKOVBHTjBKaEJUZnE0dHF6WElteENGRklmdWtNTzhQdjVNczFQRHpwYlRsd295TUZtVzRnWElnYzVSOGI2MGdWZkw1b3JDNWc2SVkydzNfY0wxMDRkei1tQ0ZKdGtGemhUbjdIM2xySTdDaUJlZzhya3FtNE54WEZQZGZrdmx0R04tUUp4eHBvM3M?oc=5"" target=""_blank"">Sederet Fakta Penangkapan Dadan Hindayana, dari Dugaan Modus hingga Disorot Media Asing</a>&nbsp;&nbsp;<font color=""#6f6f6f"">Kompas.com</font>",https://news.google.com/rss/articles/CBMixwFBVV95cUxQa0M5TExnQ1NHT3lKMkdIMXZRQmRhOElVeVZEMnhDT0FSYjhYNG5vRXA1eGNwY3pJd0JqWG4xa0V3Y0g4ZF9IMWtSdmZCVmk0QjNFbGlfLXU2T0dNWFYxVF84RkdTMHc0b3VpbVNxS1dqRE1zVFhIeVh4b3pQWC15eXFmXy1YTWEyNzAteWNXN291ZG5lMXBFX3VpZ3E4NUV3T29xaWl5ajlkSzBCU3NkWTZIY3QxTmoyUEZwMEEwUXNBV2ZyQnZF0gHHAUFVX3lxTE5UMjFGbHNwSEFnTzk4ckYzcHBrTjlackJlZ2c0RWxGVWprcHV2TVpZSWg3YlFORTA1R2xJdDRKOVBHTjBKaEJUZnE0dHF6WElteENGRklmdWtNTzhQdjVNczFQRHpwYlRsd295TUZtVzRnWElnYzVSOGI2MGdWZkw1b3JDNWc2SVkydzNfY0wxMDRkei1tQ0ZKdGtGemhUbjdIM2xySTdDaUJlZzhya3FtNE54WEZQZGZrdmx0R04tUUp4eHBvM3M?oc=5,2026-06-04 01:00:00,Kompas.com
473,"Guru-guru di Meksiko Tumbangkan Patung Pesepak Bola dan Ancam Ganggu Piala Dunia, Ada Apa? - Kompas.com","<a href=""https://news.google.com/rss/articles/CBMixwFBVV95cUxOMkloeTFyWEhmcGhjUHEyakR4Y0tHYXJ5NTdWMHNQNXhnRnJxdldpaHVlSk16bktzSHVGZXJXekF1TWc4eWJITi1GWUtmbjVScUNPemw0TlU1c29kZkR1ZWotQnRSSHh0b1F2WlRHT05qRXd1UFBUcVg2MkNCcmx5SzJrUm5ZVnk1aHZxT0ZsMDYzTlVmaHpYc0JucDgtZ0VCYmhOR1p2V3V5T1lQNU9WbFZVSG5uQjQwQ2p2QUZmSktrQmJvWHhv0gHHAUFVX3lxTFBHcFhlNDJ5cFgxZVdzUzI4OGhuSVMtZ2FiMU1jS0dHSGY2R3dJc1g0alpWUVl0ZVZtVGpwRzUzeWxIZEFYcy1UYVNSV2daYko4RzFPTG15RHZNZTBnV3NQcHVycWdnZEpya1dVYjNndlIwOHd6T3M5RDNrYWpsbEp2WlhHR0U0VGRIU1Z4Q3k5RTB1X2liMlZtTGJoV1JkV29ESVNSbnExaUFhOGVkWUJuU21ISTVaYXlpWkpGRnhpcUlFdVJRU0k?oc=5"" target=""_blank"">Guru-guru di Meksiko Tumbangkan Patung Pesepak Bola dan Ancam Ganggu Piala Dunia, Ada Apa?</a>&nbsp;&nbsp;<font color=""#6f6f6f"">Kompas.com</font>",https://news.google.com/rss/articles/CBMixwFBVV95cUxOMkloeTFyWEhmcGhjUHEyakR4Y0tHYXJ5NTdWMHNQNXhnRnJxdldpaHVlSk16bktzSHVGZXJXekF1TWc4eWJITi1GWUtmbjVScUNPemw0TlU1c29kZkR1ZWotQnRSSHh0b1F2WlRHT05qRXd1UFBUcVg2MkNCcmx5SzJrUm5ZVnk1aHZxT0ZsMDYzTlVmaHpYc0JucDgtZ0VCYmhOR1p2V3V5T1lQNU9WbFZVSG5uQjQwQ2p2QUZmSktrQmJvWHhv0gHHAUFVX3lxTFBHcFhlNDJ5cFgxZVdzUzI4OGhuSVMtZ2FiMU1jS0dHSGY2R3dJc1g0alpWUVl0ZVZtVGpwRzUzeWxIZEFYcy1UYVNSV2daYko4RzFPTG15RHZNZTBnV3NQcHVycWdnZEpya1dVYjNndlIwOHd6T3M5RDNrYWpsbEp2WlhHR0U0VGRIU1Z4Q3k5RTB1X2liMlZtTGJoV1JkV29ESVNSbnExaUFhOGVkWUJuU21ISTVaYXlpWkpGRnhpcUlFdVJRU0k?oc=5,2026-06-04 01:45:00,Kompas.com
474,"Rupiah Tembus Rp 17.900 Per Dollar AS, Cetak Rekor Terlemah Sepanjang Sejarah - Kompas.com","<a href=""https://news.google.com/rss/articles/CBMivwFBVV95cUxOaWFkNmdyTUdnZXJZSE1pd0NkdnBOQmwwMU5WbkZFaG16ckJ6QUZHUldRTEItRDFLRzNQQWo3MnRhNjh3Z2dub29XVEx5QVQxQ3E3dXV5MTI2R28tdmJsRkxNZ1M4Q0p0WnA1anQwTGpkbmtjeEltME15WjhJRVp1bUZ5SmZpbjJ2bmZTbGlfNU9iaG5fcTdEUUdRU2cwV3dzUWJlRGNvcUVuRU5makZIaFFsbFptYVNrRndqZV9oa9IBvwFBVV95cUxPQWtfT1F0cFFuaUN3YjB6MjlnUllmOW1WaWpYclNSSFgxdU1mZlBZZldtMjloM1BhVVJTUk9LeUEzZS1ST2FONVlXUFZHdnhPdjVkVFhfbWlfSy1iV3pnalFlaTRibVR5Y3Q2Z3RuVmZXSGdmMEwzNVEtbW50LXNtNGNMaFdnd1loRW4wN0I1cjU5YWVyUDYydDYwRGxOMUxsOS16R25uZEM4d0RzZXFYWk9PRDdQSXR2Q1BKdWlwQQ?oc=5"" target=""_blank"">Rupiah Tembus Rp 17.900 Per Dollar AS, Cetak Rekor Terlemah Sepanjang Sejarah</a>&nbsp;&nbsp;<font color=""#6f6f6f"">Kompas.com</font>",https://news.google.com/rss/articles/CBMivwFBVV95cUxOaWFkNmdyTUdnZXJZSE1pd0NkdnBOQmwwMU5WbkZFaG16ckJ6QUZHUldRTEItRDFLRzNQQWo3MnRhNjh3Z2dub29XVEx5QVQxQ3E3dXV5MTI2R28tdmJsRkxNZ1M4Q0p0WnA1anQwTGpkbmtjeEltME15WjhJRVp1bUZ5SmZpbjJ2bmZTbGlfNU9iaG5fcTdEUUdRU2cwV3dzUWJlRGNvcUVuRU5makZIaFFsbFptYVNrRndqZV9oa9IBvwFBVV95cUxPQWtfT1F0cFFuaUN3YjB6MjlnUllmOW1WaWpYclNSSFgxdU1mZlBZZldtMjloM1BhVVJTUk9LeUEzZS1ST2FONVlXUFZHdnhPdjVkVFhfbWlfSy1iV3pnalFlaTRibVR5Y3Q2Z3RuVmZXSGdmMEwzNVEtbW50LXNtNGNMaFdnd1loRW4wN0I1cjU5YWVyUDYydDYwRGxOMUxsOS16R25uZEM4d0RzZXFYWk9PRDdQSXR2Q1BKdWlwQQ?oc=5,2026-06-03 06:00:00,Kompas.com
475,"DPR AS Loloskan Resolusi Hentikan Perang Iran, Apa yang Akan Terjadi Setelahnya? - Kompas.com","<a href=""https://news.google.com/rss/articles/CBMivgFBVV95cUxQV3VIZklnWTN5MHNqcV8xbGFCTndNeXFYX1JhSTFrM2JWNUdqTDZ2cEVkclotSXRqTG1mUTZzWGdLSFBjeWdjUkFZZjNFWndsVnZiNFZqWVljZGpfQW1FTENpX3VkMWZxcmctbEx5WGN0Sm5tampTN2EtbDNkME9GUmEzMUltbC1uMlpuNXp3QlNqancyY2p4SzlEZnBVUWlCYllEbGpJdDlGa25fR3lDbWFYTmpMdERJRk5hUlRB0gG-AUFVX3lxTE8wZFYzYmxNZVRhMnFiajA4UUhGUGVwQ0E0aGR1RHZabVg2eEp6TTVLc09WbzJhbHY2OGtPaklSNkVMYWJBUHJPNkhLUGExU054UGdTemswamxBOEF4ME9makNxWkZpbTZlajdfQmlEVWlFcHZBRmhlSV9Mbnc5UlpuMWNyOGM5cHJWN1VLVVBCT2l6WDdSMU1GdVIteFRxXzVUYV9uTkJqbzkzSUR1VFliZWpqQkQwQmh1WFN0TXc?oc=5"" target=""_blank"">DPR AS Loloskan Resolusi Hentikan Perang Iran, Apa yang Akan Terjadi Setelahnya?</a>&nbsp;&nbsp;<font color=""#6f6f6f"">Kompas.com</font>",https://news.google.com/rss/articles/CBMivgFBVV95cUxQV3VIZklnWTN5MHNqcV8xbGFCTndNeXFYX1JhSTFrM2JWNUdqTDZ2cEVkclotSXRqTG1mUTZzWGdLSFBjeWdjUkFZZjNFWndsVnZiNFZqWVljZGpfQW1FTENpX3VkMWZxcmctbEx5WGN0Sm5tampTN2EtbDNkME9GUmEzMUltbC1uMlpuNXp3QlNqancyY2p4SzlEZnBVUWlCYllEbGpJdDlGa25fR3lDbWFYTmpMdERJRk5hUlRB0gG-AUFVX3lxTE8wZFYzYmxNZVRhMnFiajA4UUhGUGVwQ0E0aGR1RHZabVg2eEp6TTVLc09WbzJhbHY2OGtPaklSNkVMYWJBUHJPNkhLUGExU054UGdTemswamxBOEF4ME9makNxWkZpbTZlajdfQmlEVWlFcHZBRmhlSV9Mbnc5UlpuMWNyOGM5cHJWN1VLVVBCT2l6WDdSMU1GdVIteFRxXzVUYV9uTkJqbzkzSUR1VFliZWpqQkQwQmh1WFN0TXc?oc=5,2026-06-03 23:29:00,Kompas.com
476,"6 Anak WNI di Malaysia Hidup Susah dan Tak Sekolah, Pemerintah ""Negeri Jiran"" Turun Tangan - Kompas.com","<a href=""https://news.google.com/rss/articles/CBMixwFBVV95cUxONVZUaG12SlpvYllubHpGbWwtVXI5TVR4NUdLWmpVcU1xODZkSks5S1RyMFpEc0RxTWlySDRacmE2NlZWT1JiV0ZpLS1yN0FLYTVVMWhjOVhHbnNjOF9RbGk1akZWZVk3LWtKMzhZMUNDQmZoQ0VOMWNjQlhHOVRhc01kdFZFNVU1ZDN5VEhzaFBfS0stMm5vYkNUVFlYNWRQUnlRRTE5Wld4bWo1aV82Yko3cC0wWXllTXBiQjE1ck1UTDg1bjdn0gHHAUFVX3lxTFB5clZwSVRxX0VNQUo2UzBsdzMtTnRnbmxRbEVsMUpQaWp1X2hzdmJ6bzcxeDBpZUI2OXRNT2Z1ckpNT0lRbWRfMU00RUd3R2c0RDhDdnJKTnJ4b2ZNWEowRHhaczIwVFpfLTNQWm9HVG1EU2ZEcElIZV9rc1g5UVdhTElTUkc2emsybkNlTUhmUzAzT01DeXowVTc2d3dXTC1GWDh4azV3X1Y3MjRIX1BBTXltd2tSUldyX21TeW1lR3pjWW9MRUE?oc=5"" target=""_blank"">6 Anak WNI di Malaysia Hidup Susah dan Tak Sekolah, Pemerintah ""Negeri Jiran"" Turun Tangan</a>&nbsp;&nbsp;<font color=""#6f6f6f"">Kompas.com</font>",https://news.google.com/rss/articles/CBMixwFBVV95cUxONVZUaG12SlpvYllubHpGbWwtVXI5TVR4NUdLWmpVcU1xODZkSks5S1RyMFpEc0RxTWlySDRacmE2NlZWT1JiV0ZpLS1yN0FLYTVVMWhjOVhHbnNjOF9RbGk1akZWZVk3LWtKMzhZMUNDQmZoQ0VOMWNjQlhHOVRhc01kdFZFNVU1ZDN5VEhzaFBfS0stMm5vYkNUVFlYNWRQUnlRRTE5Wld4bWo1aV82Yko3cC0wWXllTXBiQjE1ck1UTDg1bjdn0gHHAUFVX3lxTFB5clZwSVRxX0VNQUo2UzBsdzMtTnRnbmxRbEVsMUpQaWp1X2hzdmJ6bzcxeDBpZUI2OXRNT2Z1ckpNT0lRbWRfMU00RUd3R2c0RDhDdnJKTnJ4b2ZNWEowRHhaczIwVFpfLTNQWm9HVG1EU2ZEcElIZV9rc1g5UVdhTElTUkc2emsybkNlTUhmUzAzT01DeXowVTc2d3dXTC1GWDh4azV3X1Y3MjRIX1BBTXltd2tSUldyX21TeW1lR3pjWW9MRUE?oc=5,2026-06-04 00:45:00,Kompas.com
477,"El Nino Diprediksi Berkembang pada Pertengahan 2026, tapi Efek Parahnya Terjadi pada 2027 - Kompas.com","<a href=""https://news.google.com/rss/articles/CBMiwgFBVV95cUxQako1MFM3N2U3eUxORWVuc1lkR2ZFOEg0ZzVzWEtMSDN3VV9YV2VoaWdwSXNIeGFPdktlXzZYSEFvUTZBWHB2ZU95eEJoS1g1Z2ttZGZFamc0UmtQOUVQQWNYanNJa1JEYjIwRjd1R3Y3ci1BUWR2Q2YzemFFWUxYdjdwbWpIVjJaYzlFZEV2d2RWTm9NWTF3RFl6NFF5VGZQSUJUSV9kVlpZT2NHWG5rbnpCM2pMV0F1bTU2T253V01aQdIBwgFBVV95cUxPVlltWkNsTmNZRmFIX3RQMDZXNkNqa01Cd2sxdUNLS3JxLVJMRVRDY3ljc1lGRkU1bWg0bjlNakU3bFpEWDZtcVhMNWRrWE05T09JRmhzWTZIUFFGNHE0a056LXFneGYwMmhMZ1J1dDNlVEcwWXMtVkRsZ0FDTXNWWThFSklTRUdidE1tV2tUZUxRVkFzSEtKREZwMndiSVNaXzBOejNTNHI3VldtZ0dmN2hPUThiMHVDQWhfQlJTazlaQQ?oc=5"" target=""_blank"">El Nino Diprediksi Berkembang pada Pertengahan 2026, tapi Efek Parahnya Terjadi pada 2027</a>&nbsp;&nbsp;<font color=""#6f6f6f"">Kompas.com</font>",https://news.google.com/rss/articles/CBMiwgFBVV95cUxQako1MFM3N2U3eUxORWVuc1lkR2ZFOEg0ZzVzWEtMSDN3VV9YV2VoaWdwSXNIeGFPdktlXzZYSEFvUTZBWHB2ZU95eEJoS1g1Z2ttZGZFamc0UmtQOUVQQWNYanNJa1JEYjIwRjd1R3Y3ci1BUWR2Q2YzemFFWUxYdjdwbWpIVjJaYzlFZEV2d2RWTm9NWTF3RFl6NFF5VGZQSUJUSV9kVlpZT2NHWG5rbnpCM2pMV0F1bTU2T253V01aQdIBwgFBVV95cUxPVlltWkNsTmNZRmFIX3RQMDZXNkNqa01Cd2sxdUNLS3JxLVJMRVRDY3ljc1lGRkU1bWg0bjlNakU3bFpEWDZtcVhMNWRrWE05T09JRmhzWTZIUFFGNHE0a056LXFneGYwMmhMZ1J1dDNlVEcwWXMtVkRsZ0FDTXNWWThFSklTRUdidE1tV2tUZUxRVkFzSEtKREZwMndiSVNaXzBOejNTNHI3VldtZ0dmN2hPUThiMHVDQWhfQlJTazlaQQ?oc=5,2026-06-03 15:00:00,Kompas.com
478,"Anak 5,5 Tahun Sudah Masuk SD, Pakar Ingatkan Risiko Stres hingga Mogok Sekolah - Kompas.com","<a href=""https://news.google.com/rss/articles/CBMiwgFBVV95cUxObWhUS3c1cUNOWWZBY1FBNi0wSUY4X3ZsT2xaTmRWV3hoc2RpRWNOZmsyOTRWQW9SV2cwbDlOQWlGdVgzOEk3U1pLc3hMdlMtNmlybmVZZEdGUzdPbEw0OHVTUVBRc25uZGdDLVprNGxtZlBDbVRVWk5FaEptaUVGOXdCaGlzNnVwOUZSZUFUaEp2bzNTbjhjNFVtazZOeXNTWjJFaU5jRlJNd05ubm9GeXU0aGhudEZZQVRkTncwQk8zUdIBwgFBVV95cUxQMWFNTGZGczZaMF91enNVNHdicU9Pa05FYVdZSXdlTGpyMGFfZWl4d0haSm9oWmlWQmJCX3MxQWhZSTFzWk9xeWktNTE5LTVVTEF2UHFpeldNcGs2aklDcENsZ3JDSTRVa3B2cGVyQnNNNVlnX1QyNUxQV3F0ZTNGZ0ZhbEhUUW5HR21nMHN6OUhwdDdocGQ3SlItSmdISXphc1FPS0ZISTkxdEwtSkpST0syeGR2X2hhRXB2Rmhib2ItZw?oc=5"" target=""_blank"">Anak 5,5 Tahun Sudah Masuk SD, Pakar Ingatkan Risiko Stres hingga Mogok Sekolah</a>&nbsp;&nbsp;<font color=""#6f6f6f"">Kompas.com</font>",https://news.google.com/rss/articles/CBMiwgFBVV95cUxObWhUS3c1cUNOWWZBY1FBNi0wSUY4X3ZsT2xaTmRWV3hoc2RpRWNOZmsyOTRWQW9SV2cwbDlOQWlGdVgzOEk3U1pLc3hMdlMtNmlybmVZZEdGUzdPbEw0OHVTUVBRc25uZGdDLVprNGxtZlBDbVRVWk5FaEptaUVGOXdCaGlzNnVwOUZSZUFUaEp2bzNTbjhjNFVtazZOeXNTWjJFaU5jRlJNd05ubm9GeXU0aGhudEZZQVRkTncwQk8zUdIBwgFBVV95cUxQMWFNTGZGczZaMF91enNVNHdicU9Pa05FYVdZSXdlTGpyMGFfZWl4d0haSm9oWmlWQmJCX3MxQWhZSTFzWk9xeWktNTE5LTVVTEF2UHFpeldNcGs2aklDcENsZ3JDSTRVa3B2cGVyQnNNNVlnX1QyNUxQV3F0ZTNGZ0ZhbEhUUW5HR21nMHN6OUhwdDdocGQ3SlItSmdISXphc1FPS0ZISTkxdEwtSkpST0syeGR2X2hhRXB2Rmhib2ItZw?oc=5,2026-06-03 08:00:00,Kompas.com
479,"Mana yang Lebih Baik, Minum Kopi atau Teh di Pagi Hari? - Kompas.com","<a href=""https://news.google.com/rss/articles/CBMirAFBVV95cUxOX0QxenZzOVk4N3BnVS1vZ25oV3VtLU8tbmp2aXRXWkppSDhZWDlBSERuUEk2Wi1kd0UzcGNLc3hCeUF6U3ZhYjcwSmkzcWp2MGRycVI3QkhzbTJKVjBVY0FYZTNLYWNsbDdGVHd4OHBHdU5sc05OS1hTZU5VWTNYeUE0a1Zld3hIMEhxc3JOcmtqWEdSVTZTQzl1Y0tSMm5qaEkyVTd6UjNkcUoz0gGsAUFVX3lxTFBCWnNGOGtTQ0Y0bkprdVQyMDRLbWVRVUxFLXdqRno0R2I5eE1iRFVkejRFcjI4MFRnaVNLUW4tR1BlSHplNEgwLVdPbVU4MTU2OGVnY3RYQzhKMGpobGF5S1hZLW5SRnI2enV5TkNReU1EcXY3ODZQb3NKcnIzVjZ6MURrMVNKU2Zkb0ZvWDJrQ0FsdXloeFdmV3FQT1NGd1F4ZTBBeG1pQktkQVo?oc=5"" target=""_blank"">Mana yang Lebih Baik, Minum Kopi atau Teh di Pagi Hari?</a>&nbsp;&nbsp;<font color=""#6f6f6f"">Kompas.com</font>",https://news.google.com/rss/articles/CBMirAFBVV95cUxOX0QxenZzOVk4N3BnVS1vZ25oV3VtLU8tbmp2aXRXWkppSDhZWDlBSERuUEk2Wi1kd0UzcGNLc3hCeUF6U3ZhYjcwSmkzcWp2MGRycVI3QkhzbTJKVjBVY0FYZTNLYWNsbDdGVHd4OHBHdU5sc05OS1hTZU5VWTNYeUE0a1Zld3hIMEhxc3JOcmtqWEdSVTZTQzl1Y0tSMm5qaEkyVTd6UjNkcUoz0gGsAUFVX3lxTFBCWnNGOGtTQ0Y0bkprdVQyMDRLbWVRVUxFLXdqRno0R2I5eE1iRFVkejRFcjI4MFRnaVNLUW4tR1BlSHplNEgwLVdPbVU4MTU2OGVnY3RYQzhKMGpobGF5S1hZLW5SRnI2enV5TkNReU1EcXY3ODZQb3NKcnIzVjZ6MURrMVNKU2Zkb0ZvWDJrQ0FsdXloeFdmV3FQT1NGd1F4ZTBBeG1pQktkQVo?oc=5,2026-06-04 00:30:00,Kompas.com
480,6 Tanda Anak Mendapat Pola Asuh yang Benar Menurut Psikolog - Kompas.com,"<a href=""https://news.google.com/rss/articles/CBMiswFBVV95cUxQb3BqU1ZIeFZ2MFU0elJxVjY0OHlGODR6SGFRa19tWUNHYjV5OWtxcVpJS3ZwWmVUY2RUU051Yi1ZTUlaZS0wVzJkNFZBLUpoREhkaENlRG1iTmNqRXFKV2dmcFFzQ3FMeXRxUjNCV2V4MVlvVmVXOFByXzNmemxNcXA0U0ltcDlFVTZ2bWhxYTV6Zjg5T2dNQ2tJVmtRT0lqbnc3aTkwM1ZSYnFyU1MyN3Yyaw?oc=5"" target=""_blank"">6 Tanda Anak Mendapat Pola Asuh yang Benar Menurut Psikolog</a>&nbsp;&nbsp;<font color=""#6f6f6f"">Kompas.com</font>",https://news.google.com/rss/articles/CBMiswFBVV95cUxQb3BqU1ZIeFZ2MFU0elJxVjY0OHlGODR6SGFRa19tWUNHYjV5OWtxcVpJS3ZwWmVUY2RUU051Yi1ZTUlaZS0wVzJkNFZBLUpoREhkaENlRG1iTmNqRXFKV2dmcFFzQ3FMeXRxUjNCV2V4MVlvVmVXOFByXzNmemxNcXA0U0ltcDlFVTZ2bWhxYTV6Zjg5T2dNQ2tJVmtRT0lqbnc3aTkwM1ZSYnFyU1MyN3Yyaw?oc=5,2026-06-04 01:30:00,Kompas.com
481,Apa yang Terjadi di Bawah New York? Kelompok Ini Terekam Keluar-Masuk Saluran Kota - Kompas.com,"<a href=""https://news.google.com/rss/articles/CBMivwFBVV95cUxPWXpFV190QkRObHpPZDdYdGFGRFpMU3FhblZyalRTdUNIVDRLOGlCT1hIRkJGU050TnYyNDZlNF9QZmhCekxnTGFaNU8xOEZMd294ZWtBdHhYY1BmUm0zSm51VW8ta2dkRlpUcWJaTVVYZ1ExTWhsbTJIbjFBYlBCaWZhb25wd082V2NhMk9sMnRrc3JjamlfNmxCRURxTXlmUUlELVJrRmNETU1MT21EVnF6Ql9yM18zSHVRQ2QtMNIBvwFBVV95cUxPZzFzNk1PaVVEQXlodzlUS3ctSW9ub19jRW9WTjJhWURVbHBVRWJ4clMxZWkxM0ZQb1NDVm01dmFyc3V3OEpJNDJ6dHhhRTlSdkdTUzhHSW5OSnBra1A0dGlZOURZRm9BeU54b0tyZW9USlQyb3c5eDAtTzYtbWxMT0dUR2stcERmQmtMTEJQYy02dXpYSnh4Rks2MEpuMW5SZU4xTGxNcnhHUHFXb1pVeTFEQnplUzh0Qmg0SVRVMA?oc=5"" target=""_blank"">Apa yang Terjadi di Bawah New York? Kelompok Ini Terekam Keluar-Masuk Saluran Kota</a>&nbsp;&nbsp;<font color=""#6f6f6f"">Kompas.com</font>",https://news.google.com/rss/articles/CBMivwFBVV95cUxPWXpFV190QkRObHpPZDdYdGFGRFpMU3FhblZyalRTdUNIVDRLOGlCT1hIRkJGU050TnYyNDZlNF9QZmhCekxnTGFaNU8xOEZMd294ZWtBdHhYY1BmUm0zSm51VW8ta2dkRlpUcWJaTVVYZ1ExTWhsbTJIbjFBYlBCaWZhb25wd082V2NhMk9sMnRrc3JjamlfNmxCRURxTXlmUUlELVJrRmNETU1MT21EVnF6Ql9yM18zSHVRQ2QtMNIBvwFBVV95cUxPZzFzNk1PaVVEQXlodzlUS3ctSW9ub19jRW9WTjJhWURVbHBVRWJ4clMxZWkxM0ZQb1NDVm01dmFyc3V3OEpJNDJ6dHhhRTlSdkdTUzhHSW5OSnBra1A0dGlZOURZRm9BeU54b0tyZW9USlQyb3c5eDAtTzYtbWxMT0dUR2stcERmQmtMTEJQYy02dXpYSnh4Rks2MEpuMW5SZU4xTGxNcnhHUHFXb1pVeTFEQnplUzh0Qmg0SVRVMA?oc=5,2026-06-03 07:31:00,Kompas.com
482,Lifting Minyak Capai 576 Ribu Barel per Hari per Mei 2026,"SKK Migas mencatat realisasi lifting minyak mencapai 576,2 ribu barel oil per day (BOPD) per Mei, mendekati proyeksi outlook 2026 yakni 610 ribu BOPD.",https://www.cnnindonesia.com/ekonomi/20260603174855-85-1365039/lifting-minyak-capai-576-ribu-barel-per-hari-per-mei-2026,2026-06-04 02:01:10,CNN Indonesia
483,"Selain Silmy Karim, KPK Tahan 7 Pejabat Imigrasi Kasus Pengurusan WNA","KPK menahan 8 tersangka, termasuk Wakil Menteri Imigrasi Silmy Karim, dalam kasus korupsi izin WNA.",https://www.cnnindonesia.com/nasional/20260604085518-12-1365191/selain-silmy-karim-kpk-tahan-7-pejabat-imigrasi-kasus-pengurusan-wna,2026-06-04 02:00:36,CNN Indonesia
484,Bus Simbol Setan dengan Rute ke 'Neraka' Dihidupkan Kembali Tahun Ini,Flixbus resmi menghidupkan kembali rute bus bernomor '666' legendaris yang sempat dijuluki 'Highway to Hel' untuk menyambut musim liburan musim panas.,https://www.cnnindonesia.com/gaya-hidup/20260603105129-269-1364806/bus-simbol-setan-dengan-rute-ke-neraka-dihidupkan-kembali-tahun-ini,2026-06-04 02:00:35,CNN Indonesia
485,VIDEO: CCTV Kian Andal Ungkap Berbagai Kasus Kejahatan,Penggunaan rekaman Closed-Circuit Television atau CCTV terbukti efektif dalam mengungkap sejumlah tindak kriminal.,https://www.cnnindonesia.com/tv/20260604082112-400-1365181/video-cctv-kian-andal-ungkap-berbagai-kasus-kejahatan,2026-06-04 02:00:15,CNN Indonesia
486,"Mulai Juni 2026, Daftar HP Ini Sudah Tak Bisa Lagi Pakai WhatsApp",Sejumlah ponsel lawas tidak bisa mengakses WhatsApp per Juni 2026. Pengguna perlu upgrade ke iOS 15.1 atau Android 5.0 untuk akses layanan.,https://www.cnnindonesia.com/teknologi/20260603155446-185-1364976/daftar-hp-yang-sudah-tak-bisa-lagi-pakai-whatsapp-mulai-juni-2026,2026-06-04 02:00:09,CNN Indonesia
487,FOTO: Belanda Dipermalukan Aljazair Jelang Piala Dunia,Belanda kalah 0-1 dari Aljazair dalam uji coba yang terakhir kali digelar di kandang sebelum bertolak ke Amerika Serikat untuk tampil di Piala Dunia.,https://www.cnnindonesia.com/olahraga/20260604081700-144-1365170/foto-belanda-dipermalukan-aljazair-jelang-piala-dunia,2026-06-04 01:56:08,CNN Indonesia
488,"Wamen Silmy Karim Jadi Tersangka: Pakai Rompi KPK, Tangan Terborgol",KPK menetapkan Wakil Menteri Imigrasi Silmy Karim sebagai tersangka dalam OTT di Jakarta Barat.,https://www.cnnindonesia.com/nasional/20260604083510-12-1365187/wamen-silmy-karim-jadi-tersangka-pakai-rompi-kpk-tangan-terborgol,2026-06-04 01:53:10,CNN Indonesia
489,"Bukan Cuma AS, Pemilu di Negara NATO Ini Mulai Disusupi Israel","Bukan hanya AS, pemilihan umum negara anggota Aliansi Pertahanan Atlantik Utara (NATO) ini juga dikabarkan disusupi oleh agen-agen israel.",https://www.cnnindonesia.com/internasional/20260604080419-134-1365165/bukan-cuma-as-pemilu-di-negara-nato-ini-mulai-disusupi-israel,2026-06-04 01:50:10,CNN Indonesia
490,VIDEO: Jemaah Haji Isi Waktu Luang dengan Berziarah di Makkah,"Banyak cara dilakukan jemaah haji Indonesia untuk mengisi waktu di Makkah, Arab Saudi. Salah satunya dengan berziarah ke Makam Ma'la.",https://www.cnnindonesia.com/tv/20260604081754-400-1365180/video-jemaah-haji-isi-waktu-luang-dengan-berziarah-di-makkah,2026-06-04 01:45:10,CNN Indonesia
491,Silmy Karim Ditahan KPK Kasus Pengurusan Izin WNA di Indonesia,Wakil Menteri Imigrasi dan Pemasyarakatan (Imipas) Silmy Karim resmi ditahan oleh KPK usai menyerahkan diri terkait OTT di Jakarta Barat.,https://www.cnnindonesia.com/nasional/20260604083129-12-1365185/silmy-karim-ditahan-kpk-kasus-pengurusan-izin-wna-di-indonesia,2026-06-04 01:43:53,CNN Indonesia
492,Perkembangan Sidang Cerai Wardatina Mawa dan Insanul Fahmi,Wardatina Mawa blak-blakan soal perkembangan terbaru proses perceraiannya dengan Insanul Fahmi.,https://www.cnnindonesia.com/hiburan/20260604075539-234-1365164/wardatina-mawa-beber-proses-sidang-cerai-dari-insanul-fahmi,2026-06-04 01:40:08,CNN Indonesia
493,"Kata-kata Prabowo soal Dadan BGN, Sedih Copot Orang Kepercayaan",Presiden Prabowo Subianto mengaku sedih mencopot Dadan Hindayana dan dua mantan wakilnya sebagai orang yang dipercaya dari jabatan pimpinan di BGN.,https://www.cnnindonesia.com/nasional/20260604081553-32-1365183/kata-kata-prabowo-soal-dadan-bgn-sedih-copot-orang-kepercayaan,2026-06-04 01:35:03,CNN Indonesia
494,3 Duel Panas di 16 Besar Indonesia Open Kamis 4 Juni,Indonesia Open 2026 memasuki babak 16 besar pada Kamis (4/6). Berikut tiga duel panas yang akan tersaji hari ini.,https://www.cnnindonesia.com/olahraga/20260604080946-170-1365166/3-duel-panas-di-16-besar-indonesia-open-kamis-4-juni,2026-06-04 01:32:16,CNN Indonesia
495,VIDEO: Perjuangan Anak Negeri Menuntut Ilmu di Tengah Keterbatasan,Potret kemiskinan dan pembangunan yang belum merata di dunia pendidikan masih terlihat di negeri ini.,https://www.cnnindonesia.com/tv/20260604081306-400-1365169/video-perjuangan-anak-negeri-menuntut-ilmu-di-tengah-keterbatasan,2026-06-04 01:30:13,CNN Indonesia
496,"IHSG Babak Belur, Purbaya Tuding Rumor Downgrade SdanP Jadi Biang Kerok","Menurut Purbaya, pelemahan pasar saham lebih dipengaruhi oleh isu atau rumor negatif yang beredar.",https://www.cnnindonesia.com/ekonomi/20260604081234-532-1365168/ihsg-babak-belur-purbaya-tuding-rumor-downgrade-sp-jadi-biang-kerok,2026-06-04 01:24:58,CNN Indonesia
497,"Konsumsi Semangka Turunkan Risiko Penyakit Jantung, Kok Bisa?",Ternyata semangka menawarkan manfaat lebih dari sekadar buah pelepas dahaga yang menyegarkan.,https://www.cnnindonesia.com/gaya-hidup/20260604080126-262-1365163/konsumsi-semangka-turunkan-risiko-penyakit-jantung-kok-bisa,2026-06-04 01:15:22,CNN Indonesia
498,VIDEO: KPK Sita Puluhan Kendaraan Milik Kepala Imigrasi Jakbar,Komisi Pemberantasan Korupsi terus mendalami operasi tangkap tangan yang menjerat Kepala Kantor Imigrasi Jakarta Barat pada Rabu malam.,https://www.cnnindonesia.com/tv/20260604080953-400-1365167/video-kpk-sita-puluhan-kendaraan-milik-kepala-imigrasi-jakbar,2026-06-04 01:13:04,CNN Indonesia
499,Tokoh MLB: 40 Persen NU Daerah Ingin Perubahan di Tubuh PBNU,"Menjelang Muktamar NU ke-35, 40 persen PWNU dan PCNU di Indonesia diklaim ingin perubahan di PBNU.",https://www.cnnindonesia.com/nasional/20260603201923-20-1365103/tokoh-mlb-40-persen-nu-daerah-ingin-perubahan-di-tubuh-pbnu,2026-06-04 01:12:38,CNN Indonesia
500,"Ini Rudal Ganas Jarak Jauh Iran, Bisa Terbang Rendah Hindari Radar","Iran disebut kembangkan rudal jarak jauh buatan lokal, Paveh, mampu terbang rendah untuk hindari deteksi radar.",https://www.cnnindonesia.com/internasional/20260603195833-120-1365082/ini-rudal-ganas-jarak-jauh-iran-bisa-terbang-rendah-hindari-radar,2026-06-04 01:10:10,CNN Indonesia
501,Badai PHK Mulai Terjang Sektor Tambang Buntut Kuota Produksi Dipangkas,Badai PHK mulai menerjang perusahaan tambang imbas pemangkasan produksi komoditas mineral dan batu bara (minerba) dalam RKAB 2026.,https://www.cnnindonesia.com/ekonomi/20260603180331-85-1365046/badai-phk-mulai-terjang-sektor-tambang-buntut-kuota-produksi-dipangkas,2026-06-04 01:05:31,CNN Indonesia
502,Klasemen Piala AFF U-19 usai Australia Bantai Filipina 10-0,Klasemen Piala AFF U-19 2026 mengalami perubahan usai Timnas Australia U-19 bantai Filipina dengan skor telak 10-0.,https://www.cnnindonesia.com/olahraga/20260604075410-142-1365162/klasemen-piala-aff-u-19-usai-australia-bantai-filipina-10-0,2026-06-04 01:01:12,CNN Indonesia
503,Harga Ponsel Semakin Mahal Imbas Kurs Dolar AS Naik,Harga ponsel di Indonesia berpotensi naik akibat melemahnya rupiah. Kenaikan harga sudah lebih dulu naik sejak awal tahun imbas krisis memori.,https://www.cnnindonesia.com/teknologi/20260603231139-206-1365111/dolar-as-tembus-rp18-ribu-siap-siap-harga-hp-lebih-mahal,2026-06-04 01:00:30,CNN Indonesia
504,FOTO: Deretan Barang Bukti  OTT Kepala Imigrasi Jakarta Barat,KPK menyita 33 kendaraan dalam OTT di lingkungan Kementerian Imigrasi dan Pemasyarakatan yang menjerat Kepala Imigrasi Jakbar Ronald Arman Abdullah.,https://www.cnnindonesia.com/nasional/20260604070503-14-1365142/foto-deretan-barang-bukti-ott-kepala-imigrasi-jakarta-barat,2026-06-04 00:55:23,CNN Indonesia
505,"IHSG-Rupiah Kompak Ambruk, Alarm Krisis Kepercayaan Investor Menyala?","Bercermin dari kondisi IHSG dan Rupiah saat ini, apakah ekonomi Indonesia sudah tak menarik di mata investor? Atau hal ini murni karena faktor eksternal saja?",https://www.cnnindonesia.com/ekonomi/20260604072451-78-1365152/ihsg-rupiah-kompak-ambruk-alarm-krisis-kepercayaan-investor-menyala,2026-06-04 00:50:14,CNN Indonesia
506,Sidang Vonis Noel Ebenezer Diketok Hakim Hari Ini,"Bekas Wamenaker Immanuel ""Noel"" Ebenezer Gerungan dijadwalkan menghadapi sidang pembacaan putusan kasus dugaan pemerasan pengurusan sertifikat K3 hari ini.",https://www.cnnindonesia.com/nasional/20260604073752-12-1365160/sidang-vonis-noel-ebenezer-diketok-hakim-hari-ini,2026-06-04 00:45:13,CNN Indonesia
507,"Kreator Konten Disebut Ejek Kaum Disabilitas, Pahami Apa itu Ableism",Media sosial ramai membicarakan kreator konten yang mempromosikan produk sembari berpura-pura memiliki disabilitas.,https://www.cnnindonesia.com/gaya-hidup/20260604065222-284-1365137/kreator-konten-disebut-ejek-kaum-disabilitas-pahami-apa-itu-ableism,2026-06-04 00:31:55,CNN Indonesia
508,Iran Klaim Bandara Kuwait Rusak Berat Gegara Rudal Patriot AS Nyasar,"Militer Iran mengeklaim Bandara Internasional Kuwait rusak berat karena eror rudal sistem pertahanan udara AS, Patriot, yang menyasar ke bandara itu.",https://www.cnnindonesia.com/internasional/20260604070423-120-1365141/iran-klaim-bandara-kuwait-rusak-berat-gegara-rudal-patriot-as-nyasar,2026-06-04 00:30:23,CNN Indonesia
509,PFA: Israel Culik 2 Pemain Timnas Putri Palestina,"PFA menyatakan kecaman keras atas penangkapan dua pemain timnas putri Palestina, Rand Al Halawani dan Metalle Abu Dayyah, oleh otoritas Israel, Selasa (2/6).",https://www.cnnindonesia.com/olahraga/20260604071851-142-1365151/pfa-israel-culik-2-pemain-timnas-putri-palestina,2026-06-04 00:30:11,CNN Indonesia
510,Alasan Erin Kirim Surat Protes ke DPR soal Isu dengan Eks ART,Erin melayangkan surat protes resmi ke DPR RI menyusul RDP Komisi III terkait perselisihannya dengan mantan ART-nya.,https://www.cnnindonesia.com/hiburan/20260604064106-234-1365136/alasan-erin-kirim-surat-protes-ke-dpr-soal-isu-dengan-eks-art,2026-06-04 00:30:07,CNN Indonesia
511,Sony Sonjaya Terima Kasih ke Nanik S Deyang BGN Atas 'Hadiah Indah',"Mantan Wakil Ke BGN Sony Sanjaya berterima kasih kepada Nanik S Deyang atas ""hadiah indah"" yang diberikan kepadanya.",https://www.cnnindonesia.com/nasional/20260604070006-12-1365140/sony-sonjaya-tulis-pesan-untuk-kepala-bgn-nanik-s-deyang-apa-isinya,2026-06-04 00:25:07,CNN Indonesia
512,Pengajuan KIP Kuliah Ditolak? Ini 5 Langkah yang Bisa Dilakukan,Berikut beberapa hal yang bisa dilakukan ketika pengajuan KIP Kuliah ditolak.,https://www.cnnindonesia.com/edukasi/20260602113204-561-1364429/pengajuan-kip-kuliah-ditolak-ini-5-langkah-yang-bisa-dilakukan,2026-06-04 00:20:40,CNN Indonesia
513,"Tambah Lagi Dealer Mobil Jepang Tutup Operasional, Kali Ini Daihatsu","Dealer Daihatsu yang tutup diketahui milik Asco Automotive, yaitu Asco Daihatsu Mastrip, berlokasi di Surabaya, Jawa Timur.",https://www.cnnindonesia.com/otomotif/20260604071152-579-1365150/tambah-lagi-dealer-mobil-jepang-tutup-operasional-kali-ini-daihatsu,2026-06-04 00:16:04,CNN Indonesia
514,Ibu di Bantul Ikat dan Lakban Anak Balita karena Ingin Jalan-jalan,Seorang ibu di Bantul mengikat kaki dan tangan anaknya yang masih balita karena penat ingin jalan-jalan. Mulut balita usia 3 tahun itu bahkan sampai dilakban.,https://www.cnnindonesia.com/nasional/20260604065823-12-1365138/lelah-butuh-refreshing-ibu-di-bantul-ikat-dan-lakban-anak-balita,2026-06-04 00:13:03,CNN Indonesia
515,Wamenhaj Serahkan Paket Daging Dam Jemaah RI untuk Rakyat Palestina,"Wamenhaj RI, Dahnil Anzar Simanjuntak, secara simbolis menyerahkan paket daging dam (hadyu) jemaah haji Indonesia untuk masyarakat Palestina.",https://www.cnnindonesia.com/nasional/20260604070831-20-1365149/wamenhaj-serahkan-paket-daging-dam-jemaah-ri-untuk-rakyat-palestina,2026-06-04 00:12:40,CNN Indonesia
516,"Waspada Potensi Hujan Lebat Hari Ini, Cek Daftar Wilayahnya","Hujan sedang hingga sangat lebat diprediksi terjadi di sejumlah wilayah Indonesia hari ini, Kamis (4/6).",https://www.cnnindonesia.com/teknologi/20260603162204-199-1364992/bmkg-bocorkan-daftar-wilayah-berpotensi-diguyur-hujan-hari-ini,2026-06-04 00:10:00,CNN Indonesia
517,FOTO: Detik-detik Silmy Karim Serahkan Diri ke KPK,Wamen Imipas Silmy Karim menyerahkan diri ke KPK di tengah rangkaian operasi tangkap tangan kasus pengurusan izin tinggal WNA di Indonesia.,https://www.cnnindonesia.com/nasional/20260604061420-14-1365120/foto-detik-detik-silmy-karim-serahkan-diri-ke-kpk,2026-06-04 00:05:00,CNN Indonesia
518,An Se Young: Megawati adalah Salah Satu Sahabat Saya,"Tunggal putri Korea Selatan,An Se Young mengakui bintang voli Indonesia, Megawati Hangestri Pertiwi adalah sahabatnya.",https://www.cnnindonesia.com/olahraga/20260604070021-170-1365139/an-se-young-megawati-adalah-salah-satu-sahabat-saya,2026-06-04 00:01:35,CNN Indonesia
519,"Serangan Iran ke Kuwait, Satu Orang Tewas dan 60 Luka-luka",Serangan Iran ke wilayah Kuwait menewaskan satu orang dan melukai lebih dari 60 orang pada Rabu (3/6).,https://www.cnnindonesia.com/internasional/20260604063951-120-1365134/serangan-iran-ke-kuwait-satu-orang-tewas-60-luka-luka,2026-06-03 23:55:30,CNN Indonesia
520,IHSG Berpotensi Lanjut Bergelut di Zona Merah Hari Ini,"IHSG ditutup di level 5.941 pada perdagangan Rabu (3/6) sore. Indeks saham melemah 254,36 poin atau minus 4,11 persen dari perdagangan sebelumnya.",https://www.cnnindonesia.com/ekonomi/20260604063958-92-1365135/ihsg-berpotensi-lanjut-bergelut-di-zona-merah-hari-ini,2026-06-03 23:53:21,CNN Indonesia
521,Dari Mana Asalnya Duit Menggunung Triliunan yang Dipamerkan Satgas PKH,Satgas PKH ungkap sumber uang triliunan dari denda administrasi pelanggaran lahan. Uang disetorkan sebagai penerimaan negara.,https://www.cnnindonesia.com/nasional/20260604062821-12-1365129/dari-mana-asalnya-duit-menggunung-triliunan-yang-dipamerkan-satgas-pkh,2026-06-03 23:50:09,CNN Indonesia
522,Van Dijk Murka usai Belanda Kalah dari Aljazair Jelang Piala Dunia,Kapten Belanda Virgil van Dijk menyebut kekalahan dari Aljazair rusak momen perpisahan tim tuan rumah jelang berangkat ke Piala Dunia 2026.,https://www.cnnindonesia.com/olahraga/20260604063656-142-1365132/van-dijk-murka-usai-belanda-kalah-dari-aljazair-jelang-piala-dunia,2026-06-03 23:46:31,CNN Indonesia
523,Dokter Soroti Wanita Viral yang Nonton Konser Saat Campak,Wanita di Jakarta viral usai mengaku nonton konser saat sakit campak. Dokter mengingatkan risiko penularannya sangat tinggi.,https://www.cnnindonesia.com/gaya-hidup/20260603204758-255-1365102/dokter-soroti-wanita-viral-yang-nonton-konser-saat-campak,2026-06-03 23:45:02,CNN Indonesia
524,"Peringatan Keras Prabowo: MBG Ini Sakral, Bukan Buat Perkaya Oknum",Presiden Prabowo Subianto memperingatkan para mitra SPPG untuk menjalankan program MBG dengan baik dan tidak boleh jadi sarana memperkaya oknum.,https://www.cnnindonesia.com/nasional/20260604063310-20-1365131/peringatan-keras-prabowo-mbg-ini-sakral-bukan-buat-perkaya-oknum,2026-06-03 23:42:02,CNN Indonesia
525,Fakta-Fakta Kasus Korupsi MBG Eks Kepala BGN Dadan Cs,Kejagung menetapkan Dadan Hindayana dan dua mantan Wakil Kepala BGN sebagai tersangka korupsi dengan dugaan mark up anggaran program Makan Bergizi Gratis.,https://www.cnnindonesia.com/nasional/20260604061723-12-1365128/fakta-fakta-kasus-korupsi-mbg-eks-kepala-bgn-dadan-cs,2026-06-03 23:35:45,CNN Indonesia
526,Rupiah Jebol Level Rp18.000 per Dolar AS Pagi Ini,"Adapun dalam 24 jam terakhir, nilai tukar rupiah terpantau sempat menyentuh level terlemah di Rp18.013 per dolar AS.",https://www.cnnindonesia.com/ekonomi/20260604060848-78-1365118/rupiah-jebol-level-rp18000-per-dolar-as-pagi-ini,2026-06-03 23:33:10,CNN Indonesia
527,"Top 3 Sports: An Se Young Kagumi Megawati, Australia Bantai Filipina","Kekaguman pemain badminton asal Korea Selatan An Se Young pada bintang voli Indonesia, Megawati Hangestri Pertiwi menjadi berita olahraga terpopuler.",https://www.cnnindonesia.com/olahraga/20260604062040-178-1365127/top-3-sports-an-se-young-kagumi-megawati-australia-bantai-filipina,2026-06-03 23:30:10,CNN Indonesia
528,Jazz Gunung 2026 Digelar di Gunung Slamet dan Gunung Bromo,"Jazz Gunung 2026 akan berlangsung di Gunung Slamet dan Gunung Bromo. Cek jadwal, lineup, dan harga tiket Jazz Gunung di sini.",https://www.cnnindonesia.com/hiburan/20260604060821-227-1365119/detail-jazz-gunung-2026-jadwal-lineup-dan-harga-tiket,2026-06-03 23:30:06,CNN Indonesia
529,Keluarga Kacab Bank Kecewa TNI Terdakwa Pembunuhan Divonis 13 Tahun,Keluarga kacab Bank mendesak Oditur Militer untuk banding atas putusan hakim terhadap 3 anggota TNI terdakwa pembunuhan.,https://www.cnnindonesia.com/nasional/20260603215743-12-1365108/keluarga-kacab-bank-kecewa-tni-terdakwa-pembunuhan-divonis-13-tahun,2026-06-03 23:22:03,CNN Indonesia
530,Kim Jong Un Makin Gila-gilaan Genjot Produksi Senjata Nuklir Korut,Pemimpin Korea Utara Kim Jong Un semakin gila-gilaan menggenjot senjata nuklir berkali lipat dari sebelumnya.,https://www.cnnindonesia.com/internasional/20260604055709-113-1365116/kim-jong-un-makin-gila-gilaan-genjot-produksi-senjata-nuklir-korut,2026-06-03 23:20:02,CNN Indonesia
531,Unek-unek Penonton Lihat Tuan Rumah Berguguran di Awal Indonesia Open,Penonton Indonesia Open 2026 menyampaikan unek-unek melihat wakil tuan rumah berguguran pada babak pertama atau 32 besar.,https://www.cnnindonesia.com/olahraga/20260604001106-170-1365113/unek-unek-penonton-lihat-tuan-rumah-berguguran-di-awal-indonesia-open,2026-06-03 23:15:59,CNN Indonesia
532,Hasil Uji Coba: Gol Menakjubkan Moussa Bawa Aljazair Hajar Belanda,Gol menakjubkan pemain Aljazair Anis Hadj Moussa sukses membawa timnya mengalahkan Belanda dalam uji coba FIFA Matchday.,https://www.cnnindonesia.com/olahraga/20260604055849-142-1365117/hasil-uji-coba-gol-menakjubkan-moussa-bawa-aljazair-hajar-belanda,2026-06-03 23:02:04,CNN Indonesia
533,"Lari Pagi atau Sore, Mana yang Lebih Baik untuk Tubuh?","Lari pagi dan lari sore sebenarnya sama-sama bermanfaat. Namun, keduanya punya keunggulan yang berbeda. Berikut penjelasannya.",https://www.cnnindonesia.com/gaya-hidup/20260529165351-255-1363493/lari-pagi-atau-sore-mana-yang-lebih-baik-untuk-tubuh,2026-06-03 23:00:21,CNN Indonesia
534,Prabowo Minta MBG Tak Perkaya Oknum: Makan Paling Gampang Dikorupsi,Presiden Prabowo meminta program Makan Bergizi Gratis harus bebas dari korupsi. Tiga mantan pimpinan BGN ditangkap Kejagung.,https://www.cnnindonesia.com/nasional/20260603190430-32-1365072/prabowo-minta-mbg-tak-perkaya-oknum-makan-paling-gampang-dikorupsi,2026-06-03 22:50:06,CNN Indonesia
535,Trump Ingin Bertemu Mojtaba Khamenei hingga Akui Bentak Netanyahu,Berikut berita-berita global 24 jam terakhir yang terangkum dalam Kilas Internasional pagi ini.,https://www.cnnindonesia.com/internasional/20260604052227-134-1365115/trump-ingin-bertemu-mojtaba-khamenei-hingga-akui-bentak-netanyahu,2026-06-03 22:45:35,CNN Indonesia
536,FOTO: Huntara Korban Banjir Bandang Aceh Roboh Diterjang Angin Kencang,Puluhan rumah hunian sementara (huntara) korban banjir bandang Aceh rusak diterjang angin kencang.,https://www.cnnindonesia.com/nasional/20260603201819-22-1365086/foto-huntara-korban-banjir-bandang-aceh-roboh-diterjang-angin-kencang,2026-06-03 22:40:41,CNN Indonesia
537,Moto3 Hungaria 2026: Ujian Serius Veda Ega dan Hakim Danish,"Moto3 Hungaria 2026 di Sirkuit Balaton Park akan menjadi ujian serius bagi pembalap Honda Team Asia, Veda Ega Pratama, dan Hakim Danish asal Malaysia.",https://www.cnnindonesia.com/olahraga/20260603211644-156-1365105/moto3-hungaria-2026-ujian-serius-veda-ega-dan-hakim-danish,2026-06-03 22:33:14,CNN Indonesia
538,Bos NATO Diam-diam ke Ukraina kala Kyiv Digempur Rudal Rusia Lagi,"Sekretaris Jenderal NATO, Mark Rutte, tiba di Kyiv dalam kunjungan rahasia ketika Ukraina kembali digempur habis-habisan Rusia.",https://www.cnnindonesia.com/internasional/20260603183142-134-1365055/bos-nato-diam-diam-ke-ukraina-kala-kyiv-digempur-rudal-rusia-lagi,2026-06-03 22:15:00,CNN Indonesia
539,"Salaman dengan PM UEA, Azmoun Dicoret dari Skuad Piala Dunia Iran",Bintang timnas Iran Sardar Azmoun dicoret dari skuad Piala Dunia 2026 diduga gara-gara foto salaman dengan Perdana Menteri UEA Mohammed bin Rashid Al Maktoum.,https://www.cnnindonesia.com/olahraga/20260604045431-142-1365114/bintang-iran-dicoret-dari-skuad-piala-dunia-imbas-foto-salaman,2026-06-03 22:06:25,CNN Indonesia
540,Park Shin-hye Bintangi The Judge from Hell 2 setelah Melahirkan,"The Judge from Hell dipastikan lanjut season 2, masih dibintangi Park Shin-hye, dan akan tayang pada 2027.",https://www.cnnindonesia.com/hiburan/20260603123801-220-1364855/park-shin-hye-balik-bintangi-judge-from-hell-2-tayang-2027,2026-06-03 22:00:05,CNN Indonesia
541,Quartararo Bantah Cegah Bagnaia Gabung Yamaha,Fabio Quartararo membantah rumor yang menyebut mencegah Francesco Bagnaia bergabung dengan Yamaha pada MotoGP 2027.,https://www.cnnindonesia.com/olahraga/20260603160014-156-1364979/quartararo-bantah-cegah-bagnaia-gabung-yamaha,2026-06-03 21:41:18,CNN Indonesia
542,FOTO: Forum Ekonomi Rusia Diteror Hujanan 50 Drone Ukraina,Ukraina melancarkan serangan udara balasan ke Rusia ketika Presiden Vladimir Putin menggelar forum ekonomi internasional di St. Petersburg.,https://www.cnnindonesia.com/internasional/20260603154015-136-1364964/foto-forum-ekonomi-rusia-diteror-hujanan-50-drone-ukraina,2026-06-03 21:30:10,CNN Indonesia
543,Jadwal Siaran Langsung Indonesia vs Timor Leste di Piala AFF U-19,"Pertandingan Timnas Indonesia U-19 vs Timor Leste dalam laga kedua Grup A Piala AFF U-19 2026 akan disiarkan langsung, Kamis (4/6).",https://www.cnnindonesia.com/olahraga/20260603164234-142-1364996/jadwal-siaran-langsung-indonesia-vs-timor-leste-di-piala-aff-u-19,2026-06-03 21:15:06,CNN Indonesia
544,"Pelajar Inggris Diborgol saat Sekarat, Polisi Tuai Kecaman",Polisi Inggris menghadapi gelombang protes pada Selasa (2/6) terkait kasus seorang pelajar berusia 18 tahun yang diborgol saat sekarat akibat luka tusuk.,https://www.cnnindonesia.com/internasional/20260603093658-139-1364771/pelajar-inggris-diborgol-saat-sekarat-polisi-tuai-kecaman,2026-06-03 20:30:40,CNN Indonesia
545,Jadwal 11 Wakil Indonesia di 16 Besar Indonesia Open: Jonatan vs Alwi,"Sebanyak 11 wakil Indonesia akan bertarung pada babak 16 besar Indonesia Open 2026 di Istora Senayan, Kamis (3/6).",https://www.cnnindonesia.com/olahraga/20260603235601-170-1365112/jadwal-11-wakil-indonesia-di-16-besar-indonesia-open-jonatan-vs-alwi,2026-06-03 20:15:06,CNN Indonesia
546,Poirier Sindir McGregor Jelang UFC 329: Saya yang Bikin Kamu Tidur,"Dustin Poirier menyindir Conor McGregor menjelang pertarungan comeback melawan Max Holloway dalam UFC 329 di T-Mobile Arena, Las Vegas, 11 Juli mendatang.",https://www.cnnindonesia.com/olahraga/20260603153426-178-1364961/poirier-sindir-mcgregor-jelang-ufc-329-saya-yang-bikin-kamu-tidur,2026-06-03 19:15:14,CNN Indonesia
547,Jam Tidur Tak Tentu? Ini 4 Bahayanya Termasuk Rusak Jantung,Jam berapa kamu tidur? Rupanya jam tidur yang tidak konsisten bisa merusak jantung.,https://www.cnnindonesia.com/gaya-hidup/20260529185241-255-1363531/jam-tidur-tak-tentu-ini-4-bahayanya-termasuk-rusak-jantung,2026-06-03 19:00:47,CNN Indonesia
548,Carragher Ragukan Kualitas Andoni Iraola di Liverpool,Jamie Carragher meragukan kualitas Andoni Iraola dalam menangani Liverpool sebagai pengganti Arne Slot pada musim depan.,https://www.cnnindonesia.com/olahraga/20260603185836-142-1365069/carragher-ragukan-kualitas-andoni-iraola-di-liverpool,2026-06-03 18:15:08,CNN Indonesia
549,"Angin Kencang, 58 Hunian Sementara Korban Banjir Aceh Utara Rusak",Angin kencang di Aceh Utara merusak 58 unit huntara atau hunian sementara korban banjir Sumatra.,https://www.cnnindonesia.com/nasional/20260603161551-20-1364989/angin-kencang-58-hunian-sementara-korban-banjir-aceh-utara-rusak,2026-06-03 18:00:07,CNN Indonesia
550,Kejagung Masih Hitung Cuan Bos BGN Dadan Cs dari Insentif Dapur MBG,"Kejagung usut dugaan korupsi dalam program Makan Bergizi Gratis. Tiga tersangka, termasuk eks Kepala BGN Dadan Hindayana ditahan.",https://www.cnnindonesia.com/nasional/20260603194152-12-1365078/kejagung-masih-hitung-cuan-bos-bgn-dadan-cs-dari-insentif-dapur-mbg,2026-06-03 17:00:35,CNN Indonesia
551,Sesal Fajar/Fikri Tersingkir di Babak Pertama Indonesia Open 2026,"Ganda putra Indonesia, Fajar Alfian/Muhammad Shohibul Fikri menyesal kalah cepat di Indonesia Open 2026.",https://www.cnnindonesia.com/olahraga/20260603202142-170-1365095/sesal-fajar-fikri-tersingkir-di-babak-pertama-indonesia-open-2026,2026-06-03 16:52:08,CNN Indonesia
552,"10 Tips Masak Hemat di Rumah, Pengeluaran Makan Lebih Terkontrol","Di situasi ekonomi seperti sekarang, orang perlu lebih cermat mengatur pengeluaran, termasuk untuk urusan makan harian.",https://www.cnnindonesia.com/gaya-hidup/20260602100545-262-1364390/10-tips-masak-hemat-di-rumah-pengeluaran-makan-lebih-terkontrol,2026-06-03 16:30:03,CNN Indonesia
553,Ferrari Resmi Perpanjang Kontrak Charles Leclerc,Ferrari resmi mengumumkan perpanjangan kontrak jangka panjang Charles Leclerc di Formula One pada Rabu (3/6).,https://www.cnnindonesia.com/olahraga/20260603175800-167-1365044/ferrari-resmi-perpanjang-kontrak-charles-leclerc,2026-06-03 16:22:40,CNN Indonesia
554,"Bintang How I Met Your Mother Tikam Pacar, Divonis 32 Tahun Penjara","Bintang How I Met Your Mother, Nick Pasqual, divonis 32 tahun penjara pada Selasa (3/6) imbas menikam mantan kekasihnya.",https://www.cnnindonesia.com/hiburan/20260603153911-234-1364963/bintang-how-i-met-your-mother-tikam-pacar-divonis-32-tahun-penjara,2026-06-03 16:00:23,CNN Indonesia
555,Hasil Piala AFF U-19: Australia Bantai Filipina Tanpa Ampun 10-0,"Timnas Australia U-19 menghajar Filipina dengan skor telak 10-0 pada pertandingan Grup C Piala AFF U-19 2026 di Stadion Madya Sumatera Utara, Rabu (3/6).",https://www.cnnindonesia.com/olahraga/20260603224317-142-1365110/hasil-piala-aff-u-19-australia-bantai-filipina-tanpa-ampun-10-0,2026-06-03 15:48:44,CNN Indonesia
556,Wakil Menteri Imipas Silmy Karim Serahkan Diri ke KPK,Wamen Imigrasi dan Pemasyarakatan Silmy Karim menyerahkan diri ke KPK setelah OTT di Jakarta Barat. KPK menyita barang bukti terkait izin tinggal WNA.,https://www.cnnindonesia.com/nasional/20260603195436-12-1365081/wakil-menteri-imipas-silmy-karim-serahkan-diri-ke-kpk,2026-06-03 15:44:35,CNN Indonesia
557,"FOTO: Ledakan di Gudang Amunisi Pemberontak Myanmar, Puluhan Tewas",Sedikitnya 46 orang meninggal dunia dalam ledakan di sebuah gudang amunisi milik pasukan pemberontak di timur laut Myanmar.,https://www.cnnindonesia.com/internasional/20260603084326-108-1364756/foto-ledakan-di-gudang-amunisi-pemberontak-myanmar-puluhan-tewas,2026-06-03 15:30:05,CNN Indonesia
558,Persib Terima Bonus Juara Super League Rp1 Miliar dari KDM,"Persib Bandung menerima bonus juara Super League 2025/2026 sebesar Rp1 miliar dari Gubernur Jawa Barat, Dedi Mulyadi.",https://www.cnnindonesia.com/olahraga/20260603220937-142-1365109/persib-terima-bonus-juara-super-league-rp1-miliar-dari-kdm,2026-06-03 15:15:44,CNN Indonesia
559,"Prabowo Ancam Mitra MBG Nakal: Kalau Merasa Lebih Pintar, Ya Coba",Prabowo memperingatkan mitra Program Makan Bergizi Gratis (MBG) untuk tidak bermain-main dengan dana masyarakat.,https://www.cnnindonesia.com/nasional/20260603204658-12-1365101/prabowo-ancam-mitra-mbg-nakal-kalau-merasa-lebih-pintar-ya-coba,2026-06-03 15:00:22,CNN Indonesia
560,Cerita Prabowo Telepon Kepala BPKP-PPATK Usai Ada Laporan Korupsi BGN,Presiden Prabowo mengungkapkan dugaan korupsi oleh eks pimpinan BGN. Ia menegaskan pentingnya program MBG.,https://www.cnnindonesia.com/nasional/20260603212357-12-1365107/cerita-prabowo-telepon-kepala-bpkp-ppatk-usai-ada-laporan-korupsi-bgn,2026-06-03 14:50:52,CNN Indonesia
561,Daftar 11 Wakil Indonesia Lolos 16 Besar Indonesia Open 2026,Sebelas wakil Indonesia melangkah ke babak 16 besar Indonesia Open 2026. Berikut daftar 11 wakil Indonesia yang lolos ke fase selanjutnya.,https://www.cnnindonesia.com/olahraga/20260603212144-170-1365106/daftar-11-wakil-indonesia-lolos-16-besar-indonesia-open-2026,2026-06-03 14:41:14,CNN Indonesia
562,4.850 Orang Ikut Donor Darah di HUT ke-28 Bank Mandiri,Bank Mandiri menyebut kegiatan donor darah adalah komitmen mendukung ketahanan kesehatan nasional dan memperkuat budaya kepedulian sosial.,https://www.cnnindonesia.com/ekonomi/20260603200207-78-1365084/4850-orang-ikut-donor-darah-di-hut-ke-28-bank-mandiri,2026-06-03 14:40:43,CNN Indonesia
563,KPK: Dugaan Pidana Silmy Karim Saat Jabat Dirjen Imigrasi 2023-2024,KPK mengungkap dugaan korupsi Wakil Menteri Silmy Karim saat masih menjabat Dirjen Imigrasi. 17 orang ditangkap dalam OTT.,https://www.cnnindonesia.com/nasional/20260603205958-12-1365104/kpk-dugaan-pidana-silmy-karim-saat-jabat-dirjen-imigrasi-2023-2024,2026-06-03 14:30:23,CNN Indonesia
564,Purbaya Bantah Rupiah Rontok Gara-gara Kebijakan Fiskal Ugal-ugalan,Purbaya membantah anggapan yang menyebut pelemahan nilai tukar rupiah terhadap dolar AS disebabkan kebijakan fiskal pemerintah yang ugal-ugalan.,https://www.cnnindonesia.com/ekonomi/20260603203110-532-1365098/purbaya-bantah-rupiah-rontok-gara-gara-kebijakan-fiskal-ugal-ugalan,2026-06-03 14:22:09,CNN Indonesia
565,Trump Akui Maki-maki Netanyahu di Telepon: Saya Agak Kesal Dengannya,Presiden Donald Trump mengonfirmasi dia dan Perdana Menteri Israel Benjamin Netanyahu terlibat percakapan tegang dalam sambungan telepon pada Senin (1/6).,https://www.cnnindonesia.com/internasional/20260603203044-134-1365099/trump-akui-maki-maki-netanyahu-di-telepon-saya-agak-kesal-dengannya,2026-06-03 14:15:45,CNN Indonesia
566,Prabowo Sedih Terpaksa Harus Copot Dadan Cs dari BGN,"Prabowo buka suara soal alasan mencopot Dadan Hindayana, Sony Sanjaya, dan Lodewyk Pusung dari jabatan teras BGN hingga penetapan tersangka oleh Kejagung.",https://www.cnnindonesia.com/nasional/20260603200938-32-1365094/prabowo-sedih-terpaksa-harus-copot-dadan-cs-dari-bgn,2026-06-03 14:02:34,CNN Indonesia
567,KPop Demon Hunters Sukses Naik Satu Peringkat Netflix di Pekan ke-50,KPop Demon Hunters berhasil naik satu peringkat di Top 10 Movies Netflix Global pada pekan ke-50.,https://www.cnnindonesia.com/hiburan/20260603102159-220-1364794/kpop-demon-hunters-sukses-naik-satu-peringkat-netflix-di-pekan-ke-50,2026-06-03 14:00:21,CNN Indonesia
568,"FOTO: Jetour T1 PHEV, Satu Tangki Bisa Tempuh 1.200 Km","Jetour T1 resmi meluncur di Indonesia, Rabu (3/6). Selain varian bensin, T1 juga tersedia varian i-DM atau plug-in hybrid electric vehicle (PHEV).",https://www.cnnindonesia.com/otomotif/20260603142806-589-1364915/foto-jetour-t1-phev-satu-tangki-bisa-tempuh-1200-km,2026-06-03 14:00:19,CNN Indonesia
569,"Kejari Setop Kasus Erwin Wawalkot Bandung, Status Tersangka Gugur",Kejari Bandung hentikan penyidikan kasus korupsi yang melibatkan Wakil Wali Kota Erwin dan anggota DPRD. Status tersangka pun gugur.,https://www.cnnindonesia.com/nasional/20260603195111-12-1365080/kejari-setop-kasus-erwin-wawalkot-bandung-status-tersangka-gugur,2026-06-03 13:58:48,CNN Indonesia
570,Hasil FIFA Matchday: Timnas Putri Indonesia Ditekuk Singapura 0-2,"Timnas Putri Indonesia kalah 0-2 dari Singapura dalam pertandingan FIFA Matchday Juni di Stadion Arcamanik, Bandung, Rabu (3/6).",https://www.cnnindonesia.com/olahraga/20260603204405-142-1365100/hasil-fifa-matchday-timnas-putri-indonesia-ditekuk-singapura-0-2,2026-06-03 13:56:31,CNN Indonesia
571,"7 Kepribadian Orang yang Hobi Stalking, Lebih dari Penasaran Biasa",Perilaku memantau orang lain yang berulang dan intens dapat mengarah pada stalking. Kenali ciri kepribadian orang yang hobi stalking kehidupan orang lain.,https://www.cnnindonesia.com/gaya-hidup/20260603111247-284-1364814/7-kepribadian-orang-yang-hobi-stalking-lebih-dari-penasaran-biasa,2026-06-03 13:45:41,CNN Indonesia
572,KPK Juga Tangkap Eks Plt Dirjen Imigrasi dan Kakanwil Imigrasi Jabar,KPK menangkap mantan Plt Dirjen Imigrasi Saffar Muhammad Godam dan Kakanwil Imigrasi Jawa Barat Jaya Saputra dalam OTT.,https://www.cnnindonesia.com/nasional/20260603202707-12-1365096/kpk-juga-tangkap-eks-plt-dirjen-imigrasi-kakanwil-imigrasi-jabar,2026-06-03 13:40:55,CNN Indonesia
573,Trump Mengaku 'Ngebet' Ingin Ketemu Mojtaba Khamenei,Trump mengaku berharap bisa bertemu pemimpin Iran Mojtaba Khamenei yang kini terluka imbas serangan gabungan AS-Israel.,https://www.cnnindonesia.com/internasional/20260603201859-134-1365092/trump-mengaku-ngebet-ingin-ketemu-mojtaba-khamenei,2026-06-03 13:40:10,CNN Indonesia
574,"'Ea Ea' Menggema Lagi di Istora, Pembakar Motivasi Atlet Raih Juara","Teriakkan 'Ea Ea' menggema lagi di Istora, arena Indonesia Open 2026. Sorakan ini jadi pembakar motivasi atlet dalam mengusung ambisi meraih juara.",https://www.cnnindonesia.com/olahraga/20260603190557-170-1365070/ea-ea-menggema-lagi-di-istora-pembakar-motivasi-atlet-raih-juara,2026-06-03 13:38:57,CNN Indonesia
575,KPK Deteksi Posisi Wamen Imigrasi Silmy Karim di Jakarta,KPK mendeteksi keberadaan Wakil Menteri Imigrasi Silmy Karim di Jakarta dan meminta kooperatif. 17 orang ditangkap dalam OTT terkait Imigrasi.,https://www.cnnindonesia.com/nasional/20260603202349-12-1365097/kpk-deteksi-posisi-wamen-imigrasi-silmy-karim-di-jakarta,2026-06-03 13:31:29,CNN Indonesia
576,"Serangan Jantung Kini Ancam Usia 20-an, Pemeriksaan Dini Makin Penting","Waspada, penyakit jantung tak hanya serang lansia, banyak anak muda yang kini mengalami penyakit tersebut.",https://www.cnnindonesia.com/gaya-hidup/20260603202014-255-1365093/serangan-jantung-kini-ancam-usia-20-an-pemeriksaan-dini-makin-penting,2026-06-03 13:25:58,CNN Indonesia
577,"Mengenal Mensa, Komunitas IQ Tinggi yang Mendunia",Mensa dikenal sebagai organisasi IQ tinggi terbesar di dunia. Siapa saja yang bisa bergabung dan apa misinya?,https://www.cnnindonesia.com/gaya-hidup/20260603144254-284-1364944/mengenal-mensa-komunitas-iq-tinggi-yang-mendunia,2026-06-03 13:19:11,CNN Indonesia
578,KAI Targetkan Tambah Rel Kereta Api Hingga 60 Ribu Km pada 2045,PT Kereta Api Indonesia (Persero) atau KAI menargetkan untuk menambah jaringan rel kereta api aktif hingga 60 ribu kilometer (km) pada 2045 mendatang.,https://www.cnnindonesia.com/ekonomi/20260603172144-92-1365017/kai-targetkan-tambah-rel-kereta-api-hingga-60-ribu-km-pada-2045,2026-06-03 13:18:02,CNN Indonesia
579,11 Negara yang Diprediksi Superkomputer Bisa Juara Piala Dunia 2026,"Superkomputer Opta merilis 11 calon juara Piala Dunia 2026. Spanyol memimpin dengan 16,1%, diikuti Prancis dan Inggris. Siapa favorit Anda?",https://www.cnnindonesia.com/olahraga/20260603135141-142-1364899/11-negara-yang-diprediksi-superkomputer-bisa-juara-piala-dunia-2026,2026-06-03 13:17:25,CNN Indonesia
580,Penampakan Barang Bukti OTT Kepala Kantor Imigrasi Jakarta Barat,KPK memboyong sejumlah barang bukti terkait OTT Kepala Kantor Imigrasi Jakarta Barat pada Rabu (3/6) malam.,https://www.cnnindonesia.com/nasional/20260603194520-16-1365079/penampakan-barang-bukti-ott-kepala-kantor-imigrasi-jakarta-barat,2026-06-03 13:16:20,CNN Indonesia
581,TAUD Kecam Peradilan Militer Tuntut Ringan 4 TNI Kasus Andrie Yunus,"Tim Advokasi untuk Demokrasi (TAUD) kritik tuntutan 2,5 tahun penjara bagi empat prajurit TNI dalam kasus penyiraman air keras terhadap Andrie Yunus.",https://www.cnnindonesia.com/nasional/20260603164310-12-1364997/taud-kecam-peradilan-militer-tuntut-ringan-4-tni-kasus-andrie-yunus,2026-06-03 13:13:36,CNN Indonesia
582,Menteri Imipas Tak Tahu Keberadaan Wamen Silmy Karim yang Diburu KPK,"Menteri Imigrasi Agus Andrianto mengeklaim tidak mengetahui keberadaan Wakil Menteri Silmy Karim, yang dicari KPK terkait OTT di Imigrasi Jakarta Barat.",https://www.cnnindonesia.com/nasional/20260603195849-12-1365083/menteri-imipas-tak-tahu-keberadaan-wamen-silmy-karim-yang-diburu-kpk,2026-06-03 13:08:39,CNN Indonesia
583,TNI Periksa 10 Saksi soal Peluru Nyasar di Universitas Negeri Padang,Penyelidikan kasus peluru nyasar di Universitas Negeri Padang masih berlangsung. Tim Kodam XX/Tuanku Imam Bonjol telah memeriksa 10 saksi.,https://www.cnnindonesia.com/nasional/20260603193523-12-1365077/tni-periksa-10-saksi-soal-peluru-nyasar-di-universitas-negeri-padang,2026-06-03 12:54:42,CNN Indonesia
584,"Dadan dan Lodewyk Dijemput Paksa di Rumah, Sony Sonjaya di Hotel","Kejaksaan Agung menangkap Dadan Hindayana, mantan Kepala BGN, dalam kasus korupsi. Bersama dua eks Wakil Kepala BGN, mereka ditetapkan sebagai tersangka.",https://www.cnnindonesia.com/nasional/20260603191854-12-1365073/dadan-dan-lodewyk-dijemput-paksa-di-rumah-sony-sonjaya-di-hotel,2026-06-03 12:42:09,CNN Indonesia
585,KPK Minta Wamen Silmy Karim Kooperatif terkait OTT Imigrasi Jakbar,KPK mencari Wakil Menteri Imigrasi Silmy Karim terkait OTT di Jakarta Barat. KPK meminta kooperatif dari pihak yang dicari untuk proses hukum lebih lanjut.,https://www.cnnindonesia.com/nasional/20260603192110-12-1365074/kpk-minta-wamen-silmy-karim-kooperatif-terkait-ott-imigrasi-jakbar,2026-06-03 12:31:43,CNN Indonesia
586,"FOTO: Tampang Dadan, Sony, Lodewyk Jadi Tersangka Korupsi MBG",Kejagung menahan eks Kepala BGN Dadan Hindayana serta dua eks Wakil Kepala BGN Lodewyk Pusung dan Sony Sonjaya usai jadi tersangka korupsi MBG.,https://www.cnnindonesia.com/nasional/20260603184542-14-1365057/foto-tampang-dadan-sony-lodewyk-jadi-tersangka-korupsi-mbg,2026-06-03 12:18:08,CNN Indonesia
587,Kejagung Sisir SPPG Terafiliasi Dadan Cs Terkait Korupsi MBG,Kejaksaan Agung akan berkoordinasi dengan BGN untuk menyelidiki yayasan SPPG yang terlibat korupsi program MBG. Tiga tersangka ditahan terkait kasus ini.,https://www.cnnindonesia.com/nasional/20260603185232-12-1365065/kejagung-sisir-sppg-terafiliasi-dadan-cs-terkait-korupsi-mbg,2026-06-03 12:11:36,CNN Indonesia
588,"KPK Sita Mobil, Motor dan Sepeda Terkait OTT Pejabat Imigrasi Jakbar","KPK mengamankan 4 mobil, 9 motor, dan uang asing dalam OTT Kepala Kantor Imigrasi Jakarta Barat. Wamen Imigrasi masih dicari KPK.",https://www.cnnindonesia.com/nasional/20260603184607-12-1365066/kpk-sita-mobil-motor-dan-sepeda-terkait-ott-pejabat-imigrasi-jakbar,2026-06-03 12:05:39,CNN Indonesia
589,Kejagung Butuh Seminggu Penyelidikan Jadikan Dadan Cs Tersangka,Kejagung menyebut telah menyelidiki kasus dugaan korupsi dalam program MBG yang menjerat mantan para petinggi BGN selama satu minggu.,https://www.cnnindonesia.com/nasional/20260603185604-12-1365067/kejagung-butuh-seminggu-penyelidikan-jadikan-dadan-cs-tersangka,2026-06-03 12:02:57,CNN Indonesia
590,"Rapat Bersama DPR RI, Mendagri Ungkap 3 Aspek untuk Perkuat BUMD","Mendagri Tito Karnavian menyatakan, strategi tersebut mencakup tiga aspek utama, yakni keuangan, operasional, dan administrasi.",https://www.cnnindonesia.com/nasional/20260603183640-25-1365053/rapat-bersama-dpr-ri-mendagri-ungkap-3-aspek-untuk-perkuat-bumd,2026-06-03 12:01:15,CNN Indonesia
591,Polisi Cecar Feri Amsari 25 Pertanyaan Terkait Laporan Penghasutan,Pakar Hukum Feri Amsari diperiksa Polda Metro Jaya terkait laporan penghasutan yang dibuat usai mengkritik pemerintahan Prabowo.,https://www.cnnindonesia.com/nasional/20260603183246-12-1365054/polisi-cecar-feri-amsari-25-pertanyaan-terkait-laporan-penghasutan,2026-06-03 11:51:40,CNN Indonesia
592,Kejagung: Dadan Cs Terafiliasi Banyak SPPG Penerima Insentif Miliaran,Kejagung menetapkan Dadan Hindayana dan dua eks pejabat BGN sebagai tersangka korupsi dalam program Makan Bergizi Gratis.,https://www.cnnindonesia.com/nasional/20260603181907-12-1365050/kejagung-dadan-cs-terafiliasi-banyak-sppg-penerima-insentif-miliaran,2026-06-03 11:41:46,CNN Indonesia
593,"Selain Kantor BGN, Kejagung Geledah Rumah Tersangka Dadan Cs",Kejagung menggeledah rumah para tersangka kasus korupsi tata kelola program Makan Bergizi Gratis (MBG) BGN periode 2025-2026.,https://www.cnnindonesia.com/nasional/20260603183319-12-1365052/selain-kantor-bgn-kejagung-geledah-rumah-tersangka-dadan-cs,2026-06-03 11:38:56,CNN Indonesia
594,Kejagung: Anggaran MBG Dikelola Yayasan Terafiliasi Bos BGN Dadan Cs,Korupsi program Makan Bergizi Gratis (MBG) diduga melibatkan yayasan terafiliasi eks Kepala BGN Dadan Hindayana dan dua pimpinan lain.,https://www.cnnindonesia.com/nasional/20260603182200-12-1365049/kejagung-anggaran-mbg-dikelola-yayasan-terafiliasi-bos-bgn-dadan-cs,2026-06-03 11:37:53,CNN Indonesia
595,FOTO: Momen Kejagung Sita Barang Bukti dari Kantor BGN,"Tim penyidik Tindak Pidana Khusus Kejaksaan Agung RI tampak membawa sebuah boks kontainer usai penggeledahan Kantor Badan Gizi Nasional, Jakarta, Rabu (3/6).",https://www.cnnindonesia.com/nasional/20260603174726-14-1365031/foto-momen-kejagung-sita-barang-bukti-dari-kantor-bgn,2026-06-03 11:28:29,CNN Indonesia
596,"Duduk Perkara Korupsi MBG yang Jerat Dadan, Lodewyk, dan Sony Sonjaya","Kejagung ungkap dugaan korupsi dalam program Makan Bergizi Gratis, melibatkan mantan petinggi BGN. Tiga tersangka ditetapkan, kerugian mencapai miliaran rupiah.",https://www.cnnindonesia.com/nasional/20260603175323-12-1365043/duduk-perkara-korupsi-mbg-yang-jerat-dadan-lodewyk-dan-sony-sonjaya,2026-06-03 11:11:31,CNN Indonesia
597,Momen Dadan Tersangka Korupsi MBG Pakai Rompi Tahanan dan Diborgol,Mantan Kepala BGN Dadan Hindayana mengenakan rompi tahanan di Gedung Kejaksaan Agung Jakarta pada Rabu (3/6).,https://www.cnnindonesia.com/nasional/20260603173326-16-1365026/momen-dadan-tersangka-korupsi-mbg-pakai-rompi-tahanan-dan-diborgol,2026-06-03 11:07:23,CNN Indonesia
598,"Dadan, Lodewyk, Sony Tersangka Proyek Motor Listrik hingga Sepatu BGN",Kejagung menetapkan tiga mantan pimpinan BGN sebagai tersangka dugaan korupsi proyek pengadaan. Negara rugi akibat mark up pengadaan barang.,https://www.cnnindonesia.com/nasional/20260603174508-12-1365045/dadan-lodewyk-sony-tersangka-proyek-motor-listrik-hingga-sepatu-bgn,2026-06-03 11:05:41,CNN Indonesia
599,Dadan Hindayana Ditahan di Rutan Salemba Usai Jadi Tersangka,Kejaksaan Agung menetapkan eks Kepala BGN Dadan Hindayana dan dua mantan wakilnya di BGN sebagai tersangka korupsi.,https://www.cnnindonesia.com/nasional/20260603174537-12-1365041/dadan-hindayana-ditahan-di-rutan-salemba-usai-jadi-tersangka,2026-06-03 10:55:54,CNN Indonesia
600,"OTT di Jakarta Barat, KPK Buru Wakil Menteri Imigrasi Silmy Karim","KPK mencari Wakil Menteri Imigrasi Silmy Karim terkait OTT di Jakarta Barat. Belasan orang ditangkap, termasuk pejabat imigrasi, dengan barang bukti signifikan.",https://www.cnnindonesia.com/nasional/20260603172838-12-1365028/ott-di-jakarta-barat-kpk-buru-wakil-menteri-imigrasi-silmy-karim,2026-06-03 10:55:24,CNN Indonesia
601,Tim Kejagung Bawa Boks Kontainer Usai Penggeledahan Kantor BGN,Kejagung menggeledah Kantor Pusat Badan Gizi Nasional (BGN). Eks kepala BGN Dadan dan 2 pimpinan jadi tersangka.,https://www.cnnindonesia.com/nasional/20260603173546-12-1365027/tim-kejagung-bawa-boks-kontainer-usai-penggeledahan-kantor-bgn,2026-06-03 10:44:01,CNN Indonesia
602,"Kejagung Tetapkan Dadan, Sony, Lodewyk Jadi Tersangka Kasus BGN","Eks Kepala BGN Dadan Hindayana, jadi tersangka dugaan kasus korupsi. Dua eks wakilnya di BGN yakni Sony Sonjaya dan Lodewyk Pusung juga jadi tersangka.",https://www.cnnindonesia.com/nasional/20260603170821-12-1365011/kejagung-tetapkan-dadan-sony-lodewyk-jadi-tersangka-kasus-bgn,2026-06-03 10:42:17,CNN Indonesia
603,"Dadan, Lodewyk, dan Sony Sonjaya Langsung Ditahan Kejagung",Mantan Kepala BGN Dadan Hindayana dan dua rekannya ditahan Kejagung setelah diperiksa terkait dugaan korupsi. Mereka mengenakan rompi tahanan pink.,https://www.cnnindonesia.com/nasional/20260603172434-12-1365020/dadan-lodewyk-dan-sony-sonjaya-langsung-ditahan-kejagung,2026-06-03 10:32:19,CNN Indonesia
604,Dua Eks Wakil Kepala BGN Pakai Rompi Tahanan Kejagung,"Mantan Kepala BGN, Lodewyk Pusung dan Sony Sanjaya, ditahan terkait dugaan korupsi setelah penggeledahan oleh Kejaksaan Agung.",https://www.cnnindonesia.com/nasional/20260603171410-12-1365016/dua-eks-wakil-kepala-bgn-pakai-rompi-tahanan-kejagung,2026-06-03 10:20:57,CNN Indonesia
605,Eks Kepala BGN Dadan Hindayana Pakai Rompi Pink Tahanan Kejagung,Mantan Kepala BGN Dadan Hindayana keluar dari Kejaksaan Agung dengan rompi tahanan pink. Ia diambil setelah penggeledahan terkait dugaan korupsi.,https://www.cnnindonesia.com/nasional/20260603171229-12-1365014/eks-kepala-bgn-dadan-hindayana-pakai-rompi-pink-tahanan-kejagung,2026-06-03 10:16:52,CNN Indonesia
606,3 TNI AD Terdakwa Pembunuhan Kacab Bank Divonis 1 hingga 13 Tahun Bui,Pengadilan Militer menjatuhkan hukuman 1 sampai 13 tahun kepada tiga anggota TNI AD terdakwa penculikan dan pembunuhan kepala cabang bank.,https://www.cnnindonesia.com/nasional/20260603165241-12-1365006/3-tni-ad-terdakwa-pembunuhan-kacab-bank-divonis-1-hingga-13-tahun-bui,2026-06-03 10:00:53,CNN Indonesia
607,Wakil Bupati di Sumatera Selatan Ditangkap Terkait Kasus Suap,Wakil Bupati Penukal Abab Lematan Ilir (PALI) Sumatera Selatan dan Kepala Dinas PU ditangkap terkait dugaan suap fee proyek.,https://www.cnnindonesia.com/nasional/20260603163825-12-1364995/wakil-bupati-di-sumatera-selatan-ditangkap-terkait-kasus-suap,2026-06-03 09:47:14,CNN Indonesia
608,Kata-kata Nanik Deyang Usai Ditunjuk Prabowo Gantikan Dadan Pimpin BGN,"Presiden Prabowo mencopot Dadan Hindayana dari kursi Kepala BGN, dan menggantinya dengan Nanik Deyang. Bagaimana respons Nanik?",https://www.cnnindonesia.com/nasional/20260603162314-32-1364991/kata-kata-nanik-deyang-usai-ditunjuk-prabowo-gantikan-dadan-pimpin-bgn,2026-06-03 09:36:21,CNN Indonesia
609,DPR soal Kantor BGN Digeledah Kejagung: Serahkan ke Penegak Hukum,"Wakil Ketua DPR Sufmi Dasco menanggapi penggeledahan Kejaksaan Agung di Kantor BGN, menyerukan penghormatan terhadap penegakan hukum dan perbaikan tata kelola.",https://www.cnnindonesia.com/nasional/20260603155328-12-1364973/dpr-soal-kantor-bgn-digeledah-kejagung-serahkan-ke-penegak-hukum,2026-06-03 09:23:46,CNN Indonesia
610,"Banjir di Luwu Utara Sulsel: 12 Ribu Jiwa Terdampak, Ratusan Mengungsi","Banjir di 29 desa Luwu Utara, Sulsel, berdampak pada 12.307 jiwa. Tujuh kecamatan terendam, ratusan termasuk lansia dan anak mengungsi.",https://www.cnnindonesia.com/nasional/20260603151647-20-1364953/banjir-di-luwu-utara-sulsel-12-ribu-jiwa-terdampak-ratusan-mengungsi,2026-06-03 09:02:52,CNN Indonesia
611,"Balita Bantul Ditemukan Lemas, Kaki Tangan Diikat-Mulut Dilakban","Seorang balita perempuan ditemukan terikat dan mulut dilakban di Bantul. Polisi menyelidiki ibu korban, sementara ACB kini dirawat pihak keluarga yang lain.",https://www.cnnindonesia.com/nasional/20260603141621-12-1364911/balita-bantul-ditemukan-lemas-kaki-tangan-diikat-mulut-dilakban,2026-06-03 08:58:31,CNN Indonesia
612,Wakil Wali Kota Makassar Hadiri Gala Dinner Raker APEKSI di Kendari,"Wakil Wali Kota Makassar, Aliyah Mustika Ilham, menghadiri gala dinner APEKSI, perkuat kolaborasi dan komunikasi antar daerah di Indonesia Timur.",https://www.cnnindonesia.com/nasional/20260603152610-25-1364957/wakil-wali-kota-makassar-hadiri-gala-dinner-raker-apeksi-di-kendari,2026-06-03 08:56:12,CNN Indonesia
613,Harta Dadan Hindayana Capai Rp9 Miliar,"Dadan Hindayana dicopot dari Kepala BGN oleh Presiden Prabowo. Dalam laporan LHKPN per 14 Maret 2025, harta kekayaan Dadan mencapai Rp9 miliar.",https://www.cnnindonesia.com/nasional/20260603151041-12-1364951/harta-dadan-hindayana-capai-rp9-miliar,2026-06-03 08:43:18,CNN Indonesia
614,Istana Respons Penggeledahan Kantor BGN Usai Copot Dadan Cs,"Menteri Sekretaris Negara Prasetyo Hadi menanggapi penggeledahan Kantor BGN oleh Kejaksaan Agung, menekankan pentingnya penegakan hukum dan audit internal.",https://www.cnnindonesia.com/nasional/20260603151941-12-1364954/istana-respons-penggeledahan-kantor-bgn-usai-copot-dadan-cs,2026-06-03 08:29:28,CNN Indonesia
615,KPK Panggil Ketua Pemuda Pancasila Japto dan Eks Bupati Rita Widyasari,KPK kembali panggil Ketua Umum Pemuda Pancasila (PP) Japto Soerjosoemarno dan Said Amin sebagai saksi dalam kasus korupsi batu bara.,https://www.cnnindonesia.com/nasional/20260603141325-12-1364909/kpk-panggil-ketua-pemuda-pancasila-japto-eks-bupati-rita-widyasari,2026-06-03 08:28:24,CNN Indonesia
616,KPK Usut Kasus Korupsi Baru soal Pengadaan Jalur Kereta Api di Sumsel,KPK mengusut kasus baru proyek jalur kereta api di Sumsel yang merupakan hasil pengembangan OTT sebelumnya.,https://www.cnnindonesia.com/nasional/20260603145108-12-1364948/kpk-usut-kasus-korupsi-baru-soal-pengadaan-jalur-kereta-api-di-sumsel,2026-06-03 08:27:22,CNN Indonesia
617,Dudung Dapat Info Dadan Dicopot Terkait Dugaan Jual Beli Dapur MBG,Kepala Staf Presiden Dudung Abdurachman mengonfirmasi pencopotan Kepala BGN Dadan Hindayana terkait dugaan jual beli dapur program Makan Bergizi Gratis.,https://www.cnnindonesia.com/nasional/20260603145003-12-1364947/dudung-dapat-info-dadan-dicopot-terkait-dugaan-jual-beli-dapur-mbg,2026-06-03 08:05:47,CNN Indonesia
618,CT Arsa dan Koarmada Beri Bantuan ke Korban Kebakaran Kemayoran,"CT Arsa Foundation memberikan bantuan kepada korban kebakaran di Kemayoran, Jakarta Pusat.",https://www.cnnindonesia.com/nasional/20260603144044-20-1364942/ct-arsa-dan-koarmada-beri-bantuan-ke-korban-kebakaran-kemayoran,2026-06-03 07:49:20,CNN Indonesia
619,"FOTO: 4 Tentara Penyiram Air Keras Andrie Yunus Dituntut 2,5 Tahun Bui",Empat anggota Denma BAIS TNI dituntut pidana 2 tahun dan 6 bulan penjara atas kasus penyiraman air keras terhadap Wakil Koordinator KontraS Andrie Yunus.,https://www.cnnindonesia.com/nasional/20250924195439-14-1277382/foto-4-tentara-penyiram-air-keras-andrie-yunus-dituntut-25-tahun-bui,2026-06-03 07:29:51,CNN Indonesia
620,"Roy Suryo Cs Segera Disidang, Kuasa Hukum Harap Nama Jokowi Dipulihkan",Kuasa hukum Jokowi berharap persidangan Roy Suryo dan dokter Tifa terkait tudingan ijazah palsu dapat memulihkan nama baik Jokowi.,https://www.cnnindonesia.com/nasional/20260603131057-12-1364875/roy-suryo-cs-segera-disidang-kuasa-hukum-harap-nama-jokowi-dipulihkan,2026-06-03 07:28:32,CNN Indonesia
621,PNJ Proses Sanksi untuk Pelaku Ciuman Sesama Jenis di Kampus,Rektorat PNJ memproses kasus dua pria berciuman di lingkungan kampus di depan perpustakaan. Tegaskan akan ada sanksi.,https://www.cnnindonesia.com/nasional/20260603134417-12-1364905/pnj-proses-sanksi-untuk-pelaku-ciuman-sesama-jenis-di-kampus,2026-06-03 07:07:21,CNN Indonesia
622,Dua Brimob Polda Banten Dikeroyok dan Dibacok Debt Collector,Sekelompok debt collector mengeroyok dan membacok dua anggota Brimob di Kota Serang saat penarikan paksa kendaraan.,https://www.cnnindonesia.com/nasional/20260603134731-12-1364897/dua-brimob-polda-banten-dikeroyok-dan-dibacok-debt-collector,2026-06-03 07:03:07,CNN Indonesia
623,Dirjen Imigrasi Buka Suara KPK OTT Kepala Imigrasi Jakarta Barat,Direktur Jenderal Imigrasi Hendarsam Marantoko mendukung penegakan hukum yang dilakukan KPK terkait Kepala Kantor Imigrasi Jakarta Barat.,https://www.cnnindonesia.com/nasional/20260603135048-12-1364901/dirjen-imigrasi-buka-suara-kpk-ott-kepala-imigrasi-jakarta-barat,2026-06-03 07:00:47,CNN Indonesia
624,Balita di Bantul Meninggal Usai Disuntik Penenang dan CT Scan di RSUD,"Dugaan malapraktik di RSUD Prambanan, Sleman, menyebabkan balita NDMP (3) meninggal setelah sedasi dan CT Scan. Keluarga tempuh jalur hukum.",https://www.cnnindonesia.com/nasional/20260603131304-12-1364888/balita-di-bantul-meninggal-usai-disuntik-penenang-ct-scan-di-rsud,2026-06-03 06:58:28,CNN Indonesia
625,Penggeledahan Kantor BGN Terkait Praktik Jual Beli Jatah SPPG,"Kejaksaan Agung menggeledah kantor Badan Gizi Nasional terkait pelanggaran proyek SPPG. Tiga pejabat, termasuk eks Kepala BGN, diperiksa.",https://www.cnnindonesia.com/nasional/20260603132915-12-1364886/penggeledahan-kantor-bgn-terkait-praktik-jual-beli-jatah-sppg,2026-06-03 06:36:27,CNN Indonesia
626,PSI: Blusukan Jokowi Tak Akan Jadi Matahari Lain,Ketua DPP PSI Bestari Barus menegaskan blusukan Jokowi ke sejumlah daerah bukan untuk jadi matahari kembar. PSI klaim dukung penuh Prabowo.,https://www.cnnindonesia.com/nasional/20260603130736-32-1364877/psi-blusukan-jokowi-tak-akan-jadi-matahari-lain,2026-06-03 06:24:53,CNN Indonesia
627,Kuasa Hukum Jokowi Minta Roy Suryo Gentleman Hadapi Persidangan,Kuasa hukum Jokowi berharap Roy Suryo menghormati proses hukum terkait tudingan ijazah palsu. Sidang diharapkan mengungkap kebenaran.,https://www.cnnindonesia.com/nasional/20260603130056-12-1364863/kuasa-hukum-jokowi-minta-roy-suryo-gentleman-hadapi-persidangan,2026-06-03 06:16:47,CNN Indonesia
628,Ketua KPK: Penyelidikan Tertutup di Ditjen Imigrasi Sedang Berproses,KPK mengungkap penyelidikan tertutup terkait OTT pejabat Imigrasi di Jakarta Barat. Penyelidikan berlanjut dengan barang bukti yang diamankan.,https://www.cnnindonesia.com/nasional/20260603124821-12-1364858/ketua-kpk-penyelidikan-tertutup-di-ditjen-imigrasi-sedang-berproses,2026-06-03 06:03:46,CNN Indonesia
629,"Penangkapan Eks Pejabat Kemensos soal Korupsi Kapal Bantuan Rp6,4 M","Penyidik Polres Ende, Polda NTT, mengamankan eks pejabat Kemensos RI inisal RR dalam kasus dugaan korupsi bantuan kapal penangkap ikan untuk kelompok nelayan.",https://www.cnnindonesia.com/nasional/20260603100730-16-1364781/penangkapan-eks-pejabat-kemensos-soal-korupsi-kapal-bantuan-rp64-m,2026-06-03 06:02:27,CNN Indonesia
630,KPK Juga Tangkap Pihak Swasta di OTT Kepala Imigrasi Jakarta Barat,"KPK menangkap belasan orang dalam OTT terhadap Kepala Imigrasi Jakarta Barat, termasuk pihak swasta. Barang bukti berupa kendaraan dan uang asing diamankan.",https://www.cnnindonesia.com/nasional/20260603121211-12-1364847/kpk-juga-tangkap-pihak-swasta-di-ott-kepala-imigrasi-jakarta-barat,2026-06-03 05:54:57,CNN Indonesia
631,"Marak Penipuan, Puteri Komarudin Singgung Penyalahgunaan Rekening Bank","Puteri Komarudin menyatakan, hingga kini perbankan kerap dimanfaatkan untuk transaksi ilegal, mulai dari berbagai bentuk penipuan hingga pinjaman online.",https://www.cnnindonesia.com/nasional/20260603125054-633-1364860/marak-penipuan-puteri-komarudin-singgung-penyalahgunaan-rekening-bank,2026-06-03 05:54:03,CNN Indonesia
632,Oditur Militer: Penyiraman Air Keras Andrie Yunus Bentuk Balas Dendam,"Oditur Militer tuntut 4 prajurit TNI yang menyiram air keras aktivis Andrie Yunus dengan hukuman 2,5 tahun penjara. Kasus ini menyoroti pelanggaran hukum.",https://www.cnnindonesia.com/nasional/20260603122613-12-1364853/oditur-militer-penyiraman-air-keras-andrie-yunus-bentuk-balas-dendam,2026-06-03 05:35:09,CNN Indonesia
633,Eks Kiper Semen Padang Salah Satu Korban Peluru Nyasar di UNP,"Dua orang jadi korban peluru nyasar di Universitas Negeri Padang, termasuk mantan kiper Semen Padang FC, Guruh Guwino.",https://www.cnnindonesia.com/nasional/20260603121100-12-1364851/eks-kiper-semen-padang-salah-satu-korban-peluru-nyasar-di-unp,2026-06-03 05:33:32,CNN Indonesia
634,"OTT Kepala Imigrasi Jakbar, KPK Amankan Mobil, Valas hingga Emas","KPK amankan barang bukti dalam OTT di Jakarta Barat, termasuk kendaraan dan uang asing. Belasan orang ditangkap, termasuk Kepala Kantor Imigrasi.",https://www.cnnindonesia.com/nasional/20260603120402-12-1364844/ott-kepala-imigrasi-jakbar-kpk-amankan-mobil-valas-hingga-emas,2026-06-03 05:16:15,CNN Indonesia
635,"Sudah 10 Jam, Penggeledahan Markas BGN Masih Berlangsung",Tim Kejaksaan Agung telah berada di Kantor BGN dari sekitar Pukul 02.00 WIB dan hingga menjelang Pukul 12.00 WIB penggeledahan di dalam masih berlangsung.,https://www.cnnindonesia.com/nasional/20260603120039-12-1364836/sudah-10-jam-penggeledahan-markas-bgn-masih-berlangsung,2026-06-03 05:08:08,CNN Indonesia
636,KPK Tangkap Belasan Orang Termasuk Kepala Imigrasi Jakarta Barat,"KPK menangkap belasan orang terkait dengan Operasi Tangkap Tangan (OTT) pejabat Imigrasi di Jakarta Barat pada kemarin malam hingga hari ini, 2-3 Juni 2026.",https://www.cnnindonesia.com/nasional/20260603114807-12-1364828/kpk-tangkap-belasan-orang-termasuk-kepala-imigrasi-jakarta-barat,2026-06-03 04:54:30,CNN Indonesia
637,Oditur Militer Kasus Andrie Yunus: 4 Prajurit TNI Jujur dan Terus Terang,"Oditur Militer mengungkapkan sejumlah hal meringankan 4 anggota BAIS TNI sehingga hanya menjatuhkan tuntutan 2,5 tahun penjara di kasus air keras Andrie Yunus.",https://www.cnnindonesia.com/nasional/20260603113718-12-1364826/oditur-militer-kasus-andrie-yunus-4-prajurit-tni-jujur-terus-terang,2026-06-03 04:49:03,CNN Indonesia
638,"BGN Digeledah, Dadan Hindayana Sudah Berada di Kejagung?",Mantan Kepala Badan Gizi Nasional (BGN) Dadan Hindayana saat ini dikabarkan telah berada di gedung Kejaksaan Agung.,https://www.cnnindonesia.com/nasional/20260603112005-20-1364818/bgn-digeledah-dadan-hindayana-sudah-berada-di-kejagung,2026-06-03 04:39:21,CNN Indonesia
639,"4 Prajurit TNI Penyiram Air Keras Andrie Yunus Dituntut 2,5 Tahun Bui",Empat anggota Detasemen Markas BAIS TNI dituntut dengan pidana penjara selama 2 tahun dan 6 bulan penjara atas kasus penyiraman air keras terhadap Andrie Yunus.,https://www.cnnindonesia.com/nasional/20260603110650-12-1364813/4-prajurit-tni-penyiram-air-keras-andrie-yunus-dituntut-25-tahun-bui,2026-06-03 04:13:19,CNN Indonesia
640,"Geger, Kejagung Geledah Kantor BGN hingga KPK OTT Pejabat Imigrasi","Kejagung menggeledah kantor BGN usai pencopotan petingginya. Di hari yang sama, KPK melakukan OTT terhadap pejabat imigrasi.",https://www.cnnindonesia.com/nasional/20260603110522-26-1364811/geger-kejagung-geledah-kantor-bgn-hingga-kpk-ott-pejabat-imigrasi,2026-06-03 04:08:58,CNN Indonesia
641,Situasi Terkini Kantor BGN yang Digeledah Kejagung,Penyidik Kejaksaan Agung (Kejagung) menggeledah kantor Badan Gizi Nasional (BGN) sejak Rabu (3/6) dini hari.,https://www.cnnindonesia.com/nasional/20260603105335-16-1364807/situasi-terkini-kantor-bgn-yang-digeledah-kejagung,2026-06-03 04:01:35,CNN Indonesia
642,"OTT KPK di Jakbar, Pejabat Imigrasi Digelandang ke Gedung Merah Putih",KPK menangkap pejabat Imigrasi dalam OTT di Jakarta Barat. Barang bukti termasuk kendaraan dibawa ke Gedung Merah Putih.,https://www.cnnindonesia.com/nasional/20260603104721-12-1364803/ott-kpk-di-jakbar-pejabat-imigrasi-digelandang-ke-gedung-merah-putih,2026-06-03 03:54:14,CNN Indonesia
643,"Viral Mahasiswa Sesama Pria Ciuman di Kampus PNJ, BEM Buka Suara",Viral video yang merekam dua mahasiswa berciuman di kampus Politeknik Negeri Jakarta. BEM PNJ menegaskan pentingnya penanganan pelanggaran norma secara serius.,https://www.cnnindonesia.com/nasional/20260603102501-20-1364797/viral-mahasiswa-sesama-pria-ciuman-di-kampus-pnj-bem-buka-suara,2026-06-03 03:53:07,CNN Indonesia
644,"Pejabat Imigrasi Terjaring OTT KPK di Jakbar, Terkait Pengurusan WNA","KPK melakukan OTT di Jakarta Barat, menangkap pejabat imigrasi terkait dugaan pemerasan izin kerja WNA. Konfirmasi dari Dirjen Imigrasi masih ditunggu.",https://www.cnnindonesia.com/nasional/20260603103802-12-1364802/pejabat-imigrasi-terjaring-ott-kpk-di-jakbar-terkait-pengurusan-wna,2026-06-03 03:43:10,CNN Indonesia
645,"FOTO: Penggeledahan Kantor BGN, Karyawan Tak Bisa Masuk Gedung",Kejaksaan Agung melakukan penggeledahan di kantor Badan Gizi Nasional (BGN). Penggeledahan dilakukan usai Presiden Prabowo mencopot Kepala BGN Dadan Hindayana.,https://www.cnnindonesia.com/nasional/20260603101609-14-1364786/foto-penggeledahan-kantor-bgn-karyawan-tak-bisa-masuk-gedung,2026-06-03 03:35:02,CNN Indonesia
646,"Kejagung Sudah 8 Jam Geledah Kantor BGN, Apa yang Diusut?",Kejaksaan Agung menggeledah Kantor BGN di Jakarta. Penggeledahan berlangsung sejak dini hari. Apa yang diusut Kejagung?,https://www.cnnindonesia.com/nasional/20260603103012-12-1364798/kejagung-sudah-8-jam-geledah-kantor-bgn-apa-yang-diusut,2026-06-03 03:33:06,CNN Indonesia
647,Tim Kejagung Sudah Berada di Kantor BGN Sejak Pagi Buta,"Penyidik Kejaksaan Agung (Kejagung) menggeledah kantor Badan Gizi Nasional (BGN) sejak pukul 02.00 WIB, Rabu (3/6) dini hari.",https://www.cnnindonesia.com/nasional/20260603101259-12-1364785/tim-kejagung-sudah-berada-di-kantor-bgn-sejak-pagi-buta,2026-06-03 03:24:43,CNN Indonesia
648,"Kejagung Geledah Kantor BGN, Karyawan Belum Bisa Masuk Gedung","Kejaksaan Agung (Kejagung) melakukan penggeledahan di kantor Badan Gizi Nasional (BGN), Kebon Sirih, Jakarta Pusat, Rabu (3/6).",https://www.cnnindonesia.com/nasional/20260603094204-12-1364775/kejagung-geledah-kantor-bgn-karyawan-belum-bisa-masuk-gedung,2026-06-03 02:55:17,CNN Indonesia
649,"Geledah Kantor BGN, Kejagung Terjunkan Penyidik Pidana Khusus",Kejaksaan Agung (Kejagung) membenarkan sedang melakukan kegiatan penggeledahan di Kantor Badan Gizi Nasional (BGN) di Jakarta Pusat.,https://www.cnnindonesia.com/nasional/20260603094823-12-1364776/geledah-kantor-bgn-kejagung-terjunkan-penyidik-pidana-khusus,2026-06-03 02:52:46,CNN Indonesia
650,"Kantor BGN Dikabarkan Digeledah, Karyawan Tak Boleh Masuk Gedung",Kejaksaan Agung dikabarkan menggeledah kantor Badan Gizi Nasional di Jakarta. Karyawan diminta menunggu di luar.,https://www.cnnindonesia.com/nasional/20260603082940-12-1364754/kantor-bgn-dikabarkan-digeledah-karyawan-tak-boleh-masuk-gedung,2026-06-03 02:26:17,CNN Indonesia
651,PDIP soal Rencana Kunjungan Jokowi: Tidak Boleh Ada Matahari Lain,Juru Bicara PDIP Ansy Lena menilai rencana kunjungan Jokowi ke daerah tidak relevan. Ia mengingatkan pentingnya fokus pada kerja untuk masyarakat.,https://www.cnnindonesia.com/nasional/20260603083900-32-1364755/pdip-soal-rencana-kunjungan-jokowi-tidak-boleh-ada-matahari-lain,2026-06-03 02:11:48,CNN Indonesia
652,Kasus Peluru Nyasar di Universitas Negeri Padang Sudah 4 Kali Terjadi,Kasus peluru nyasar di UNP sudah beberapa kali terjadi. Investigasi dilakukan TNI untuk mencari asal peluru.,https://www.cnnindonesia.com/nasional/20260603074349-12-1364739/kasus-peluru-nyasar-di-universitas-negeri-padang-sudah-4-kali-terjadi,2026-06-03 01:58:24,CNN Indonesia
653,Purbaya Siap Bantu Kejagung Usut Dugaan Korupsi Dadan Cs di BGN,Purbaya menyatakan siap berkoordinasi dengan Kejagung dan BPKP dalam penanganan kasus dugaan korupsi di BGN lewat pertukaran data.,https://www.cnnindonesia.com/ekonomi/20260603192121-532-1365075/purbaya-siap-bantu-kejagung-usut-dugaan-korupsi-dadan-cs-di-bgn,2026-06-03 13:00:31,CNN Indonesia
654,Purbaya Kaget Eks Kepala BGN Dadan Tersangka Korupsi: Kasihan Amat,Purbaya kaget mengetahui mantan Kepala BGN Dadan Hindayana ditetapkan sebagai tersangka korupsi oleh Kejagung.,https://www.cnnindonesia.com/ekonomi/20260603190026-532-1365068/purbaya-kaget-eks-kepala-bgn-dadan-tersangka-korupsi-kasihan-amat,2026-06-03 12:18:51,CNN Indonesia
655,GOTO Buka Suara soal Saham Dibekukan MSCI - Didepak dari FTSE Russell,GOTO buka suara usai sahamnya dibekukan oleh MSCI dan didepak dari daftar indeks FTSE Global Equity Index Series (GEIS).,https://www.cnnindonesia.com/ekonomi/20260603184512-92-1365056/goto-buka-suara-soal-saham-dibekukan-msci-didepak-dari-ftse-russell,2026-06-03 12:01:34,CNN Indonesia
656,AS Ancam Getok RI Tarif Tambahan 10 Persen Buntut Dugaan Kerja Paksa,Pemerintah Amerika Serikat (AS) mengusulkan tarif tambahan sebesar 10 persen terhadap sejumlah produk impor dari Indonesia.,https://www.cnnindonesia.com/ekonomi/20260603174509-92-1365029/as-ancam-getok-ri-tarif-tambahan-10-persen-buntut-dugaan-kerja-paksa,2026-06-03 11:23:17,CNN Indonesia
657,"Revisi UU PPSK Siap Dibawa ke Paripurna, DPR Bisa Evaluasi BI - OJK","Salah satu substansi revisi UU PPSK adalah DPR bisa mengevaluasi kinerja BI, OJK dan LPS.",https://www.cnnindonesia.com/ekonomi/20260603172216-78-1365019/revisi-uu-ppsk-siap-dibawa-ke-paripurna-dpr-bisa-evaluasi-bi-ojk,2026-06-03 10:48:07,CNN Indonesia
658,"Dari 546 Pemda, Baru 5 Daerah yang Bayarkan Gaji ke-13 PNS","Kemenkeu melaporkan dari 546 pemda, baru lima yang membayarkan gaji ke-13 ke PNS. Realisasi pencairan baru 0,92 perseb.",https://www.cnnindonesia.com/ekonomi/20260603165837-532-1365007/dari-546-pemda-baru-5-daerah-yang-bayarkan-gaji-ke-13-pns,2026-06-03 10:27:42,CNN Indonesia
659,FOTO: Penjualan Elektronik di Glodok Kian Lemas Imbas Amblas Rupiah,Rontoknya kurs rupiah nyaris menyentuh Rp18 ribu per dolar AS turut mendorong kenaikan harga elektronik impor. Penjualan pun lesu.,https://www.cnnindonesia.com/ekonomi/20260603161249-94-1364982/foto-penjualan-elektronik-di-glodok-kian-lemas-imbas-amblas-rupiah,2026-06-03 09:56:31,CNN Indonesia
660,"IHSG Ambrol 4,11 Persen ke 5.941 Sore Ini, 692 Saham Terbakar","IHSG ambrol 4,11 persen ke level 5.941 pada penutupan perdagangan Rabu (3/6) sore. Sebanyak 692 saham melemah.",https://www.cnnindonesia.com/ekonomi/20260603161040-92-1364981/ihsg-ambrol-411-persen-ke-5941-sore-ini-692-saham-terbakar,2026-06-03 09:23:52,CNN Indonesia
661,Rupiah Ambrol ke Rp17.966 per Dolar AS Sore Ini,"Nilai tukar rupiah ditutup ambrol ke Rp17.966 per dolar AS pada Rabu (3/6) sore, melemah 128 poin atau 0,71 persen dibandingkan sebelumnya.",https://www.cnnindonesia.com/ekonomi/20260603155422-78-1364974/rupiah-ambrol-ke-rp17966-per-dolar-as-sore-ini,2026-06-03 09:02:05,CNN Indonesia
662,"Pencairan Gaji ke-13 PNS Pusat Capai 99,3 Persen","Kemenkeu mencatat realisasi pembayaran gaji ke-13 PNS di pemerintah pusat mencapai 99,3 persen hingga 2 Juni 2026.",https://www.cnnindonesia.com/ekonomi/20260603153820-532-1364962/pencairan-gaji-ke-13-pns-pusat-capai-993-persen,2026-06-03 08:50:15,CNN Indonesia
663,BI Buka Suara soal Rupiah Nyaris Tembus Rp18 Ribu per Dolar AS,"BI buka suara soal nilai tukar rupiah terus melemah terhadap dolar AS, bahkan makin mendekati level Rp18 ribu.",https://www.cnnindonesia.com/ekonomi/20260603151248-78-1364952/bi-buka-suara-soal-rupiah-nyaris-tembus-rp18-ribu-per-dolar-as,2026-06-03 08:25:48,CNN Indonesia
664,SKK Migas Ungkap Alasan Harga Pertalite Tak Naik Meski Minyak Melonjak,Kepala SKK Migas Djoko Siswanto menjelaskan alasan harga BBM Pertalite tak naik meski harga minyak dunia sempat melonjak akibat ketegangan di Timur Tengah.,https://www.cnnindonesia.com/ekonomi/20260603132551-85-1364879/skk-migas-ungkap-alasan-harga-pertalite-tak-naik-meski-minyak-melonjak,2026-06-03 08:03:26,CNN Indonesia
665,"Ekosistem BSI, Solusi Ibadah Haji dan Umrah Tenang Bebas Cemas","Masyarakat Indonesia kini bisa merencanakan haji dan umrah lebih mudah melalui layanan keuangan syariah dari BSI, termasuk tabungan dan pembiayaan fleksibel.",https://www.cnnindonesia.com/ekonomi/20260602182128-625-1364615/ekosistem-bsi-solusi-ibadah-haji-dan-umrah-tenang-bebas-cemas,2026-06-03 07:22:46,CNN Indonesia
666,"Gaji ke-13 Cair, PNS Girang Saldo Rekening Bertambah",Sejumlah aparatur sipil negara (ASN) mulai menerima pencairan gaji ke-13 pada Selasa (2/6).,https://www.cnnindonesia.com/ekonomi/20260603125045-92-1364859/gaji-ke-13-cair-pns-girang-saldo-rekening-bertambah,2026-06-03 07:21:38,CNN Indonesia
667,TelkomMetra Resmi Divestasi AdMedika Group pada Fullerton Health,"Langkah ini memposisikan AdMedika Group untuk memasuki fase pertumbuhan selanjutnya di bawah kepemilikan Fullerton Health, termasuk peluang ekspansi regional.",https://www.cnnindonesia.com/ekonomi/20260603141607-625-1364910/telkommetra-resmi-divestasi-admedika-group-pada-fullerton-health,2026-06-03 07:18:20,CNN Indonesia
668,Danantara Bakal Pangkas Anak-Cucu Usaha PLN dari 44 Jadi 23 Entitas,"Pada 2028, BP BUMN dan Danantara menargetkan jumlah anak dan cucu usaha PLN Group berkurang dari 44 entitas menjadi 23 entitas.",https://www.cnnindonesia.com/ekonomi/20260603121042-92-1364846/danantara-bakal-pangkas-anak-cucu-usaha-pln-dari-44-jadi-23-entitas,2026-06-03 06:40:05,CNN Indonesia
669,"IHSG Nyungsep Nyaris 5 Persen Siang Ini, Apa Biang Keroknya?",IHSG amblas hampir 5 persen pada sesi I perdagangan Rabu (3/6) karena adanya pelemahan nilai tukar rupiah dan imbas penguatan emiten konglomerasi.,https://www.cnnindonesia.com/ekonomi/20260603123901-92-1364854/ihsg-nyungsep-nyaris-5-persen-siang-ini-apa-biang-keroknya,2026-06-03 05:54:36,CNN Indonesia
670,Dewan Komisaris Pertamina Cek Langsung Fasilitas dan Layanan SPBU Bali,"Dewan Komisaris Pertamina meninjau SPBU di Bali untuk memastikan kualitas layanan dan stok BBM, fokus pada kebersihan dan inovasi area komersial.",https://www.cnnindonesia.com/ekonomi/20260603122417-625-1364852/dewan-komisaris-pertamina-cek-langsung-fasilitas-dan-layanan-spbu-bali,2026-06-03 05:51:17,CNN Indonesia
671,"Rekor Baru Bulog, Serapan Gabah-Beras Petani Capai 3 Juta Ton","Kurang dari 6 bulan, Bulog mendekati target tahunan dengan menyeimbangkan perlindungan petani, penguatan cadangan pangan, dan stabilitas harga pangan nasional.",https://www.cnnindonesia.com/ekonomi/20260603121813-97-1364849/rekor-baru-bulog-serapan-gabah-beras-petani-capai-3-juta-ton,2026-06-03 05:34:13,CNN Indonesia
672,"Gerak Cepat TASPEN, 99% Pensiunan Terima Gaji ke-13 di Hari Pertama","Komisaris Utama TASPEN menyampaikan bahwa penyaluran gaji ke-13 tahun ini berjalan secara tepat waktu, tepat jumlah, tepat sasaran, dan tanpa potongan.",https://www.cnnindonesia.com/ekonomi/20260603115807-625-1364835/gerak-cepat-taspen-99-pensiunan-terima-gaji-ke-13-di-hari-pertama,2026-06-03 05:20:07,CNN Indonesia
673,"IHSG Anjlok Nyaris 5 Persen ke 5.889 Siang Ini, 714 Saham Merah",Indeks Harga Saham Gabungan (IHSG) melemah hampir 5 persen ke 5.889 pada sesi I perdagangan Rabu (3/6).,https://www.cnnindonesia.com/ekonomi/20260603120426-92-1364843/ihsg-anjlok-nyaris-5-persen-ke-5889-siang-ini-714-saham-merah,2026-06-03 05:14:10,CNN Indonesia
674,"Aturan Pajak UMKM Diperketat, Tak Bisa Pecah Usaha Demi Tarif 0,5%","Pemerintah resmi memperketat peraturan mengenai pemanfaatan fasilitas Pajak Penghasilan (PPh) final UMKM sebesar 0,5 persen.",https://www.cnnindonesia.com/ekonomi/20260603115455-532-1364832/aturan-pajak-umkm-diperketat-tak-bisa-pecah-usaha-demi-tarif-05,2026-06-03 05:04:06,CNN Indonesia
675,"4,68 Juta Wisman Kunjungi RI Januari-April 2026, Tertinggi Sejak 2020","Badan Pusat Statistik (BPS) mencatat jumlah kunjungan wisatawan mancanegara (wisman) ke Indonesia mencapai 4,68 juta orang pada Januari-April 2026.",https://www.cnnindonesia.com/ekonomi/20260603113146-92-1364822/468-juta-wisman-kunjungi-ri-januari-april-2026-tertinggi-sejak-2020,2026-06-03 04:45:16,CNN Indonesia
676,Mengenal FTSE Russel dan Pengaruhnya di Pasar Modal Global,Nama FTSE Russell kembali ramai diperbincangkan setelah empat saham emiten Indonesia didepak dari indeks globalnya.,https://www.cnnindonesia.com/ekonomi/20260603104958-92-1364804/mengenal-ftse-russel-dan-pengaruhnya-di-pasar-modal-global,2026-06-03 04:21:53,CNN Indonesia
677,Blak-blakan Menteri Dody soal Deep State hingga Isu di Kementerian PU,Menteri PU Dody Hanggodo ungkap praktik 'deep state' dan dugaan korupsi di kementeriannya. Saksikan obrolan seru di Podcast Money Honey.,https://www.cnnindonesia.com/ekonomi/20260602194317-92-1364637/blak-blakan-menteri-dody-soal-deep-state-hingga-isu-di-kementerian-pu,2026-06-03 04:10:06,CNN Indonesia
678,Daftar Pejabat BGN Terbaru Usai Prabowo Copot Dadan Hindayana Dkk,Presiden Prabowo Subianto merombak jajaran pimpinan Badan Gizi Nasional dengan mencopot Kepala BGN Dadan Hindayana serta dua wakil kepala lembaga tersebut.,https://www.cnnindonesia.com/ekonomi/20260603102625-92-1364795/daftar-pejabat-bgn-terbaru-usai-prabowo-copot-dadan-hindayana-dkk,2026-06-03 03:49:08,CNN Indonesia
679,"IHSG Ambrol ke Level 6.048 Pagi Ini, 555 Saham Babak Belur","IHSG melemah 147,2 poin atau 2,38 persen ke level 6.048 pada pukul 10.10 WIB, Rabu (3/5). Sebanyak 555 saham terkoreksi, 110 menguat, dan 141 stagnan.",https://www.cnnindonesia.com/ekonomi/20260603102043-92-1364793/ihsg-ambrol-ke-level-6048-pagi-ini-555-saham-babak-belur,2026-06-03 03:25:42,CNN Indonesia
680,Harga Minyak Mendidih ke US$97 per Barel Imbas Serangan Rudal Iran,"Harga minyak dunia kembali menguat lebih dari 1 persen pada perdagangan Rabu (3/6), seiring memanasnya konflik di Timur Tengah.",https://www.cnnindonesia.com/ekonomi/20260603095850-85-1364779/harga-minyak-mendidih-ke-us-97-per-barel-imbas-serangan-rudal-iran,2026-06-03 03:13:40,CNN Indonesia
681,Tamchy SFIT Resmikan Pusat Bisnis Pertamanya di Tepi Danau Issyk-Kul,"Tamchy SFIT di Kirgizstan resmi buka pusat bisnis pertama di Danau Issyk-Kul, menandai fase operasional baru untuk investasi internasional.",https://www.cnnindonesia.com/ekonomi/20260602212836-625-1364690/tamchy-sfit-resmikan-pusat-bisnis-pertamanya-di-tepi-danau-issyk-kul,2026-06-03 03:00:22,CNN Indonesia
682,"Rupiah Jebol Rp17.910 per Dolar AS, Rekor Terlemah Sepanjang Sejarah",Nilai tukar rupiah kembali tertekan terhadap dolar AS dan menembus rekor terlemah sepanjang sejarah perdagangan modern pada perdagangan Rabu (3/6) pagi.,https://www.cnnindonesia.com/ekonomi/20260603095207-78-1364777/rupiah-jebol-rp17910-per-dolar-as-rekor-terlemah-sepanjang-sejarah,2026-06-03 02:55:55,CNN Indonesia
683,"Harga Emas Antam Tertahan Rp2,774 Juta per Gram Rabu Pagi",Harga emas batangan produksi PT Aneka Tambang Tbk (Antam) stabil pada perdagangan Rabu (3/6) pagi.,https://www.cnnindonesia.com/ekonomi/20260603093540-92-1364770/harga-emas-antam-tertahan-rp2774-juta-per-gram-rabu-pagi,2026-06-03 02:45:41,CNN Indonesia
684,"Rupiah Lunglai, Nyaris Tembus Rp17.900 per Dolar AS Pagi Ini","Nilai tukar rupiah melemah 0,22 persen ke level Rp17.878 per dolar AS pada perdagangan Rabu (3/6) pagi.",https://www.cnnindonesia.com/ekonomi/20260603092156-78-1364768/rupiah-lunglai-nyaris-tembus-rp17900-per-dolar-as-pagi-ini,2026-06-03 02:26:33,CNN Indonesia
685,OJK Ungkap 57 BPR-BPRS Bakal Merger Jadi 18 Bank,OJK mengungkap sebanyak 57 BPR dan BPRS mendapat lampu hijau untuk melakukan konsolidasi menjadi 18 entitas hingga akhir April 2026.,https://www.cnnindonesia.com/ekonomi/20260603065205-78-1364719/ojk-ungkap-57-bpr-bprs-bakal-merger-jadi-18-bank,2026-06-03 01:30:37,CNN Indonesia
686,Impor Plastik Bengkak di Tengah Lonjakan Harga,"BPS mencatat impor plastik dan barang dari plastik melonjak 12,40 persen sepanjang Januari-April 2026, di tengah kenaikan harga imbas perang di Timur Tengah.",https://www.cnnindonesia.com/ekonomi/20260602170018-92-1364582/impor-plastik-bengkak-di-tengah-lonjakan-harga,2026-06-03 01:00:29,CNN Indonesia
687,BPS Ungkap Penyebab Impor Migas April Melonjak 82 Persen April 2026,"Badan Pusat Statistik (BPS) mengungkap alasan impor migas melonjak 82,52 persen menjadi US$4,60 miliar sepanjang April 2026.",https://www.cnnindonesia.com/ekonomi/20260602195315-92-1364643/bps-ungkap-penyebab-impor-migas-april-melonjak-82-persen-april-2026,2026-06-03 00:30:08,CNN Indonesia
688,"Gaji ke-13 PNS Cair, Seberapa Ampuh Dorong Konsumsi dan Laju Ekonomi?",Pencairan gaji ke-13 bagi ASN hingga pensiunan mulai Selasa (2/6) diproyeksi memberi tambahan dorongan bagi konsumsi rumah tangga pada semester II 2026.,https://www.cnnindonesia.com/ekonomi/20260603062535-532-1364709/gaji-ke-13-pns-cair-seberapa-ampuh-dorong-konsumsi-dan-laju-ekonomi,2026-06-03 00:00:58,CNN Indonesia
689,Daftar 8 Saham Emiten Indonesia yang Kena Depak FTSE Russell,Lembaga pemeringkat indeks saham global FTSE Russell mengeluarkan beberapa saham Indonesia dari daftar indeks FTSE GEIS.,https://www.cnnindonesia.com/ekonomi/20260602200023-92-1364653/daftar-8-saham-emiten-indonesia-yang-kena-depak-ftse-russell,2026-06-02 23:30:07,CNN Indonesia
690,"IHSG Diramal Bergerak Fluktuatif Hari Ini, Peluang Penguatan Terbatas",Indeks Harga Saham Gabungan (IHSG) diproyeksi bergerak fluktuatif (mixed) dengan penguatan terbatas pada perdagangan Rabu (3/6).,https://www.cnnindonesia.com/ekonomi/20260603060839-92-1364702/ihsg-diramal-bergerak-fluktuatif-hari-ini-peluang-penguatan-terbatas,2026-06-02 23:16:17,CNN Indonesia
691,Warga RI Plesiran ke Luar Negeri Anjlok 30 Persen pada April 2026,"BPS mencatat jumlah warga Indonesia yang melakukan perjalanan ke luar negeri anjlok menjadi 643,66 ribu pada April 2026.",https://www.cnnindonesia.com/ekonomi/20260602153042-92-1364543/warga-ri-plesiran-ke-luar-negeri-anjlok-30-persen-pada-april-2026,2026-06-02 21:45:07,CNN Indonesia
692,"AAJI Catat Tertanggung Asuransi Jiwa Melonjak 20,9 Persen","Asosiasi Asuransi Jiwa Indonesia (AAJI) mengungkap jumlah tertanggung asuransi jiwa naik 20,9 persen (yoy) menjadi 118,28 juta orang pada kuartal I 2026.",https://www.cnnindonesia.com/ekonomi/20260602210657-78-1364684/aaji-catat-tertanggung-asuransi-jiwa-melonjak-209-persen,2026-06-02 20:30:57,CNN Indonesia
693,Indonesia Masih Tekor Dagang dengan 3 Negara Ini Januari-April 2026,"Badan Pusat Statistik (BPS) mencatat Indonesia masih tekor dagang dengan tiga negara yakni China, Australia dan Argentina sepanjang Januari-April 2026.",https://www.cnnindonesia.com/ekonomi/20260602203851-92-1364662/indonesia-masih-tekor-dagang-dengan-3-negara-ini-januari-april-2026,2026-06-02 14:30:21,CNN Indonesia
694,"Profil Nanik S Deyang, Kepala BGN Baru Pengganti Dadan Hindayana",Nanik Sudaryati Deyang resmi ditunjuk sebagai Kepala Badan Gizi Nasional (BGN) menggantikan Dadan Hindayana.,https://www.cnnindonesia.com/ekonomi/20260602202013-92-1364655/profil-nanik-s-deyang-kepala-bgn-baru-pengganti-dadan-hindayana,2026-06-02 13:53:56,CNN Indonesia
695,"Beras Dorong Inflasi, Harga Naik di Penggilingan dan Eceran",Badan Pusat Statistik (BPS) mencatat beras menjadi salah satu penyumbang inflasi pada Mei 2026.,https://www.cnnindonesia.com/ekonomi/20260602192757-92-1364633/beras-dorong-inflasi-harga-naik-di-penggilingan-dan-eceran,2026-06-02 12:47:14,CNN Indonesia
696,Menkop Beri Update Rekrutmen 30 Ribu Manajer Kopdes Merah Putih,Menkop Ferry mengungkapkan proses rekrutmen 30 ribu manajer Kopdes Merah Putih telah memasuki tahap akhir seleksi dan segera berlanjut ke pelatihan.,https://www.cnnindonesia.com/ekonomi/20260602185938-92-1364628/menkop-beri-update-rekrutmen-30-ribu-manajer-kopdes-merah-putih,2026-06-02 12:08:08,CNN Indonesia
697,Menko Airlangga Kawal Aksesi OECD dan Percepat Ratifikasi I-EU CEPA,"Menko Airlangga Hartarto memimpin delegasi Indonesia ke Paris dan Brussels untuk aksesi OECD dan ratifikasi I-EU CEPA, memperkuat kerja sama ekonomi.",https://www.cnnindonesia.com/ekonomi/20260602183454-537-1364619/menko-airlangga-kawal-aksesi-oecd-dan-percepat-ratifikasi-i-eu-cepa,2026-06-02 11:46:01,CNN Indonesia
698,Fakta-fakta Indomaret Tutup saat Libur Nasional,Indomaret tengah ramai diperbincangkan publik karena beredar informasi di sosial media soal gerai yang kompak tutup saat libur nasional. Berikut fakta-faktanya.,https://www.cnnindonesia.com/ekonomi/20260602175504-92-1364610/fakta-fakta-indomaret-tutup-saat-libur-nasional,2026-06-02 11:11:21,CNN Indonesia
699,"Warganet Ngeluh Tagihan Listrik Melonjak, PLN Pastikan Tarif Tak Naik",Sejumlah warganet mengeluh tagihan listrik melonjak hingga dua sampai tiga kali di media sosial.,https://www.cnnindonesia.com/ekonomi/20260602173240-85-1364598/warganet-ngeluh-tagihan-listrik-melonjak-pln-pastikan-tarif-tak-naik,2026-06-02 10:40:36,CNN Indonesia
700,Kementan Ungkap Harga Sapi Perah Impor Meroket Imbas Rupiah Loyo,Kementerian Pertanian (Kementan) mengungkap pelemahan nilai tukar rupiah terhadap dolar AS mulai berdampak pada harga sapi perah impor.,https://www.cnnindonesia.com/ekonomi/20260602164230-92-1364576/kementan-ungkap-harga-sapi-perah-impor-meroket-imbas-rupiah-loyo,2026-06-02 09:50:55,CNN Indonesia
701,"IHSG Ditutup Hijau ke 6.195 Selasa Sore, 281 Saham Menguat","Indeks Harga Saham Gabungan (IHSG) ditutup menguat 1,11 persen ke 6.195 pada perdagangan Selasa (2/6) sore.",https://www.cnnindonesia.com/ekonomi/20260602161922-92-1364564/ihsg-ditutup-hijau-ke-6195-selasa-sore-281-saham-menguat,2026-06-02 09:27:52,CNN Indonesia
702,Rupiah Loyo ke Rp17.839 per Dolar AS Sore Ini,"Nilai tukar rupiah ditutup melemah 0,19 persen ke Rp17.839 per dolar AS pada perdagangan Selasa (2/6) sore.",https://www.cnnindonesia.com/ekonomi/20260602160234-78-1364555/rupiah-loyo-ke-rp17839-per-dolar-as-sore-ini,2026-06-02 09:12:06,CNN Indonesia
703,Kementan Ungkap 75 Persen Kebutuhan Susu RI Masih Bergantung Impor,Kementan menjelaskan tingginya kebutuhan susu nasional masih belum sejalan dengan kemampuan produksi dalam negeri.,https://www.cnnindonesia.com/ekonomi/20260602141619-92-1364512/kementan-ungkap-75-persen-kebutuhan-susu-ri-masih-bergantung-impor,2026-06-02 08:40:09,CNN Indonesia
704,"FTSE Russell Kembali Depak 4 Saham Emiten Indonesia, Apa Saja?",Penyedia indeks global FTSE Russell kembali mengeluarkan sejumlah saham Indonesia dari indeks acuannya.,https://www.cnnindonesia.com/ekonomi/20260602145932-92-1364526/ftse-russell-kembali-depak-4-saham-emiten-indonesia-apa-saja,2026-06-02 08:09:11,CNN Indonesia
705,"BGN Akui Susu untuk MBG Masih Sulit Didapat, Apa Biang Keroknya?",Badan Gizi Nasional (BGN) mengakui pasokan susu untuk program Makan Bergizi Gratis (MBG) masih menjadi tantangan besar di lapangan.,https://www.cnnindonesia.com/ekonomi/20260602134311-92-1364489/bgn-akui-susu-untuk-mbg-masih-sulit-didapat-apa-biang-keroknya,2026-06-02 07:27:30,CNN Indonesia
706,Kementan Buka Peluang Bisnis Dapur Susu untuk MBG Modal di Bawah Rp5 M,Model usaha ini disiapkan untuk memperluas sentra peternakan sapi perah di luar Pulau Jawa sekaligus menjamin pasar bagi peternak lokal.,https://www.cnnindonesia.com/ekonomi/20260602132623-92-1364467/kementan-buka-peluang-bisnis-dapur-susu-untuk-mbg-modal-di-bawah-rp5-m,2026-06-02 06:55:21,CNN Indonesia
707,Head dan Shoulders Kenalkan Varian Baru Lewat Super Cool Run 2026,Head dan Shoulders Indonesia luncurkan Super Cool Run 2026 di Jakarta untuk perkenalkan varian baru yang memberikan sensasi dingin kulit kepala.,https://www.cnnindonesia.com/ekonomi/20260602131720-625-1364465/head-shoulders-kenalkan-varian-baru-lewat-super-cool-run-2026,2026-06-02 06:29:27,CNN Indonesia
708,"Harga Telur Turun, Peternak Menjerit saat Sentuh Rp20 Ribuan per Kg",Harga telur ayam turun selama tiga bulan berturut-turut hingga menyentuh Rp20.600 per kilogram di tingkat peternak.,https://www.cnnindonesia.com/ekonomi/20260602130815-92-1364463/harga-telur-turun-peternak-menjerit-saat-sentuh-rp20-ribuan-per-kg,2026-06-02 06:25:53,CNN Indonesia
709,"Rupiah Nyaris Ambrol ke Rp18 Ribu, Ini Skenario Terburuk versi Analis",Nilai tukar rupiah nyaris kembali menembus level psikologis Rp18 ribu per dolar AS pada perdagangan Selasa (2/6) pagi usai ambruk ke Rp17.879 per dolar AS.,https://www.cnnindonesia.com/ekonomi/20260602121813-78-1364440/rupiah-nyaris-ambrol-ke-rp18-ribu-ini-skenario-terburuk-versi-analis,2026-06-02 05:56:12,CNN Indonesia
710,"IHSG Sesi I Ditutup Menguat 1,49 Persen ke 6.218 pada Selasa Siang","Indeks Harga Saham Gabungan (IHSG) menutup perdagangan di zona hijau pada sesi I Selasa (2/6) pukul 12.00 WIB. dengan menguat 1,49 persen ke level 6.218.",https://www.cnnindonesia.com/ekonomi/20260602122509-92-1364442/ihsg-sesi-i-ditutup-menguat-149-persen-ke-6218-pada-selasa-siang,2026-06-02 05:33:24,CNN Indonesia
711,Surplus Neraca Dagang RI April 2026 Menyusut Jadi US$89 Juta,"Surplus terjadi karena kinerja ekspor tercatat US$25,30 miliar, lebih tinggi sedikit dari catatan impor yang mencapai US$25,21 miliar per April 2026.",https://www.cnnindonesia.com/ekonomi/20260602111154-532-1364413/surplus-neraca-dagang-ri-april-2026-menyusut-jadi-us-89-juta,2026-06-02 05:03:22,CNN Indonesia
712,"RI Inflasi 3,08 Persen pada Mei 2026","Badan Pusat Statistik (BPS) mencatat Indonesia mengalami inflasi 3,08 persen pada Mei 2026 (year-on-year/ yoy). Secara bulanan, inflasi tercatat 0,28 persen.",https://www.cnnindonesia.com/ekonomi/20260602112700-532-1364420/ri-inflasi-308-persen-pada-mei-2026,2026-06-02 04:33:11,CNN Indonesia
713,Segini Besaran Gaji ke-13 PNS yang Cair Mulai Hari Ini,"Gaji ke-13 bagi aparatur sipil negara (ASN) atau PNS, pensiunan, penerima pensiun, hingga penerima tunjangan cair mulai hari ini, Selasa (2/6).",https://www.cnnindonesia.com/ekonomi/20260602103022-532-1364398/segini-besaran-gaji-ke-13-pns-yang-cair-mulai-hari-ini,2026-06-02 03:42:36,CNN Indonesia
714,Harga Minyak Menanjak ke US$95 saat Proses Negosiasi AS-Iran Buram,"Sementara itu, harga minyak mentah West Texas Intermediate (WTI) AS turun 17 sen atau 0,18 persen ke level US$91,99 per barel.",https://www.cnnindonesia.com/ekonomi/20260602095636-85-1364385/harga-minyak-menanjak-ke-us-95-saat-proses-negosiasi-as-iran-buram,2026-06-02 03:15:05,CNN Indonesia
715,"Harga Emas Antam Turun Rp25 Ribu ke Level Rp2,774 Juta per Gram","Logam Mulia mencatat harga <em>buyback</em> emas Antam pada Selasa (2/6) berada di Rp2,584 juta per gram atau turun Rp25 ribu dibandingkan perdagangan sebelumnya.",https://www.cnnindonesia.com/ekonomi/20260602084727-92-1364363/harga-emas-antam-turun-rp25-ribu-ke-level-rp2774-juta-per-gram,2026-06-02 02:55:15,CNN Indonesia
716,"Bulog Komitmen Perkuat PT GMM, Jaga Kepercayaan Petani Tebu Blora","Sebagai bagian dari upaya pembenahan, Bulog telah mengusulkan pergantian manajemen PT GMM dengan susunan yang baru.",https://www.cnnindonesia.com/ekonomi/20260602094252-97-1364380/bulog-komitmen-perkuat-pt-gmm-jaga-kepercayaan-petani-tebu-blora,2026-06-02 02:45:39,CNN Indonesia
717,IHSG Dibuka Melesat ke Level 6.205 usai Libur Panjang,"Nilai transaksi saham mencapai Rp721,12 miliar dengan volume perdagangan sekitar 504,19 juta saham dan frekuensi transaksi sebanyak 49.045 kali.",https://www.cnnindonesia.com/ekonomi/20260602090533-92-1364368/ihsg-dibuka-melesat-ke-level-6205-usai-libur-panjang,2026-06-02 02:32:33,CNN Indonesia
718,Rupiah Pagi Ini Nyaris Jebol Rp18.000 per Dolar AS usai Libur Panjang,"Melansir Bloomberg, nilai tukar rupiah pagi melemah 0,42 persen ke level Rp17.879 per dolar AS pada Selasa (2/6) usai libur panjang Iduladha dan Hari Pancasila.",https://www.cnnindonesia.com/ekonomi/20260602085528-78-1364365/rupiah-pagi-ini-nyaris-jebol-rp18000-per-dolar-as-usai-libur-panjang,2026-06-02 02:19:14,CNN Indonesia
719,Hantaman Keras Kelas Menengah dan Mimpi Indah yang Perlahan Memudar,Kelas menengah hari ini bertahan hidup di tengah gempuran ekonomi yang dinilai makin sulit dan mimpi yang diperjuangkan.,https://www.cnnindonesia.com/ekonomi/20260602075603-533-1364345/hantaman-keras-kelas-menengah-dan-mimpi-indah-yang-perlahan-memudar,2026-06-02 01:21:34,CNN Indonesia
720,Gaji ke-13 PNS hingga Pensiunan Cair mulai Hari Ini,Tambahan penghasilan setiap tahun menjelang tahun ajaran baru alias gaji ke-13 disalurkan sesuai ketentuan pemerintah dalam PP Nomor 9 Tahun 2026.,https://www.cnnindonesia.com/ekonomi/20260602074844-532-1364328/gaji-ke-13-pns-hingga-pensiunan-cair-mulai-hari-ini,2026-06-02 01:19:44,CNN Indonesia
721,Daftar Harga BBM Pertamina Terbaru per Juni 2026,"Penyesuaian harga BBM mencakup jenis bahan bakar diesel, yakni Dexlite dan Pertamina Dex, serta BBM bensin beroktan tinggi Pertamax Turbo.",https://www.cnnindonesia.com/ekonomi/20260602071955-85-1364321/daftar-harga-bbm-pertamina-terbaru-per-juni-2026,2026-06-02 00:45:47,CNN Indonesia
722,"Inflasi Mei Berpotensi Naik, Bapanas Ungkap Kondisi Harga Terkini",Bapanas sebut situasi pangan saat ini relatif terkendali meski dunia menghadapi ketidakpastian imbas gejolak geopolitik dan berpotensi memengaruhi rantai pasok.,https://www.cnnindonesia.com/ekonomi/20260527180832-532-1362915/inflasi-mei-berpotensi-naik-bapanas-ungkap-kondisi-harga-terkini,2026-06-02 00:20:10,CNN Indonesia
723,IHSG Berpotensi Mendung Hari Ini,Analis memperkirakan IHSG masih rawan terkoreksi pada perdagangan hari ini dengan area support yang perlu dicermati di level 5.899.,https://www.cnnindonesia.com/ekonomi/20260602062104-92-1364294/ihsg-berpotensi-mendung-hari-ini,2026-06-01 23:38:48,CNN Indonesia
724,Pengusaha Beri 6 Catatan soal Kebijakan Ekspor Sawit-Batu Bara via DSI,Apindo hingga Gapki memberi 6 catatan terkait kebijakan ekspor sawit hingga batu bara menjadi satu pintu lewat BUMN PT Danantara Sumberdaya Indonesia (DSI).,https://www.cnnindonesia.com/ekonomi/20260601231729-92-1364280/pengusaha-beri-6-catatan-soal-kebijakan-ekspor-sawit-batu-bara-via-dsi,2026-06-01 22:08:30,CNN Indonesia
725,"Sindir Trump, Powell Ingatkan Bahaya Cawe-cawe Kebijakan The Fed",Powell menekankan pentingnya independensi dan kredibilitas bank sentral di tengah cawe-cawe Presiden AS Donald Trump terhadap kebijakan The Fed.,https://www.cnnindonesia.com/ekonomi/20260601154321-78-1364166/sindir-trump-powell-ingatkan-bahaya-cawe-cawe-kebijakan-the-fed,2026-06-01 21:02:23,CNN Indonesia
726,"Harga Minyak Meledak 3,8% ke US$94 Buntut Israel Ganggu Deal AS-Iran","Harga minyak dunia melonjak 3,8 persen ke US$94,55 per barel pada Senin (1/6) usai Iran menghentikan perundingan dengan AS buntut invasi Israel ke Lebanon.",https://www.cnnindonesia.com/ekonomi/20260601214156-85-1364274/harga-minyak-meledak-38-ke-us-94-buntut-israel-ganggu-deal-as-iran,2026-06-01 15:20:47,CNN Indonesia
727,PNM Salurkan Donasi Pakaian bagi Disabilitas dan Lansia,"UNEP mencatat 92 juta ton limbah tekstil per tahun, PNM meluncurkan gerakan RE3 For-E untuk mengurangi limbah dan memberdayakan ekonomi melalui donasi pakaian.",https://www.cnnindonesia.com/ekonomi/20260601190020-625-1364251/pnm-salurkan-donasi-pakaian-bagi-disabilitas-dan-lansia,2026-06-01 12:25:21,CNN Indonesia
728,GMM Jaga Kondusivitas Saat Penyampaian Aspirasi Petani Tebu di Blora,GMM memastikan untuk menghormati hak masyarakat untuk menyampaikan aspirasi secara damai dan terbuka sesuai ketentuan yang berlaku.,https://www.cnnindonesia.com/ekonomi/20260601175646-97-1364234/gmm-jaga-kondusivitas-saat-penyampaian-aspirasi-petani-tebu-di-blora,2026-06-01 11:26:53,CNN Indonesia
729,Siasat Pedagang Warteg Hindari Fenomena Aneh Pembeli 'In This Economy',Pengusaha warteg di Jakarta menghadapi kenaikan harga bahan makanan dengan strategi mengurangi porsi dan mempertahankan harga agar pelanggan tetap datang.,https://www.cnnindonesia.com/ekonomi/20260601172804-78-1364225/siasat-pedagang-warteg-hindari-fenomena-aneh-pembeli-in-this-economy,2026-06-01 10:46:59,CNN Indonesia
730,"14 Bandara Sambut Kepulangan Haji, Prioritas Layanan Lansia-Difabel",14 bandara di Indonesia telah disiapkan untuk menyambut kepulangan lebih dari 200 ribu jemaah haji dari Tanah Suci pada periode 1 Juni-1 Juli 2026.,https://www.cnnindonesia.com/ekonomi/20260601165950-92-1364211/14-bandara-sambut-kepulangan-haji-prioritas-layanan-lansia-difabel,2026-06-01 10:17:12,CNN Indonesia
731,Program DEB Keliki Bali Wujudkan Ketahanan Pangan Basis Energi Bersih,"Dukungan Pertamina secara tidak langsung mendorong perubahan perilaku masyarakat dengan memilah sampah rumah tangga, baik sampah organik, anorganik, dan residu.",https://www.cnnindonesia.com/ekonomi/20260601164617-625-1364198/program-deb-keliki-bali-wujudkan-ketahanan-pangan-basis-energi-bersih,2026-06-01 09:50:22,CNN Indonesia
732,Dewan Komisaris Pertamina Tinjau Stabilitas Pasokan Energi di Bali,"PT Pertamina memastikan keandalan distribusi energi di IT Manggis, Bali, Kunjungan Dewan Komisaris menegaskan pentingnya HSSE dan kesiapsiagaan operasional.",https://www.cnnindonesia.com/ekonomi/20260601161533-625-1364180/dewan-komisaris-pertamina-tinjau-stabilitas-pasokan-energi-di-bali,2026-06-01 09:30:23,CNN Indonesia
733,"Harga BBM Pertamina Resmi Berubah 1 Juni, Berikut Rinciannya","PT Pertamina Patra Niaga menyesuaikan harga BBM nonsubsidi mulai 1 Juni 2026. Penyesuaian ini mencakup Dexlite, Pertamina Dex, dan Pertamax Turbo.",https://www.cnnindonesia.com/ekonomi/20260601145358-85-1364140/harga-bbm-pertamina-resmi-berubah-1-juni-berikut-rinciannya,2026-06-01 09:00:18,CNN Indonesia
734,Bulog Ambil Peran Jaga Kelancaran Penyaluran Tebu Petani di Blora,"Bulog memahami bahwa aktivitas pergulaan berkaitan erat dengan keberlangsungan ekonomi masyarakat, khususnya bagi petani tebu hingga pelaku transportasi.",https://www.cnnindonesia.com/ekonomi/20260601143534-97-1364137/bulog-ambil-peran-jaga-kelancaran-penyaluran-tebu-petani-di-blora,2026-06-01 08:08:48,CNN Indonesia
735,SoftBank Salip Toyota Jadi Perusahaan Paling Bernilai di Jepang,SoftBank Group berhasil menyalip Toyota dan menjadi perusahaan dengan nilai pasar terbesar di Jepang.,https://www.cnnindonesia.com/ekonomi/20260601133200-92-1364116/softbank-salip-toyota-jadi-perusahaan-paling-bernilai-di-jepang,2026-06-01 07:35:00,CNN Indonesia
736,Poltekkes Kemenkes Pangkalpinang Beri Kelas Akupresur Atasi Hipertensi,"Dibantu oleh mahasiswa keperawatan sebagai pendamping, peserta diajak langsung mempraktikkan teknik penekanan titik akupresur pada tangan, kepala, dan kaki.",https://www.cnnindonesia.com/ekonomi/20260601134323-625-1364119/poltekkes-kemenkes-pangkalpinang-beri-kelas-akupresur-atasi-hipertensi,2026-06-01 06:48:32,CNN Indonesia
737,"Telkom Bukukan Kinerja Tangguh pada FY25, Hasilkan TSR 35,7%","Akselerasi eksekusi strategi transformasi TLKM 30, tingkatkan efektivitas model operasi dan tata kelola perseroan.",https://www.cnnindonesia.com/ekonomi/20260601125328-625-1364106/telkom-bukukan-kinerja-tangguh-pada-fy25-hasilkan-tsr-357,2026-06-01 06:01:34,CNN Indonesia
738,Telkom Buktikan Komitmen Disiplin Operasional dan Eksekusi Transformasi,Telkom mengumumkan kinerja keuangan pada kuartal pertama tahun 2026 dengan pertumbuhan progresif di sebagian segmen bisnis.,https://www.cnnindonesia.com/ekonomi/20260601124902-625-1364104/telkom-buktikan-komitmen-disiplin-operasional-eksekusi-transformasi,2026-06-01 05:51:42,CNN Indonesia
739,Kemenpar Apresiasi BPJPH Sedia 31.548 Sertifikat Halal UMK Desa Wisata,"Per 29 Mei 2026, BPJPH memfasilitasi 31.548 sertifikat halal bagi 20.237 pelaku UMK yang tersebar di 1.116 desa wisata dan 37 provinsi.",https://www.cnnindonesia.com/ekonomi/20260601100057-625-1364069/kemenpar-apresiasi-bpjph-sedia-31548-sertifikat-halal-umk-desa-wisata,2026-06-01 03:03:59,CNN Indonesia
740,Rupiah Melemah ke Rp17.844 per Dolar AS Pagi Ini,Nilai tukar rupiah berada di level Rp17.844 per dolar AS pada Senin (1/6) pagi.,https://www.cnnindonesia.com/ekonomi/20260601094814-78-1364067/rupiah-melemah-ke-rp17844-per-dolar-as-pagi-ini,2026-06-01 02:56:55,CNN Indonesia
741,"Kebijakan Baru Ekspor SDA Berlaku Hari Ini 1 Juni, Apa Saja?","Sejumlah aturan baru terkait penempatan ekspor Sumber Daya Alam (SDA) mulai berlaku pada hari ini, Senin (1/6).",https://www.cnnindonesia.com/ekonomi/20260601090005-92-1364049/kebijakan-baru-ekspor-sda-berlaku-hari-ini-1-juni-apa-saja,2026-06-01 02:20:48,CNN Indonesia
742,"Daftar Harga BBM BP-AKR, Vivo, dan Shell Hari Ini 1 Juni 2026",Perubahan juga terjadi di sejumlah SPBU swasta seperti BP dan Shell setelah harga BBM Pertamina mengalami fluktuasi.,https://www.cnnindonesia.com/ekonomi/20260601084153-92-1364048/daftar-harga-bbm-bp-akr-vivo-dan-shell-hari-ini-1-juni-2026,2026-06-01 02:00:13,CNN Indonesia
743,Pertamina Beber Alasan Naikkan Harga Turbo dan Turunkan BBM Diesel,Pertamina Patra Niaga menjelaskan alasan menaikkan harga bahan bakar minyak (BBM) nonsubsidi Pertamina Turbo dan menurunkan jenis diesel Dex dan Dexlite.,https://www.cnnindonesia.com/ekonomi/20260601083013-85-1364047/pertamina-beber-alasan-naikkan-harga-turbo-dan-turunkan-bbm-diesel,2026-06-01 01:50:13,CNN Indonesia
744,"Intip Spesifikasi F-47, Jet Tempur Siluman Generasi ke-6 AS","AS akan meluncurkan jet tempur siluman F-47 generasi keenam. Dirancang untuk dominasi udara, jet ini memiliki spesifikasi canggih.",https://www.cnnindonesia.com/teknologi/20260603164706-199-1365005/intip-spesifikasi-f-47-jet-tempur-siluman-generasi-ke-6-as,2026-06-03 09:52:59,CNN Indonesia
745,Sistem Operasi ColorOS17 Bakal Buat Oppo Lebih Mirip iPhone,ColorOS 17 dari Oppo dikabarkan akan hadir dengan desain mirip liquid glass dari iPhone. Sistem operasi ini akan pertama kali muncul di Oppo Find X10.,https://www.cnnindonesia.com/teknologi/20260603112823-206-1364821/hp-oppo-bakal-semakin-mirip-iphone-tampilan-hingga-kamera,2026-06-03 09:00:01,CNN Indonesia
746,"Babak Belur Dihajar DJI, GoPro di Ambang Kebangkrutan",GoPro menghadapi ancaman kebangkrutan akibat penurunan penjualan dan biaya produksi yang melonjak.,https://www.cnnindonesia.com/teknologi/20260603142304-206-1364913/terus-merugi-gopro-terancam-bangkrut,2026-06-03 07:30:46,CNN Indonesia
747,Jalur Tol Purba di Bawah Laut RI Jadi Rute Migrasi Manusia Modern Awal,"BRIN mengungkap jaringan sungai purba di Paparan Sunda sebagai jalur migrasi Homo sapiens ke Asia Tenggara, membalikkan teori migrasi pesisir yang ada.",https://www.cnnindonesia.com/teknologi/20260603111341-199-1364815/brin-ungkap-jalur-tol-purba-rute-manusia-afrika-menuju-indonesia,2026-06-03 06:03:52,CNN Indonesia
748,Spesifikasi Lengkap dan Harga Xiaomi 17T Series di Indonesia,"Xiaomi resmi luncurkan 17T Series dengan Leica 5x Telephoto. Tersedia dua model, Pro dan standar, dengan sederet pembaruan dan harga mulai Rp8,999 juta.",https://www.cnnindonesia.com/teknologi/20260603102816-206-1364796/xiaomi-17t-series-resmi-rilis-di-indonesia-gandeng-kamera-leica,2026-06-03 04:49:47,CNN Indonesia
749,Apa Itu Strawberry Moon yang Bakal Hiasi Langit Akhir Juni?,"Fenomena Strawberry Moon akan muncul pada 30 Juni 2026, bersamaan dengan Bulan mendekati perigee. Bulan akan tampak lebih kecil dan redup.",https://www.cnnindonesia.com/teknologi/20260603094057-199-1364774/strawberry-moon-hiasi-langit-akhir-juni-ini-cara-menyaksikannya,2026-06-03 03:30:26,CNN Indonesia
750,"Google Rilis Try On di Indonesia, Bisa Coba Outfit yang Sesuai","Google luncurkan fitur Try On di Indonesia, memungkinkan pengguna mencoba pakaian secara virtual dengan foto diri. Fitur ini dirilis bertahap.",https://www.cnnindonesia.com/teknologi/20260602183823-185-1364620/fitur-try-on-google-resmi-rilis-di-indonesia-begini-cara-pakainya,2026-06-03 03:01:22,CNN Indonesia
751,Pakar Ungkap Sampai Kapan Fenomena Bediding Bikin Menggigil Wilayah RI,Fenomena bediding atau suhu dingin saat musim kemarau terjadi di sejumlah wilayah Indonesia dan diperkirakan bertahan hingga Agustus.,https://www.cnnindonesia.com/teknologi/20260602181210-641-1364613/sampai-kapan-fenomena-bediding-bikin-menggigil-ini-prediksi-pakar,2026-06-03 01:55:18,CNN Indonesia
752,"Waspada Hujan Lebat Hari Ini, Simak Daftar Wilayahnya",BMKG memperingatkan potensi hujan lebat di sejumlah wilayah Indonesia meski musim kemarau. Simak prediksi cuaca dan daerah yang terpengaruh hari ini.,https://www.cnnindonesia.com/teknologi/20260602164746-641-1364578/bmkg-ungkap-daftar-daerah-berpotensi-hujan-lebat-hari-ini,2026-06-02 23:21:36,CNN Indonesia
753,"Fenomena Bediding Landa Surabaya, Suhu Malam Hari Makin Dingin",Warga Surabaya merasakan fenomena 'bediding' dengan suhu dingin di malam hari akibat awal musim kemarau. BMKG mengingatkan untuk waspada terhadap cuaca ekstrem.,https://www.cnnindonesia.com/teknologi/20260602182438-641-1364616/fenomena-bediding-landa-surabaya-suhu-malam-hari-makin-dingin,2026-06-02 11:35:47,CNN Indonesia
754,"AI Sering Halusinasi, Begini Caranya Agar Tidak Kena Tipu","Produk AI, meski meyakinkan, berpotensi tidak akurat. Halusinasi dan bias dapat menyesatkan. Evaluasi kritis dan penggunaan prompt jelas penting untuk mitigasi.",https://www.cnnindonesia.com/teknologi/20260602153909-185-1364546/kenapa-kita-tidak-boleh-percaya-ai-100-persen-ini-penjelasannya,2026-06-02 10:01:38,CNN Indonesia
755,"Gebrakan Xiaomi, Kini Kirim Foto ke iPhone Bisa Cuma Pakai AirDrop",Xiaomi umumkan dukungan AirDrop untuk perangkat Apple melalui Quick Share. Fitur ini memudahkan berbagi file seperti foto dan video antar perangkat.,https://www.cnnindonesia.com/teknologi/20260602150421-185-1364528/susul-samsung-hp-xiaomi-kini-bisa-kirim-file-ke-iphone-pakai-airdrop,2026-06-02 08:21:45,CNN Indonesia
756,"'Dibantu' Meta AI, Hacker Ambil Alih Akun Pengguna Instagram",Kelompok peretas berhasil membobol akun Instagram dengan memanfaatkan celah keamanan chatbot AI Meta. Kasus ini mengancam keamanan pengguna global.,https://www.cnnindonesia.com/teknologi/20260602143325-185-1364517/tanpa-password-hacker-bobol-akun-pengguna-instagram-pakai-meta-ai,2026-06-02 07:45:13,CNN Indonesia
757,"Cetak Sejarah Baru, 'Matahari Buatan' China Kian Dekat Jadi Nyata","Tim peneliti dari EAST di China berhasil mengoperasikan reaktor fusi nuklir melampaui batas kepadatan plasma, membuka jalan untuk energi bersih tanpa batas.",https://www.cnnindonesia.com/teknologi/20260602134813-199-1364502/cetak-sejarah-baru-matahari-buatan-china-kian-dekat-jadi-nyata,2026-06-02 07:30:13,CNN Indonesia
758,"Tertinggi di Dunia, Kenapa Serangan Buaya di Indonesia Terus Melonjak?","Serangan buaya di Indonesia mencapai lebih dari 1.000 kasus dalam 10 tahun, dengan 486 kematian. Penambangan ilegal memicu konflik antara manusia dan buaya.",https://www.cnnindonesia.com/teknologi/20260602133340-199-1364473/serangan-buaya-di-indonesia-meningkat-daerah-ini-paling-banyak,2026-06-02 06:43:00,CNN Indonesia
759,FOTO: Misteri Rumah Fia di Sleman Terbakar Hingga 73 Kali,"Kediaman Mutfiana alias Fia di Seyegan, Sleman, DI Yogyakarta (DIY) yang dilanda kemunculan teror api misterius secara berulang.",https://www.cnnindonesia.com/teknologi/20260602091721-201-1364372/foto-misteri-rumah-fia-di-sleman-terbakar-hingga-73-kali,2026-06-02 05:30:01,CNN Indonesia
760,Daerah Mana Saja yang Masih Berpotensi Hujan di Awal Juni?,BMKG memperkirakan hujan lebat di beberapa wilayah Indonesia meski musim kemarau meluas. El Niño dan gelombang atmosfer berpotensi mempengaruhi cuaca.,https://www.cnnindonesia.com/teknologi/20260602113526-641-1364431/bmkg-ungkap-daftar-daerah-masih-berpotensi-hujan-awal-juni-2026,2026-06-02 04:44:41,CNN Indonesia
761,Daftar Fenomena Astronomi Juni 2026: Parade Planet Hingga Micromoon,"Juni 2026 akan dipenuhi fenomena astronomi menarik, termasuk konjungsi Venus-Jupiter, parade tiga planet, dan Strawberry Micromoon.",https://www.cnnindonesia.com/teknologi/20260602105441-199-1364411/daftar-fenomena-astronomi-juni-2026-parade-planet-hingga-micromoon,2026-06-02 04:07:00,CNN Indonesia
762,"Bikin Rumah Bergetar, Ini Analisis NASA Soal Ledakan Meteor di AS","NASA mengonfirmasi meteor bola api meledak di AS, memicu dentuman sonik. Meteor berukuran 1,6 meter ini hancur di atmosfer, tidak menimbulkan risiko serius.",https://www.cnnindonesia.com/teknologi/20260602104338-199-1364404/nasa-ungkap-analisis-ledakan-dahsyat-meteor-di-langit-as,2026-06-02 03:50:55,CNN Indonesia
763,Bukan Mistis! Pakar Ungkap Dugaan Awal Rumah Fia Bisa 73 Kali Terbakar,Pakar UGM selidiki kebakaran misterius di rumah Mutfiana di Sleman. Dugaan awal menyebut gas Hidrogen sebagai pemicu utama.,https://www.cnnindonesia.com/teknologi/20260602100019-199-1364389/73-kali-terbakar-pakar-ungkap-dugaan-awal-pemicu-rumah-fia-kebakaran,2026-06-02 03:08:33,CNN Indonesia
764,"Mengenal Fenomena Bediding, Suhu Dingin Saat Musim Kemarau",Dari mana asal fenomena Bediding?,https://www.cnnindonesia.com/teknologi/20260602094646-641-1364382/mengenal-fenomena-bediding-suhu-dingin-saat-musim-kemarau,2026-06-02 02:48:50,CNN Indonesia
765,"Ikuti RI Dkk, Malaysia Larang Anak di Bawah 16 Tahun Punya Akun Medsos",Malaysia akan mewajibkan platform media sosial besar seperti Instagram hingga TikTok untuk melarang anak-anak di bawah 16 tahun membuat akun.,https://www.cnnindonesia.com/teknologi/20260601161831-192-1364191/ikuti-ri-dkk-malaysia-larang-anak-di-bawah-16-tahun-punya-akun-medsos,2026-06-01 13:55:01,CNN Indonesia
766,Tim UGM Selidiki Pemicu Misteri Kebakaran Berulang Rumah Fia di Sleman,"Selama sembilan hari terakhir sejak kejadian pertama, setidaknya sudah 73 kali muncul api misterius membakar perabotan di tiap sudut rumah Fia di Sleman.",https://www.cnnindonesia.com/teknologi/20260601173800-199-1364220/tim-ugm-selidiki-pemicu-misteri-kebakaran-berulang-rumah-fia-di-sleman,2026-06-01 12:35:39,CNN Indonesia
767,Melihat Cara Finlandia Kubur Limbah Radioaktif Nuklir ke Bawah Tanah,"Finlandia sedang membangun 'Onkalo', tempat penyimpanan permanen limbah nuklir pertama di dunia, untuk mengatasi masalah limbah radioaktif secara aman.",https://www.cnnindonesia.com/teknologi/20260601153128-199-1364151/melihat-cara-finlandia-kubur-limbah-radioaktif-nuklir-ke-bawah-tanah,2026-06-01 10:55:54,CNN Indonesia
768,AS Larang Ekspor Chip ke Perusahaan China di Luar Tiongkok,AS mengumumkan larangan ekspor chip kecerdasan buatan (AI) canggih kepada anak perusahaan perusahaan Tiongkok yang beroperasi di luar wilayah Tiongkok,https://www.cnnindonesia.com/teknologi/20260601161643-185-1364181/as-larang-ekspor-chip-ke-perusahaan-china-di-luar-tiongkok,2026-06-01 10:25:00,CNN Indonesia
769,"Fenomena Bulan Purnama Berpotensi Picu Rob di Bali, Denpasar-Jembrana",BMKG peringatkan potensi banjir rob di enam wilayah pesisir Bali pada 5 Juni 2026 akibat fenomena Bulan Purnama. Masyarakat diminta waspada.,https://www.cnnindonesia.com/teknologi/20260601152135-641-1364147/fenomena-bulan-purnama-berpotensi-picu-rob-di-bali-denpasar-jembrana,2026-06-01 09:40:53,CNN Indonesia
770,BMKG: Suhu Dingin di Pulau Bali Berakhir Agustus 2026,Fenomena suhu dingin di Bali memang sering terjadi secara periodikalatau musim tahunan dan dimulai saat memasuki awal musim kemarau.,https://www.cnnindonesia.com/teknologi/20260601140211-641-1364131/bmkg-suhu-dingin-di-pulau-bali-berakhir-agustus-2026,2026-06-01 08:30:11,CNN Indonesia
771,Studi Baru: Bumi Berpotensi 'Menyemai' Venus dengan Kehidupan,"Menurut studi terbaru, ilmuwan memperkirakan Bumi dapat mengirim bahan kehidupan ke Venus, lewat mekanisme yang dikenal sebagai panspermia.",https://www.cnnindonesia.com/teknologi/20260531172302-199-1363939/studi-baru-bumi-berpotensi-menyemai-venus-dengan-kehidupan,2026-05-31 17:30:00,CNN Indonesia
772,"Tragis, Ini Jadinya jika Manusia Nekat seperti Masha and The Bear",Sains buktikan persahabatan manis Masha and the Bear mustahil di dunia nyata. Simak penjelasan ahli ekologi soal risiko fatal insting beruang.,https://www.cnnindonesia.com/teknologi/20260529163030-199-1363483/fakta-sains-di-balik-kedekatan-masha-and-the-bear-di-dunia-nyata,2026-05-31 04:15:34,CNN Indonesia
773,"Studi: Populasi Manusia Tembus 8,3 Miliar, Lebihi Kapasitas Bumi","Studi terbaru memperingatkan populasi manusia telah melewati batas daya tampung Bumi. Dengan 8,3 miliar jiwa, keberlanjutan ekosistem terancam.",https://www.cnnindonesia.com/teknologi/20260530140816-199-1363686/studi-populasi-manusia-tembus-83-miliar-lebihi-kapasitas-bumi,2026-05-31 02:05:17,CNN Indonesia
774,Daftar Daerah Masih Berpotensi Diguyur Hujan Hari Ini,"Sejumlah wilayah Indonesia berpotensi diguyur hujan dengan intensitas sedang hingga lebat hari ini, Minggu (31/1). Simak daftarnya.",https://www.cnnindonesia.com/teknologi/20260530154636-641-1363711/bmkg-bocorkan-daftar-daerah-berpotensi-hujan-hari-ini,2026-05-30 23:30:23,CNN Indonesia
775,"SpaceX Dapat Kontrak Rp74,1 T Rancang Satelit Pelindung Ancaman Udara","Angkatan Luar Angkasa AS memberi kontrak Rp74,1 triliun untuk SpaceX sebagai vendor SB-AMTI.",https://www.cnnindonesia.com/teknologi/20260530161855-199-1363723/spacex-dapat-kontrak-rp741-t-rancang-satelit-pelindung-ancaman-udara,2026-05-30 19:00:41,CNN Indonesia
776,Kapan Puncak Musim Kemarau di Indonesia? Intip Prediksi BMKG,"Musim kemarau mulai mengeringkan sejumlah wilayah Indonesia. Lantas, kapan puncak musim kemarau di Tanah Air?",https://www.cnnindonesia.com/teknologi/20260530143940-641-1363692/bmkg-ungkap-kapan-puncak-musim-kemarau-di-indonesia,2026-05-30 09:10:08,CNN Indonesia
777,Detik-detik Roket Blue Origin Meledak saat Uji Coba di Florida,"Roket Blue Origin New Glenn tanpa awak meledak di landasan peluncuran Florida, Amerika Serikat pada Kamis (28/5).",https://www.cnnindonesia.com/teknologi/20260530132928-203-1363673/detik-detik-roket-blue-origin-meledak-saat-uji-coba-di-florida,2026-05-30 08:20:17,CNN Indonesia
778,BRIN soal Pemalsuan Riset: AI Tak Boleh Korbankan Kejujuran Akademik,BRIN menanggapi skandal pemalsuan data riset dengan memperketat SOP dan pengawasan. Arif Satria menekankan pentingnya integritas sains dan etika penggunaan AI.,https://www.cnnindonesia.com/teknologi/20260530125825-185-1363655/brin-soal-pemalsuan-riset-ai-tak-boleh-korbankan-kejujuran-akademik,2026-05-30 06:50:01,CNN Indonesia
779,"FOTO: Roket New Glenn Meledak, Mimpi Bulan Amazon Ikut Terbakar","Roket New Glenn milik Blue Origin meledak saat uji coba pembakaran mesin di Cape Canaveral, Florida, Kamis malam, 28 Mei 2026.",https://www.cnnindonesia.com/teknologi/20260529172019-201-1363503/foto-roket-new-glenn-meledak-mimpi-bulan-amazon-ikut-terbakar,2026-05-30 05:30:00,CNN Indonesia
780,FOTO: Lenggak-lenggok Robot Berpose di Atas Catwalk Seoul,Robot dan model berjalan di atas catwalk dengan mengenakan busana serasi di Seoul.,https://www.cnnindonesia.com/teknologi/20260530102612-187-1363632/foto-lenggak-lenggok-robot-berpose-di-atas-catwalk-seoul,2026-05-30 03:50:17,CNN Indonesia
781,Apakah Blue Moon Bikin Bulan Jadi Warna Biru? Ini Penjelasan BRIN,"Fenomena langka, Blue Moon atau Bulan Purnama Biru bakal menghiasi langit malam pada Minggu (31/5). Apakah Bulan akan benar-benar berwarana biru?",https://www.cnnindonesia.com/teknologi/20260530091702-199-1363613/fenomena-blue-moon-akhir-mei-apakah-bulan-bakal-berubah-jadi-biru,2026-05-30 02:24:59,CNN Indonesia
782,"Mulai 1 Juli, Registrasi SIM Card HP Wajib Verifikasi Wajah",Registrasi SIM Card dengan biometrik mulai berlaku 1 Juli 2026. Kebijakan ini bertujuan melindungi masyarakat dari penipuan dan penyalahgunaan identitas.,https://www.cnnindonesia.com/teknologi/20260530075328-213-1363606/mulai-1-juli-registrasi-sim-card-hp-wajib-verifikasi-wajah,2026-05-30 01:00:00,CNN Indonesia
783,Daftar Daerah Berpotensi Hujan Lebat Imbas Siklon Tropis Jangmi,"Badan Meteorologi, Klimatologi, dan Geofisika (BMKG) memprakirakan sejumlah wilayah Indonesia berpotensi diguyur hujan hari ini, Sabtu (30/5).",https://www.cnnindonesia.com/teknologi/20260530063626-641-1363599/bmkg-ungkap-daftar-daerah-berpotensi-diguyur-hujan-hari-ini,2026-05-29 23:40:01,CNN Indonesia
784,Roket New Glenn Blue Origin Terbakar dan Meledak Saat Uji Coba,Roket New Glenn milik Blue Origin meledak saat uji pembakaran statis di Florida. Jeff Bezos memastikan semua personel selamat dan penyelidikan sedang dilakukan.,https://www.cnnindonesia.com/teknologi/20260529160521-199-1363469/roket-blue-origin-milik-jeff-bezos-meledak-saat-uji-coba,2026-05-29 09:14:49,CNN Indonesia
785,Ini Daftar Wilayah di Jawa Terancam Krisis Air Bersih Selama Kemarau,"Musim kemarau melanda Indonesia, diprediksi terpanjang. DKI Jakarta, Jawa Barat, Jawa Tengah, dan Jawa Timur berisiko tinggi krisis air bersih.",https://www.cnnindonesia.com/teknologi/20260529140543-641-1363418/4-wilayah-di-jawa-terancam-krisis-air-bersih-saat-kemarau-panjang-2026,2026-05-29 07:10:53,CNN Indonesia
786,5 Data Selain NIK KTP yang Bikin Rekening Bank Dibobol,Kelompok penjahat siber kini mengincar data pribadi selain NIK KTP. Temukan lima data penting yang sering disasar untuk membobol akses perbankan.,https://www.cnnindonesia.com/teknologi/20260529105920-185-1363321/bukan-cuma-nik-ktp-5-data-ini-sering-diincar-buat-bobol-rekening,2026-05-29 04:05:32,CNN Indonesia
787,"MacBook Pro M5 Pro dan Max Resmi Rilis di Indonesia, Berapa Harganya?","Apple meluncurkan MacBook Pro M5 Pro dan M5 Max di Indonesia, menawarkan pemrosesan LLM lokal, performa tinggi, dan daya tahan baterai hingga 24 jam.",https://www.cnnindonesia.com/teknologi/20260529091334-206-1363276/macbook-pro-terbaru-resmi-hadir-di-ri-bisa-jalankan-ai-tanpa-internet,2026-05-29 02:30:09,CNN Indonesia
788,YouTube Resmi Akan Pasang Label Otomatis untuk Konten AI,YouTube siap mambil langkah tegas menyaring konten berbasis kecerdasan buatan (AI) dengan otomatis memberikan label.,https://www.cnnindonesia.com/teknologi/20260528151954-192-1363134/youtube-resmi-akan-pasang-label-otomatis-untuk-konten-ai,2026-05-29 01:30:00,CNN Indonesia
789,"WhatsApp di iPhone Kini Bisa 2 Akun, Indonesia Kapan Kebagian?",Pengguna iPhone kini bisa menggunakan dua akun WhatsApp dalam satu aplikasi. Simak kegunaan fitur ini.,https://www.cnnindonesia.com/teknologi/20260529080523-185-1363258/whatsapp-di-iphone-kini-bisa-2-akun-indonesia-kapan-kebagian,2026-05-29 01:13:22,CNN Indonesia
790,"Siklon Tropis Jangmi Aktif, Daerah-daerah Ini Potensi Diguyur Hujan","Siklon Tropis Jangmi diperkirakan meningkat menjadi kategori 2, memicu hujan lebat dan gelombang tinggi di sejumlah daerah Indonesia.",https://www.cnnindonesia.com/teknologi/20260529064325-641-1363225/siklon-tropis-jangmi-aktif-daerah-daerah-ini-potensi-diguyur-hujan,2026-05-29 00:00:09,CNN Indonesia
791,Aplikasi 'Kematian' Berubah Jadi Penyelamat Lansia di China,Aplikasi China yang sempat tua kontroversi karena namanya kini jadi indikator keselamatan yang didukung pemerintah.,https://www.cnnindonesia.com/teknologi/20260528173322-185-1363168/aplikasi-kematian-berubah-jadi-penyelamat-lansia-di-china,2026-05-28 12:52:19,CNN Indonesia
792,'Kiamat' Suhu Panas Global Tercatat hingga 2030,"Menurut prakiraan WMO, suhu panas global tahunan pada periode 2026-2030 sulit turun.",https://www.cnnindonesia.com/teknologi/20260528130402-641-1363086/kiamat-suhu-panas-global-tercatat-hingga-2030,2026-05-28 07:20:33,CNN Indonesia
793,Tarif Layanan Premium Instagram dan WhatsApp Plus,"Meta resmi meluncurkan fitur langganan berbayar untuk Facebook, Instagram, dan WhatsApp.",https://www.cnnindonesia.com/teknologi/20260528094533-192-1363002/meta-resmi-rilis-layanan-instagram-dan-whatsapp-plus,2026-05-28 02:52:00,CNN Indonesia
794,17 Wilayah di Indonesia Bakal Dihuyur Hujan Hari Ini,"Badan Meteorologi, Klimatologi, dan Geofisika (BMKG) mengumumkan ada sebanyak 17 wilayah di Indonesia akan diguyur hujan ringan pada Kamis (28/5).",https://www.cnnindonesia.com/teknologi/20260528072819-641-1362988/17-wilayah-di-indonesia-bakal-dihuyur-hujan-hari-ini,2026-05-28 00:50:19,CNN Indonesia
795,FOTO: Gletser 'Curi' Kampung di Swiss,Gletser Swiss kehilangan 10 persen volumenya hanya antara 2022-2023.,https://www.cnnindonesia.com/teknologi/20260526192123-643-1362681/foto-gletser-curi-kampung-di-swiss,2026-05-27 23:50:00,CNN Indonesia
796,NASA Bersiap Umumkan Nama Astronaut Misi Artemis III,NASA bersiap menjalankan misi uji terbang Artemis III dan umumkan nama-nama astronaut yang terpilih untuk misi tersebut.,https://www.cnnindonesia.com/teknologi/20260527100850-199-1362760/nasa-bersiap-umumkan-nama-astronaut-misi-artemis-iii,2026-05-27 09:22:16,CNN Indonesia
797,Kenapa Penentuan Iduladha Lebih Cepat Dibanding Idulfitri?,"Badan Meteorologi, Klimatologi, dan Geofisika (BMKG) menjelaskan alasan penentuan iduladha lebih cepat dari idulfitri.",https://www.cnnindonesia.com/teknologi/20260527151651-199-1362873/kenapa-penentuan-iduladha-lebih-cepat-dibanding-idulfitri,2026-05-27 08:20:42,CNN Indonesia
798,Bos Nvidia Umumkan Tambah Investasi di Taiwan usai Pulang dari Beijing,"Bagi Nvidia, Taiwan sudah menjadi ""pusat revolusi AI"", dan dari sana ekosistem perusahaan berdiri untuk memenuhi kebutuhan pasar global.",https://www.cnnindonesia.com/teknologi/20260527121713-185-1362814/bos-nvidia-umumkan-tambah-investasi-di-taiwan-usai-pulang-dari-beijing,2026-05-27 05:55:00,CNN Indonesia
799,Spesifikasi dan Harga Flagship Oppo Find X9 Ultra dan X9s,"Oppo resmi meluncurkan dua model terbaru dari seri flagship mereka, yakni Find X9 Ultra dan Find X9s.",https://www.cnnindonesia.com/teknologi/20260527090858-206-1362743/spesifikasi-dan-harga-flagship-oppo-find-x9-ultra-dan-x9s,2026-05-27 02:50:00,CNN Indonesia
800,"Bukan Cuma Fola Play, Streaming Piala Dunia Bisa di Maxstream",Pecinta bola di Indonesia bisa menyaksikan Piala Dunia 2026 di platform over the top (OTT) Maxstream.,https://www.cnnindonesia.com/teknologi/20260527090339-206-1362741/bukan-cuma-fola-play-streaming-piala-dunia-bisa-di-maxstream,2026-05-27 02:07:34,CNN Indonesia
801,"Matahari Tepat di Atas Kabah, Saatnya Mengukur Kembali Arah Kiblat",Fenomena Matahari tepat di atas Kabah terjadi pada 27-29 Mei dan jadi waktu terbaik untuk kalibrasi arah kiblat.,https://www.cnnindonesia.com/teknologi/20260527070307-199-1362729/matahari-tepat-di-atas-kabah-saatnya-mengukur-kembali-arah-kiblat,2026-05-27 00:30:07,CNN Indonesia
802,Daftar Wilayah Berpotensi Diguyur Hujan Lebat Selama Libur Idul Adha,BMKG memperingatkan potensi hujan lebat di Indonesia selama long weekend akhir Mei. El Niño dan dinamika atmosfer memicu pertumbuhan awan hujan.,https://www.cnnindonesia.com/teknologi/20260526220632-199-1362717/daftar-wilayah-berpotensi-diguyur-hujan-lebat-selama-libur-idul-adha,2026-05-26 23:00:33,CNN Indonesia
803,"Polytron Rilis Luxia R5, Laptop Bertenaga AMD Harga Rp7 Jutaan","Polytron Luxia R5 memakai prosesor AMD Ryzen 5 7000 Series yang dijual Rp7,19 juta.",https://www.cnnindonesia.com/teknologi/20260526154354-206-1362583/polytron-rilis-luxia-r5-laptop-bertenaga-amd-harga-rp7-jutaan,2026-05-26 11:00:54,CNN Indonesia
804,Kenapa Hujan Ekstrem Masih Guyur RI di Tengah El Nino?,Menurut BMKG dampak El Niño bertahap dan di fase awal transisi biasanya terjadi hujan ektrem.,https://www.cnnindonesia.com/teknologi/20260526153010-641-1362574/kenapa-hujan-ekstrem-masih-guyur-ri-di-tengah-el-nino,2026-05-26 09:00:11,CNN Indonesia
805,Cara Bikin Lagu AI Seperti MBG Mas Bahlil Ganteng yang Viral di Tiktok,Lagu MBG Mas Bahlil Ganteng yang viral di media sosial merupakan buatan AI.,https://www.cnnindonesia.com/teknologi/20260526132423-192-1362506/cara-bikin-lagu-ai-seperti-mbg-mas-bahlil-ganteng-yang-viral-di-tiktok,2026-05-26 07:00:23,CNN Indonesia
806,Ilmuwan China Bikin Simulasi Terbesar Alam Semesta di Superkomputer,Alam semesta virtual di superkomputer ini dikatakan punya 'kesesuaian luar biasa' dibanding simulasi pengamatan nyata.,https://www.cnnindonesia.com/teknologi/20260526111649-199-1362449/ilmuwan-china-bikin-simulasi-terbesar-alam-semesta-di-superkomputer,2026-05-26 05:30:50,CNN Indonesia
807,Asal Muasal Viral Lagu MBG Mas Bahlil Ganteng 'My Little Bolu Ketan',Lagu MBG Mas Bahlil Ganteng dibuat menggunakan AI dari komentar-komentar netizen di media sosial.,https://www.cnnindonesia.com/teknologi/20260526104053-192-1362437/asal-muasal-viral-lagu-mbg-mas-bahlil-ganteng-my-little-bolu-ketan,2026-05-26 03:54:40,CNN Indonesia
808,App Store Klaim Cegat Penipuan Aplikasi Senilai Rp39 T Sepanjang 2025,"Apple menyebut App Store berhasil mencegah transaksi yang berpotensi penipuan senilai lebih dari US$2,2 miliar atau sekitar Rp39 triliun sepanjang 2025.",https://www.cnnindonesia.com/teknologi/20260526094809-206-1362413/app-store-klaim-cegat-penipuan-aplikasi-senilai-rp39-t-sepanjang-2025,2026-05-26 02:50:24,CNN Indonesia
809,"Tablet Honor Pad X8b Resmi Dirilis, Harga Rp3 Jutaan","Honor resmi merilis tablet ekonomis Honor Pad X8b yang menyasar segmen keluarga dengan harga mulai dari Rp2,999 juta.",https://www.cnnindonesia.com/teknologi/20260525173253-206-1362248/tablet-honor-pad-x8b-resmi-dirilis-harga-rp3-jutaan,2026-05-25 11:00:25,CNN Indonesia
810,Cara Arab Saudi Jaga Jamaah Haji dari Sengatan Panas Ekstrem,"Sekitar 1,5 juta jemaah haji berkumpul di Mekkah untuk melakukan ibadah haji di tengah suhu musim panas yang melonjak.",https://www.cnnindonesia.com/teknologi/20260525135333-199-1362152/cara-arab-saudi-jaga-jamaah-haji-dari-sengatan-panas-ekstrem,2026-05-25 09:00:27,CNN Indonesia
811,Peneliti Temukan Kembali Populasi Hiu Air Tawar yang Hampir Punah,"Tim peneliti gabungan menemukan kembali populasi Hiu Gangga (Glyphis gangeticus), spesies hiu air tawar yang dianggap nyaris hilang dari perairan dunia.",https://www.cnnindonesia.com/teknologi/20260525124710-199-1362116/peneliti-temukan-kembali-populasi-hiu-air-tawar-yang-hampir-punah,2026-05-25 07:00:10,CNN Indonesia
812,"FOTO: China Luncurkan Roket Shenzhou-23, Adu Cepat ke Bulan dengan AS","China mengirim tiga astronaut ke stasiun antariksa di Pusat Peluncuran Satelit Jiuquan, China, Minggu (24/5).",https://www.cnnindonesia.com/teknologi/20260525102625-201-1362044/foto-china-luncurkan-roket-shenzhou-23-adu-cepat-ke-bulan-dengan-as,2026-05-25 05:00:41,CNN Indonesia
813,Sampai Kapan Hujan Deras Guyur RI? Ini Kata BMKG,BMKG memperkirakan hujan deras masih akan mengguyur beberapa wilayah pada awal pekan ini imbas sejumlah dinamika atmosfer.,https://www.cnnindonesia.com/teknologi/20260525103721-641-1362055/sampai-kapan-hujan-deras-guyur-ri-ini-kata-bmkg,2026-05-25 03:41:06,CNN Indonesia
814,Bahaya Data Pribadi Bocor: Rekening Dikuras Hingga Nama Dipakai Pinjol,"Data pribadi di era digital rentan disalahgunakan oleh penjahat siber. Pelajari bahaya, modus penipuan, dan cara melindungi informasi Anda.",https://www.cnnindonesia.com/teknologi/20260523204806-185-1361702/bahaya-data-pribadi-bocor-rekening-dikuras-hingga-nama-dipakai-pinjol,2026-05-24 12:01:24,CNN Indonesia
815,China Bakal Kirim Astronaut Tinggal Setahun di Stasiun Antariksa,"Pesawat Shenzhou-23 akan berangkat malam ini, mengirim 3 astronaut ke stasiun Tiangong dengan salah satunya bakal tinggal selama satu tahun.",https://www.cnnindonesia.com/teknologi/20260524150526-199-1361855/china-bakal-kirim-astronaut-tinggal-setahun-di-stasiun-antariksa,2026-05-24 09:00:26,CNN Indonesia
816,"Super El Nino 2026 Bisa Lebih Ganas dari 1997, Dunia Wajib Waspada","El Nino berpotensi menjadi super El Nino, memengaruhi kehidupan global dan ekosistem. Dampaknya bisa berlangsung dekade, dengan risiko ekonomi dan bencana.",https://www.cnnindonesia.com/teknologi/20260522142832-641-1361234/super-el-nino-2026-bisa-lebih-ganas-dari-1997-dunia-wajib-waspada,2026-05-24 08:00:15,CNN Indonesia
817,"Sejumlah Daerah Potensi Hujan Lebat Hari Ini, Cek Daftarnya",BMKG memprediksi hujan sedang hingga lebat di sejumlah wilayah Indonesia hari ini. Simak daftar daerah yang berpotensi hujan dan faktor penyebabnya.,https://www.cnnindonesia.com/teknologi/20260523204254-641-1361700/bmkg-bongkar-daftar-daerah-potensi-hujan-sangat-lebat-hari-ini,2026-05-23 23:55:49,CNN Indonesia
818,Hampir Separuh Lansia Perempuan Jepang Pilih Curhat sama AI,"Survei teranyar menemukan, hampir separuh perempuan lansia di Jepang lebih memilh berkonsultasi dengan AI dibanding manusia saat menghadapi konflik.",https://www.cnnindonesia.com/teknologi/20260523154421-185-1361585/hampir-separuh-lansia-perempuan-jepang-pilih-curhat-sama-ai,2026-05-23 16:45:26,CNN Indonesia
819,Melihat Berkas Rahasia Penampakan UFO yang Dirilis AS,Departemen Pertahanan AS pada Jumat (22/5) merilis berkas-berkas terkait dugaan penampakan UFO.,https://www.cnnindonesia.com/teknologi/20260523101215-203-1361484/melihat-berkas-rahasia-penampakan-ufo-yang-dirilis-as,2026-05-23 03:25:14,CNN Indonesia
820,MacBook Neo vs Laptop Windows 10 Jutaan: Siapa Lebih Unggul?,"Apple meluncurkan MacBook Neo di Indonesia dengan harga Rp10,7 juta. Bandingkan dengan Asus Vivobook 14 M1405 untuk fitur dan performa terbaik.",https://www.cnnindonesia.com/teknologi/20260522191908-206-1361397/komparasi-macbook-neo-vs-laptop-windows-10-jutaan-menang-mana,2026-05-23 02:50:06,CNN Indonesia
821,BMKG Beber Daftar Wilayah Berpotensi Hujan Sangat Lebat Hari Ini,"BMKG mengeluarkan peringatan dini hujan lebat untuk 21-23 Mei. Wilayah seperti Bangka Belitung, Kalimantan, dan Maluku berpotensi diguyur hujan intens.",https://www.cnnindonesia.com/teknologi/20260522190235-641-1361388/bmkg-beber-daftar-wilayah-berpotensi-hujan-sangat-lebat-hari-ini,2026-05-23 00:30:02,CNN Indonesia
822,"Komdigi Blokir Polymarket, Situs Judol Berkedok 'Prediction Market'","Komdigi memblokir Polymarket, platform judi online berkedok prediction market. Pemerintah tegaskan tidak akan toleransi judi di Indonesia.",https://www.cnnindonesia.com/teknologi/20260522200357-192-1361414/komdigi-blokir-polymarket-situs-judol-berkedok-prediction-market,2026-05-22 13:08:54,CNN Indonesia
823,"Sesuaikan PP Tunas, Meta Perketat Konten Instagram untuk Remaja",Meta memperbarui pengaturan konten di Instagram untuk melindungi pengguna di bawah 16 tahun. Pembatasan baru mencakup konten berbahaya dan bahasa kasar.,https://www.cnnindonesia.com/teknologi/20260522180523-185-1361347/sesuaikan-pp-tunas-meta-perketat-konten-instagram-untuk-remaja,2026-05-22 13:00:51,CNN Indonesia
824,FOTO: Tangan-tangan Muda Menjaga Pesisir Jakarta,"Di perairan Pulau Tidung, Jakarta, langkah-langkah kecil generasi muda menyatu dengan ombak dalam kegiatan edukasi pelestarian ekosistem laut.",https://www.cnnindonesia.com/teknologi/20260522150954-201-1361250/foto-tangan-tangan-muda-menjaga-pesisir-jakarta,2026-05-22 11:30:00,CNN Indonesia
825,"Dolar Terus Naik, Ini Dampaknya Buat Produk Apple di Indonesia","Nilai tukar rupiah terhadap dolar Amerika Serikat (AS) yang belakangan terus melemah mulai memberi tekanan pada industri gadget, termasuk Apple di Tanah Air.",https://www.cnnindonesia.com/teknologi/20260522162201-206-1361316/dolar-terus-naik-ini-dampaknya-buat-produk-apple-di-indonesia,2026-05-22 10:00:37,CNN Indonesia
826,Melihat Apple MacBook Neo yang Baru Rilis di Indonesia,"MacBook Neo, varian laptop paling ekonomis Apple,resmi dirilis di Indonesia dan menyasar pengguna usia muda serta pelajar.",https://www.cnnindonesia.com/teknologi/20260522154321-210-1361281/melihat-apple-macbook-neo-yang-baru-rilis-di-indonesia,2026-05-22 09:19:39,CNN Indonesia
827,"MacBook Neo Resmi Rilis di Indonesia, Harganya Mulai Rp10 Juta",Macbook Neo resmi dirilis di Indonesia pada Jumat (22/5). Laptop varian paling ekonomis dari Apple ini hadir menyasar pengguna usia muda.,https://www.cnnindonesia.com/teknologi/20260522134324-206-1361198/laptop-termurah-apple-macbook-neo-resmi-rilis-di-indonesia,2026-05-22 06:48:22,CNN Indonesia
828,"BMKG Ungkap Penyebab Gempa M5,9 Guncang Maluku","Gempa M5,9 mengguncang Laut Maluku pada 22 Mei. BMKG memastikan tidak ada potensi tsunami. Guncangan terasa di beberapa wilayah dengan intensitas berbeda.",https://www.cnnindonesia.com/teknologi/20260522130009-199-1361176/bmkg-ungkap-penyebab-gempa-m59-guncang-maluku,2026-05-22 06:05:42,CNN Indonesia
829,Belasan Iguana Galapagos Langka Diseludupkan di Bandara Ekuador,"Sebanyak 12 iguana laut endemik Kepulauan Galapagos ditemukan dalam tas penumpang di Bandara Guayaquil, Ekuador, Rabu (20/5).",https://www.cnnindonesia.com/teknologi/20260521202136-203-1360985/belasan-iguana-galapagos-langka-diseludupkan-di-bandara-ekuador,2026-05-22 03:35:25,CNN Indonesia
830,Memori HP Penuh dan Bikin Lemot? Segera Hapus Daftar Aplikasi Ini,Memori HP yang penuh dapat memperlambat performa. Temukan aplikasi yang perlu dihapus dan tips untuk mengosongkan memori agar ponsel kembali optimal.,https://www.cnnindonesia.com/teknologi/20260521170239-185-1360883/daftar-aplikasi-yang-harus-dihapus-ketika-memori-hp-penuh,2026-05-22 01:20:43,CNN Indonesia
831,"Sejumlah Wilayah Indonesia Berpotensi Hujan Hari Ini, Cek Daftarnya","BMKG mengeluarkan peringatan hujan lebat di sejumlah wilayah Indonesia dari 21-23 Mei. Hujan diprediksi terjadi di Sumatra, Jawa, dan Kalimantan.",https://www.cnnindonesia.com/teknologi/20260521191828-641-1360947/prediksi-bmkg-ungkap-daftar-daerah-berpotensi-hujan-lebat-hari-ini,2026-05-21 23:20:53,CNN Indonesia
832,Telkom Ungkap Tantangan Mewujudkan Kedaulatan AI di Indonesia,"Telkom mengungkap tantangan yang perlu dihadapi jika ingin mewujudkan kedaulatan teknologi di Tanah Air, termasuk kedaulatan kecerdasan buatan (AI).",https://www.cnnindonesia.com/teknologi/20260521195747-213-1360977/telkom-ungkap-tantangan-mewujudkan-kedaulatan-ai-di-indonesia,2026-05-21 13:14:26,CNN Indonesia
833,FOTO: Deretan Robot Biksu Ramaikan Festival Lentera Teratai di Korsel,"Deretan robot biksu memimpin parade tahunan Festival Lentera Teratai di Korea Selatan, yang digelar untuk menyambut hari kelahiran Buddha.",https://www.cnnindonesia.com/teknologi/20260521132224-187-1360767/foto-deretan-robot-biksu-ramaikan-festival-lentera-teratai-di-korsel,2026-05-21 13:00:25,CNN Indonesia
834,"Puma Liar Masuk Permukiman, Bikin Geger Warga Sekitar",Pihak berwenang berhasil menangkap seekor puma liar yang masuk ke area permukiman warga di Chile pada Rabu (20/5).,https://www.cnnindonesia.com/teknologi/20260521134535-203-1360782/puma-liar-masuk-permukiman-bikin-geger-warga-sekitar,2026-05-21 11:23:31,CNN Indonesia
835,"Kapasitas Data Center di Indonesia Ditarget Tembus 1,65 GW Akhir 2026","Kapasitas data center Indonesia ditargetkan bakal mencapai 1,65 gigawatt pada akhir tahun ini.",https://www.cnnindonesia.com/teknologi/20260521152600-185-1360844/kapasitas-data-center-di-indonesia-ditarget-tembus-165-gw-akhir-2026,2026-05-21 10:00:00,CNN Indonesia
836,"Google Segera Rilis Teknologi Pengganti HP, Ini Kecanggihannya","Google luncurkan kacamata pintar berbasis AI musim gugur ini. Dikenal sebagai intelligent eyewear, perangkat ini menawarkan fitur canggih dan desain modis.",https://www.cnnindonesia.com/teknologi/20260521154020-206-1360849/google-segera-rilis-teknologi-pengganti-hp-ini-kecanggihannya,2026-05-21 08:46:08,CNN Indonesia
837,"Meta PHK Massal Karyawan Secara Global, Lebih dari 100 di Singapura","Meta melakukan PHK massal di Singapura dan global, mempengaruhi sekitar 8.000 posisi. Restrukturisasi ini terkait dengan ekspansi kecerdasan buatan (AI).",https://www.cnnindonesia.com/teknologi/20260521130813-206-1360765/meta-phk-massal-karyawan-secara-global-lebih-dari-100-di-singapura,2026-05-21 08:30:01,CNN Indonesia
838,Survei: Pengguna Internet Indonesia Tumbuh 6 Juta di 2026,"Survei terbaru dari APJII menyebut pengguna penetrasi internet Indonesia pada 2026 menjadi 81,72 persen, atau naik 6 juta jiwa dibandingkan tahun sebelumnya.",https://www.cnnindonesia.com/teknologi/20260521122201-213-1360738/survei-pengguna-internet-indonesia-tumbuh-6-juta-di-2026,2026-05-21 07:00:00,CNN Indonesia
839,Kapan Puncak Musim Kemarau 2026? Cek Prediksi BMKG,"BMKG memprediksi puncak musim kemarau 2026 di Indonesia terjadi pada Agustus, dengan wilayah Jakarta dan Sumatra mengalami kondisi kering lebih awal.",https://www.cnnindonesia.com/teknologi/20260521122658-641-1360741/bmkg-bocorkan-kapan-puncak-musim-kemarau-tiba-di-indonesia,2026-05-21 05:31:41,CNN Indonesia
840,"Fitur Instants di Instagram Dikeluhkan Pengguna, Ini Alasannya","Fitur baru Instagram, Instants, mendapat penolakan dari pengguna. Momen foto sekali lihat ini dianggap tidak berguna dan berisiko bagi privasi.",https://www.cnnindonesia.com/teknologi/20260521070428-192-1360629/baru-meluncur-fitur-instants-di-instagram-banjir-keluhan-pengguna,2026-05-21 02:15:31,CNN Indonesia
841,Fajar/Fikri Beber Penyebab Kegagalan di Indonesia Open 2026,"Fajar Alfian/Muhammad Shohibul Fikri buka-bukaan soal kegagalan di Indonesia Open 2026 usai kalah dari ganda China pada babak pertama, Rabu (3/6).",https://www.cnnindonesia.com/olahraga/20260603172650-170-1365025/fajar-fikri-beber-penyebab-kegagalan-di-indonesia-open-2026,2026-06-03 12:52:24,CNN Indonesia
842,FOTO: Skuad Mewah Timnas Brasil Tiba di AS Jelang Piala Dunia 2026,"Tim nasional Brasil tiba di Amerika Serikat dan siap meraih kembali prestasi tertinggi Piala Dunia 2026 di New Jersey, Amerika Serikat, Selasa (2/6).",https://www.cnnindonesia.com/olahraga/20260603143638-144-1364929/foto-skuad-mewah-timnas-brasil-tiba-di-as-jelang-piala-dunia-2026,2026-06-03 12:25:22,CNN Indonesia
843,Indonesia Open 2026: Pemulihan An Se Young Berjalan Baik,"Pebulutangkis nomor 1 dunia, An Se Young, menyebut pemulihannya berjalan baik usai menang pada babak pertama Indonesia Open 2026, Rabu (3/6).",https://www.cnnindonesia.com/olahraga/20260603181423-170-1365047/indonesia-open-2026-pemulihan-an-se-young-berjalan-baik,2026-06-03 11:57:11,CNN Indonesia
844,PSSI Klarifikasi Salah Tulis Nama Pencetak Gol Timnas Indonesia U-19,PSSI mengklarifikasi persoalan kesalahan penulisan nama pencetak gol Timnas Indonesia U-19 dalam laga pertama Piala AFF U-19 2026.,https://www.cnnindonesia.com/olahraga/20260603175051-142-1365038/pssi-klarifikasi-salah-tulis-nama-pencetak-gol-timnas-indonesia-u-19,2026-06-03 11:34:12,CNN Indonesia
845,Bintang Swiss Dilarang Masuk AS Jelang Piala Dunia 2026s,"Bintang timnas Swiss, Breel Embolo ditolak masuk Amerika Serikat jelang tampil di Piala Dunia 2026.",https://www.cnnindonesia.com/olahraga/20260603152929-142-1364958/bintang-swiss-dilarang-masuk-as-jelang-piala-dunia-2026s,2026-06-03 11:04:54,CNN Indonesia
846,Fajar Alfian: Ini Penampilan Terburuk Saya Bersama Fikri,Fajar Alfian menyebut kekalahan dari Chen Bo Yang/Liu Yi di Indonesia Open 2026 sebagai penampilan terburuk bersama Shohibul Fikri.,https://www.cnnindonesia.com/olahraga/20260603172211-170-1365018/fajar-alfian-ini-penampilan-terburuk-saya-bersama-fikri,2026-06-03 10:39:34,CNN Indonesia
847,Prediksi Pemain Timnas Indonesia vs Oman: Diks Gantikan Idzes?,"Timnas Indonesia akan menghadapi Oman dalam laga uji coba, berikut prediksi susunan pemain Garuda, di mana Kevin Diks bakal gantikan Jay Idzes.",https://www.cnnindonesia.com/olahraga/20260603143559-142-1364928/prediksi-pemain-timnas-indonesia-vs-oman-diks-gantikan-idzes,2026-06-03 10:15:41,CNN Indonesia
848,"Hasil Indonesia Open: Jafar/Felisha ke 16 Besar, Ali/Devin Tersingkir",Ganda campuran Jafar Hidayatullah/Felisha Alberta melaju ke 16 besar Indonesia Open 2026 setelah mengalahkan pasangan Korea Selatan.,https://www.cnnindonesia.com/olahraga/20260603164106-170-1364994/hasil-indonesia-open-jafar-felisha-ke-16-besar-ali-devin-tersingkir,2026-06-03 09:43:56,CNN Indonesia
849,An Se Young Cerita Kisah Awal Kenal hingga Kagumi Sosok Megawati,"Tunggal putri Korea Selatan, An Se Young, bercerita tentang kedekatannya dengan bintang voli Indonesia, Megawati Hangestri Pertiwi.",https://www.cnnindonesia.com/olahraga/20260603155803-170-1364978/an-se-young-cerita-kisah-awal-kenal-hingga-kagumi-sosok-megawati,2026-06-03 09:21:24,CNN Indonesia
850,Hasil Indonesia Open: Fajar/Fikri Disingkirkan Wakil China,Ganda putra Fajar Alfian/Muhammad Shohibul Fikri tersingkir pada fase awal Indonesia Open 2026 setelah kalah dari pasangan China.,https://www.cnnindonesia.com/olahraga/20260603154433-170-1364971/hasil-indonesia-open-fajar-fikri-disingkirkan-wakil-china,2026-06-03 08:47:35,CNN Indonesia
851,"Raih Juara, Pemain Klub Putri Korut Menangis Disambut Kim Jong Un","Pemimpin Korea Utara, Kim Jong Un, menyambut tim sepak bola putri Naegohyang Women's FC setelah menjuarai Liga Champions Wanita AFC.",https://www.cnnindonesia.com/olahraga/20260603124624-182-1364856/raih-juara-pemain-klub-putri-korut-menangis-disambut-kim-jong-un,2026-06-03 08:10:02,CNN Indonesia
852,Here We Go: Andoni Iraola Teken Kontrak 2 Tahun Latih Liverpool,"Pelatih asal Spanyol, Andoni Iraola dilaporkan telah teken kontrak dua tahun untuk melatih Liverpool.",https://www.cnnindonesia.com/olahraga/20260603144154-142-1364943/here-we-go-andoni-iraola-teken-kontrak-2-tahun-latih-liverpool,2026-06-03 07:43:26,CNN Indonesia
853,CNN Indonesia Luncurkan Gempita Bola Dunia Sambut Piala Dunia 2026,Piala Dunia 2026 akan berlangsung dalam hitungan hari. Gempita Bola Dunia menghadirkan berita terbaru dan paling menarik di Piala Dunia 2026.,https://www.cnnindonesia.com/olahraga/20260603134721-142-1364896/cnn-indonesia-luncurkan-gempita-bola-dunia-sambut-piala-dunia-2026,2026-06-03 07:09:01,CNN Indonesia
854,"Spanyol di Piala Dunia: La Furia Roja tanpa Real Madrid, Bisa Apa?",Timnas Spanyol untuk kali pertama tanpa pemain Real Madrid di Piala Dunia 2026. Apakah La Furia Roja mampu bersinar tanpa penggawa Los Blancos?,https://www.cnnindonesia.com/olahraga/20260603110618-142-1364812/spanyol-di-piala-dunia-la-furia-roja-tanpa-real-madrid-bisa-apa,2026-06-03 06:37:06,CNN Indonesia
855,Komisi X Apresiasi Kenaikan Indeks Reformasi Birokrasi Kemenpora,Transformasi birokrasi sebagai perbaikan internal ini mewujudkan komitmen Kemenpora memperbaiki pelayanan bidang kepemudaan dan olahraga kepada masyarakat.,https://www.cnnindonesia.com/olahraga/20260603130924-183-1364876/komisi-x-apresiasi-kenaikan-indeks-reformasi-birokrasi-kemenpora,2026-06-03 06:15:56,CNN Indonesia
856,"Trofi Piala Dunia Sampai di New York, Dimeriahkan Legenda Jerman","Tropi Piala Dunia FIFA dipamerkan di New York, AS, pada Selasa (2/6) sebagai bagian dari Tur Trofi Piala Dunia FIFA 2026 di Museum Sejarah Alam Amerika.",https://www.cnnindonesia.com/olahraga/20260603080857-146-1364750/trofi-piala-dunia-sampai-di-new-york-dimeriahkan-legenda-jerman,2026-06-03 06:05:43,CNN Indonesia
857,"Hasil Indonesia Open: Sengit 68 Menit, Amallia/Fadia Libas Wakil Korea","Ganda putri Amallia Cahaya Pratiwi/Siti Fadia Ramadhanti lolos ke babak 16 Indonesia Open 2026 usai tumpas wakil Korea Selatan, Rabu (3/6).",https://www.cnnindonesia.com/olahraga/20260603121603-170-1364848/hasil-indonesia-open-sengit-68-menit-amallia-fadia-libas-wakil-korea,2026-06-03 05:37:54,CNN Indonesia
858,PSSI Sumut Ambil Alih Polemik Pembayaran Hotel Peserta Piala AFF U-19,Asprov PSSI Sumut ambil alih tanggung jawab akomodasi peserta Piala AFF U-19 2026 setelah masalah hotel. Komitmen dengan Pemkot Medan dipertanyakan.,https://www.cnnindonesia.com/olahraga/20260603114815-142-1364829/pssi-sumut-ambil-alih-polemik-pembayaran-hotel-peserta-piala-aff-u-19,2026-06-03 05:22:04,CNN Indonesia
859,Hasil Indonesia Open: 2 Wakil Indonesia Tumbang dari Jepang,"Dua wakil Indonesia,Muhammad Rian Ardianto/Rahmat Hidayat dan Lanny Tria Mayasari/Apriyani Rahayu, kalah dari Jepang di babak pertama Indonesia Open 2026.",https://www.cnnindonesia.com/olahraga/20260603115422-170-1364830/hasil-indonesia-open-2-wakil-indonesia-tumbang-dari-jepang,2026-06-03 05:00:02,CNN Indonesia
860,Veda Ega Gowes Santai di Barcelona Jelang Moto3 Hungaria,Pembalap Indonesia Veda Ega Pratama bersepeda bersama rekannya di Honda Team Asia menjelang Moto3 Hungaria 2026.,https://www.cnnindonesia.com/olahraga/20260603113349-142-1364823/veda-ega-gowes-santai-di-barcelona-jelang-moto3-hungaria,2026-06-03 04:48:10,CNN Indonesia
861,"2 Minggu Jelang Piala Dunia 2026, Iran Belum Dapat Visa AS","Dua pekan menjelang Piala Dunia 2026, Iran masih menunggu visa AS dan Meksiko. FFIRI optimistis visa akan keluar sebelum keberangkatan tim ke Spanyol.",https://www.cnnindonesia.com/olahraga/20260603105819-142-1364808/2-minggu-jelang-piala-dunia-2026-iran-belum-dapat-visa-as,2026-06-03 04:21:11,CNN Indonesia
862,Viral Konvoi Megah Timnas Turki Menuju Piala Dunia 2026,Prosesi keberangkatan Timnas Turki berangkat ke Piala Dunia 2026 viral di media sosial karena mewah dan megah.,https://www.cnnindonesia.com/olahraga/20260603100955-142-1364782/viral-konvoi-megah-timnas-turki-menuju-piala-dunia-2026,2026-06-03 03:51:48,CNN Indonesia
863,Man City Cetak Sejarah usai Kirim 19 Pemain ke Piala Dunia 2026,Manchester City cetak rekor bersejarah sebagai klub penyumbang pemain terbanyak di Piala Dunia. Sebanyak 19 pemain ikut ambil bagian di Piala Dunia 2026.,https://www.cnnindonesia.com/olahraga/20260603101231-142-1364784/man-city-cetak-sejarah-usai-kirim-19-pemain-ke-piala-dunia-2026,2026-06-03 03:23:05,CNN Indonesia
864,Head to Head Timnas Indonesia vs Oman: 38 Tahun Tak Pernah Menang,"Timnas Indonesia akan menghadapi Oman dalam laga uji coba. Sejarah mencatat Indonesia menang 2 kali, imbang 1, dan kalah 3 kali dari Oman.",https://www.cnnindonesia.com/olahraga/20260603092517-142-1364769/head-to-head-timnas-indonesia-vs-oman-38-tahun-tak-pernah-menang,2026-06-03 02:52:08,CNN Indonesia
865,FOTO: Ronaldo On Fire di Latihan Perdana Portugal Jelang Piala Dunia,Pemain top dunia Cristiano Ronaldo jalani latihan perdana bersama timnas Portugal jelang Piala Dunia 2026.,https://www.cnnindonesia.com/olahraga/20260603073407-144-1364728/foto-ronaldo-on-fire-di-latihan-perdana-portugal-jelang-piala-dunia,2026-06-03 02:30:45,CNN Indonesia
866,Siapa Pemain Termuda di Piala Dunia 2026?,"Sejumlah talenta muda berbakat akan tampil di Piala Dunia 2026. Lantas, siapa pemain termuda yang berlaga di Amerika Serikat (AS), Kanada, dan Meksiko?",https://www.cnnindonesia.com/olahraga/20260603085129-142-1364765/siapa-pemain-termuda-di-piala-dunia-2026,2026-06-03 02:05:29,CNN Indonesia
867,"Daftar Skuad Lengkap 48 Negara di Piala Dunia 2026, Cek di Sini","Piala Dunia 2026 akan diikuti 48 negara dengan pemain top seperti Lionel Messi, Cristiano Ronaldo, dan Neymar. Simak daftar lengkap skuad peserta di sini.",https://www.cnnindonesia.com/olahraga/20260603082613-142-1364752/daftar-skuad-lengkap-48-negara-di-piala-dunia-2026-cek-di-sini,2026-06-03 01:36:55,CNN Indonesia
868,"Hasil Birmingham Open: Tekuk Jepang, Janice Tjen Lolos Babak 16 Besar",Petenis Indonesia Janice Tjen berhasil lolos ke babak 16 besar Birmingham Open 2026 setelah mengalahkan Nao Hibino dalam duel sengit tiga set.,https://www.cnnindonesia.com/olahraga/20260603074136-170-1364738/hasil-birmingham-open-tekuk-jepang-janice-tjen-lolos-babak-16-besar,2026-06-03 00:50:43,CNN Indonesia
869,"FOTO: Lukaku Comeback, Belgia Menang 2-0 atas Kroasia","Romelu Lukaku menandai comeback ke timnas Belgia dengan manis dalam kemenangan 2-0 melawan Kroasia pada laga persahabatan di Rijeka, Rabu (3/6) dini hari WIB.",https://www.cnnindonesia.com/olahraga/20260603063913-144-1364708/foto-lukaku-comeback-belgia-menang-2-0-atas-kroasia,2026-06-03 00:22:41,CNN Indonesia
870,Apakah Ronaldo Pemain Tertua di Piala Dunia 2026?,Cristiano Ronaldo saat ini berusia 41 tahun dan akan memainkan Piala Dunia keenam dalam kariernya. Apakah ia akan jadi pemain tertua di Piala Dunia 2026?,https://www.cnnindonesia.com/olahraga/20260602125809-142-1364461/apakah-ronaldo-pemain-tertua-di-piala-dunia-2026,2026-06-02 23:58:25,CNN Indonesia
871,"Hasil Uji Coba: Lukaku Cetak Gol, Belgia Hajar Kroasia 2-0",Romelu Lukaku kembali ke timnas Belgia dengan mencetak gol dalam kemenangan 2-0 atas Kroasia. Ini jadi tanda kebangkitan setelah musim buruk di Napoli.,https://www.cnnindonesia.com/olahraga/20260603062005-142-1364705/hasil-uji-coba-lukaku-cetak-gol-belgia-hajar-kroasia-2-0,2026-06-02 23:26:59,CNN Indonesia
872,Daftar Pemain Iran di Piala Dunia 2026: Messi dari Persia Absen,"Timnas Iran umumkan 26 pemain untuk Piala Dunia 2026. Absennya Sardar Azmoun, yang dijuluki Messi dari Persia, menjadi sorotan.",https://www.cnnindonesia.com/olahraga/20260603054106-142-1364700/timnas-iran-umumkan-skuad-ke-piala-dunia-2026-messi-dari-persia-absen,2026-06-02 22:55:23,CNN Indonesia
873,Jadwal Siaran Langsung Timnas Putri Indonesia vs Singapura Hari Ini,Timnas Putri Indonesia akan menjamu Singapura dalam pertandingan FIFA Matcday bertajuk Garuda Championship Series 2026.,https://www.cnnindonesia.com/olahraga/20260602153735-142-1364545/jadwal-siaran-langsung-timnas-putri-indonesia-vs-singapura-hari-ini,2026-06-02 22:12:11,CNN Indonesia
874,Sandy Walsh Umumkan Kehamilan Istri Lewat Video Lucu,Bek Timnas Indonesia Sandy Walsh dan istrinya Aislinn Konig mengumumkan kehamilan melalui video lucu. Pasangan ini siap menyambut anak pertama mereka.,https://www.cnnindonesia.com/olahraga/20260603044545-142-1364698/sandy-walsh-umumkan-kehamilan-istri-lewat-video-lucu,2026-06-02 21:51:53,CNN Indonesia
875,Jadwal Siaran Langsung Wakil Indonesia di Indonesia Open Rabu 3 Juni,Sebanyak 10 wakil Indonesia akan tampil di babak 32 besar Indonesia Open 2026 hari ini Rabu (3/6). Berikut jadwa siaran langsungnya.,https://www.cnnindonesia.com/olahraga/20260602155646-170-1364553/jadwal-siaran-langsung-wakil-indonesia-di-indonesia-open-rabu-3-juni,2026-06-02 21:10:36,CNN Indonesia
876,Mees Hilgers Bersyukur Kembali ke Timnas Usai Lewati Masa Sulit,Mees Hilgers bersyukur bisa kembali berlatih di Timnas Indonesia usai drama kontrak dan cedera.,https://www.cnnindonesia.com/olahraga/20260602161636-142-1364560/mees-hilgers-bersyukur-kembali-ke-timnas-usai-lewati-masa-sulit,2026-06-02 20:10:58,CNN Indonesia
877,"FOTO: Jelang Piala Dunia, Patung Raksasa Messi di India Dibongkar",Patung Lionel Messi memegang trofi Piala Dunia dipindahkan karena alasan keamanan di India.,https://www.cnnindonesia.com/olahraga/20260602195534-144-1364645/foto-jelang-piala-dunia-patung-raksasa-messi-di-india-dibongkar,2026-06-02 19:10:19,CNN Indonesia
878,Putri KW Ingin Balas Dendam di 16 Besar Indonesia Open,"Putri KW bersinar di awal Indonesia Open 2026, ingin balas dendam di 16 besar.",https://www.cnnindonesia.com/olahraga/20260602234644-170-1364697/putri-kw-ingin-balas-dendam-di-16-besar-indonesia-open,2026-06-02 18:10:43,CNN Indonesia
879,Erick Thohir Puji John Herdman Soal Pilihan Pemain Timnas Indonesia,Menpora sekaligus Ketua Umum PSSI Erick Thohir puji pelatih Timnas Indonesia John Herdman dalam pemilihan 23 pemain untuk melawan Oman dan Mozambik.,https://www.cnnindonesia.com/olahraga/20260602233431-142-1364696/erick-thohir-puji-john-herdman-soal-pilihan-pemain-timnas-indonesia,2026-06-02 16:57:21,CNN Indonesia
880,Mamdani Cabut Aturan Jam Tidur Anak Jelang Final NBA,"Wali Kota New York, Zohran Mamdani, secara simbolis mencabut aturan jam tidur anak menjelang pertandingan basket New York Knicks melawan San Antonio Spurs.",https://www.cnnindonesia.com/olahraga/20260602114655-182-1364433/mamdani-cabut-aturan-jam-tidur-anak-jelang-final-nba,2026-06-02 16:27:21,CNN Indonesia
881,Rekap Wakil Indonesia di Indonesia Open 2026: Jonatan dan Alwi Lolos,Tujuh wakil Indonesia berhasil lolos ke babak 16 besar Indonesia Open 2026 termasuk Jonatan Christie dan Alwi Farhan.,https://www.cnnindonesia.com/olahraga/20260602204557-170-1364667/rekap-wakil-indonesia-di-indonesia-open-2026-jonatan-dan-alwi-lolos,2026-06-02 15:44:29,CNN Indonesia
882,Klasemen Piala AFF U-19 Usai Thailand dan Malaysia Pesta Gol,Klasemen Piala AFF U-19 2026 mengalami perubahan usai Thailand dan Malaysia meraih kemenangan besar di Grup B. Berikut klasemen Piala AFF U-19 2026.,https://www.cnnindonesia.com/olahraga/20260602215606-142-1364692/klasemen-piala-aff-u-19-usai-thailand-dan-malaysia-pesta-gol,2026-06-02 15:11:15,CNN Indonesia
883,"Hasil Piala AFF U-19: 1 Gol Kontroversial, Malaysia Bantai Singapura","Diwarnai gol kontroversial, Malaysia membantai Singapura 3-0 di laga perdana Grup B Piala AFF U-19 2026 di Stadion Teladan, Medan, pada Selasa (2/6) malam.",https://www.cnnindonesia.com/olahraga/20260602205218-142-1364676/hasil-piala-aff-u-19-1-gol-kontroversial-malaysia-bantai-singapura,2026-06-02 14:51:12,CNN Indonesia
884,Proses Patung Raksasa Messi di India Dipindahkan Pakai Truk,Patung raksasa bintang sepak bola Lionel Messi di India pada Senin (1/6) dicopot oleh pemerintah setempat.,https://www.cnnindonesia.com/olahraga/20260602204246-146-1364665/proses-patung-raksasa-messi-di-india-dipindahkan-pakai-truk,2026-06-02 14:28:35,CNN Indonesia
885,Reaksi Alwi Farhan Lawan Jonatan Christie di 16 Besar Indonesia Open,Tunggal putra Indonesia Alwi Farhan memberikan komentarnya soal bakal bertemu Jonatan Christie di babak 16 besar Indonesia Open 2026.,https://www.cnnindonesia.com/olahraga/20260602204521-170-1364666/reaksi-alwi-farhan-lawan-jonatan-christie-di-16-besar-indonesia-open,2026-06-02 14:00:58,CNN Indonesia
886,FOTO: Jonatan Christie Mulus ke 16 Besar Indonesia Open 2026,"Jonatan Christie berhasil melangkah ke babak 16 besar Indonesia Open 2026 usai mengalahkan wakil Singapura, Jason Teh 21-18, 21-15.",https://www.cnnindonesia.com/olahraga/20260602171059-172-1364584/foto-jonatan-christie-mulus-ke-16-besar-indonesia-open-2026,2026-06-02 13:38:39,CNN Indonesia
887,Alwi Farhan Bantah Emosi Saat Hajar Lakhsya Sen di Indonesia Open,Tunggal putra Indonesia Alwi Farhan mengaku tidak terpancing emosi saat melawan wakil India Lakhsya Sen di babak 32 besar Indonesia Open 2026.,https://www.cnnindonesia.com/olahraga/20260602200852-170-1364654/alwi-farhan-bantah-emosi-saat-hajar-lakhsya-sen-di-indonesia-open,2026-06-02 13:21:50,CNN Indonesia
888,"FOTO: Luis Diaz Cetak Brace, Kolombia Bungkam Kosta Rika",Kolombia meraih kemenangan 3-1 atas Kosta Rika dalam laga uji coba jelang tampil di Piala Dunia 2026.,https://www.cnnindonesia.com/olahraga/20260602134419-144-1364490/foto-luis-diaz-cetak-brace-kolombia-bungkam-kosta-rika,2026-06-02 12:54:17,CNN Indonesia
889,John Herdman Puji Rayhan Hannan: Dia Pekerja Keras dan Berkualitas,John Herdman mengungkap alasan di balik pemanggilan Rayhan Hannan ke Timnas Indonesia pada FIFA Matchday bulan Juni.,https://www.cnnindonesia.com/olahraga/20260602174805-142-1364607/john-herdman-puji-rayhan-hannan-dia-pekerja-keras-dan-berkualitas,2026-06-02 12:34:32,CNN Indonesia
890,"Tanpa Megawati, Timnas Voli Putri Target Tinggi di AVC Nations Cup","Tanpa diperkuat Megawati, PP PBVSI resmi melepas Timnas Voli Putri Indonesia yang akan berlaga pada AVC Women's Volleyball Nations Cup 2026 di Manila, Filipina.",https://www.cnnindonesia.com/olahraga/20260602185238-178-1364625/tanpa-megawati-timnas-voli-putri-target-tinggi-di-avc-nations-cup,2026-06-02 12:13:22,CNN Indonesia
891,"Hasil Indonesia Open: Hujan Smes, Alwi Farhan Lolos ke 16 Besar","Alwi Farhan berhasil lolos ke babak 16 besar Indonesia Open 2026 usai mengalahkan Lakhsya Sen di Istora GBK, Selasa (2/6).",https://www.cnnindonesia.com/olahraga/20260602182647-170-1364618/hasil-indonesia-open-hujan-smes-alwi-farhan-lolos-ke-16-besar,2026-06-02 11:37:39,CNN Indonesia
892,"Messi Tak Punya Teman Sekamar, 'Klenik' Argentina Juara Piala Dunia",Lionel Messi tidak punya teman sekamar saat Piala Dunia 2026 berlangsung. Hal ini jadi klenik Argentina untuk juara Piala Dunia.,https://www.cnnindonesia.com/olahraga/20260602171859-142-1364594/messi-tak-punya-teman-sekamar-klenik-argentina-juara-piala-dunia,2026-06-02 11:17:44,CNN Indonesia
893,Hasil Piala AFF U-19 2026: Thailand Bantai Brunei 9-0,Thailand pesta gol dengan membantai Brunei Darussalam 9-0 di laga Piala AFF U-19 2026.,https://www.cnnindonesia.com/olahraga/20260602172730-142-1364597/hasil-piala-aff-u-19-2026-thailand-bantai-brunei-9-0,2026-06-02 10:54:14,CNN Indonesia
894,Leo/Daniel Minta Maaf Usai Tersingkir di Indonesia Open 2026,Leo Rolly Carnando/Daniel Marthin meminta maaf usai tersingkir dari Indonesia Open 2026.,https://www.cnnindonesia.com/olahraga/20260602165737-170-1364581/leo-daniel-minta-maaf-usai-tersingkir-di-indonesia-open-2026,2026-06-02 10:20:11,CNN Indonesia
895,Siapa Pengganti Jay Idzes di Timnas Indonesia?,"Kapten Timnas Indonesia, Jay Idzes sudah dipastikan absen melawan Oman dan Mozambik. Lantas siapa yang jadi pengganti Idzes?",https://www.cnnindonesia.com/olahraga/20260602150749-142-1364531/siapa-pengganti-jay-idzes-di-timnas-indonesia,2026-06-02 09:51:35,CNN Indonesia
896,Ambisi Berapi-api Jonatan Christie 'Pecah Telur' Juara Indonesia Open,"Ambisi tunggal putra Indonesia, Jonatan Christie berapi-api demi jadi juara Indonesia Open. Kampiun turnamen BWF 1000 di depan publik sendiri jadi impiannya.",https://www.cnnindonesia.com/olahraga/20260602155507-170-1364550/ambisi-berapi-api-jonatan-christie-pecah-telur-juara-indonesia-open,2026-06-02 09:10:24,CNN Indonesia
897,Hasil Indonesia Open 2026: Leo/Daniel Tumbang di Babak Pertama,"Leo Rolly Carnando/Daniel Marthin tersingkir dari Indonesia Open 2026 usai kalah 16-21, 21-13, 19-21 dari Lee Jhe Huei/Yang Po Hsuan di Istora, Selasa (2/6).",https://www.cnnindonesia.com/olahraga/20260602153109-170-1364547/hasil-indonesia-open-2026-leo-daniel-tumbang-di-babak-pertama,2026-06-02 08:42:36,CNN Indonesia
898,"FOTO: Kanada Hantam Uzbekistan, Modal Penting untuk Piala Dunia",Kanada berhasil mengalahkan Uzbekistan dengan skor 2-0 dalam laga uji coba jelang Piala Dunia 2026 di Edmonton. Berikut foto pilihan laga tersebut.,https://www.cnnindonesia.com/olahraga/20260602125616-144-1364450/foto-kanada-hantam-uzbekistan-modal-penting-untuk-piala-dunia,2026-06-02 08:23:37,CNN Indonesia
899,"Sepertiga Musim Berlalu, Sinyal Positif Veda Ega Pratama Terus Menyala",Veda Ega Pratama menampilkan sebuah sinyal positif dalam ajang Moto3 2026 yang sudah berlangsung tujuh balapan atau sekitar sepertiga musim.,https://www.cnnindonesia.com/olahraga/20260602130555-156-1364460/sepertiga-musim-berlalu-sinyal-positif-veda-ega-pratama-terus-menyala,2026-06-02 07:48:12,CNN Indonesia
900,Daftar 9 Pemain di Bawah Usia 23 Tahun di Timnas Indonesia,Timnas Indonesia diperkuat sembilan pemain berusia di bawah 23 tahun untuk menghadapi Oman dan Mozambik di FIFA Matchday bulan Juni.,https://www.cnnindonesia.com/olahraga/20260602141416-142-1364511/daftar-9-pemain-di-bawah-usia-23-tahun-di-timnas-indonesia,2026-06-02 07:23:38,CNN Indonesia
901,Hasil Indonesia Open: Jonatan Christie Lolos ke 16 Besar,"Jonatan Christie lolos ke babak 16 besar Indonesia Open 2026 usai mengalahkan Jia Heng Jason Teh di Istora GBK, Selasa (2/6).",https://www.cnnindonesia.com/olahraga/20260602134343-170-1364492/hasil-indonesia-open-jonatan-christie-lolos-ke-16-besar,2026-06-02 06:49:53,CNN Indonesia
902,John Herdman Terpesona Marselino Ferdinan: Bagus Banget,John Herdman memamerkan kemampuan berbahasa Indonesia ketika mengungkap kekaguman pada Marselino Ferdinan.,https://www.cnnindonesia.com/olahraga/20260602124250-142-1364445/john-herdman-terpesona-marselino-ferdinan-bagus-banget,2026-06-02 06:31:52,CNN Indonesia
903,"Diejek Gagal Juara Liga Champions, Rice Sebut Rival Arsenal Cemburu",Gelandang Declan Rice menyebut rival yang mengejek Arsenal usai gagal juara Liga Champions merupakan bentuk kecemburuan terhadap The Gunners.,https://www.cnnindonesia.com/olahraga/20260601165103-142-1364199/diejek-gagal-juara-liga-champions-rice-sebut-rival-arsenal-cemburu,2026-06-02 06:04:03,CNN Indonesia
904,Megawati dan An Se Young Ngobrol dan Berbagi Tawa,Megawati Hangestri Pertiwi dan An Se Young tampak mengobrol dan berbagi tawa via perjumpaan daring jelang ajang badminton Indonesia Open 2026.,https://www.cnnindonesia.com/olahraga/20260602122512-178-1364443/megawati-dan-an-se-young-ngobrol-dan-berbagi-tawa,2026-06-02 05:36:23,CNN Indonesia
905,Hasil Uji Coba Jelang Piala Dunia: Kanada dan Kolombia Raih Kemenangan,Kanada dan Kolombia berhasil meraih kemenangan dalam laga uji coba jelang Piala Dunia 2026 yang digelar pada Selasa (2/6) pagi.,https://www.cnnindonesia.com/olahraga/20260602114916-142-1364434/hasil-uji-coba-jelang-piala-dunia-kanada-dan-kolombia-raih-kemenangan,2026-06-02 04:57:40,CNN Indonesia
906,8 Aturan Baru Piala Dunia 2026,FIFA dan IFAB resmi mengeluarkan peraturan baru yang akan berlaku di Piala Dunia 2026.,https://www.cnnindonesia.com/olahraga/20260602104712-142-1364405/8-aturan-baru-piala-dunia-2026,2026-06-02 04:24:28,CNN Indonesia
907,"Ronaldo Latihan Bareng Skuad Portugal, Siap Berangkat ke Piala Dunia",Cristiano Ronaldo dan timnas Portugal menjalani pemusatan latihan di Lisbon untuk persiapan menghadapi Piala Dunia 2026.,https://www.cnnindonesia.com/olahraga/20260602100625-146-1364391/ronaldo-latihan-bareng-skuad-portugal-siap-berangkat-ke-piala-dunia,2026-06-02 03:55:06,CNN Indonesia
908,FOTO: Turki Panaskan Mesin Jelang Piala Dunia 2026,Turki berhasil mengalahkan Makedonia Utara dengan skor telak 4-0. Kemenangan itu membuat mereka makin percaya diri menghadapi Piala Dunia 2026.,https://www.cnnindonesia.com/olahraga/20260602070026-144-1364309/foto-turki-panaskan-mesin-jelang-piala-dunia-2026,2026-06-02 03:23:30,CNN Indonesia
909,"Bukan Pilihan Herdman, Ridho Kapten Indonesia Lawan Oman dan Mozambik","John Herdman memastikan Rizky Ridho menjadi kapten Timnas Indonesia dalam laga FIFA Matchday melawan Oman (5/6), dan Mozambik (9/6).",https://www.cnnindonesia.com/olahraga/20260602095233-142-1364384/bukan-pilihan-herdman-ridho-kapten-indonesia-lawan-oman-dan-mozambik,2026-06-02 03:00:46,CNN Indonesia
910,"Frans Putros Main di Piala Dunia, Persib Bisa Dapat Cuan dari FIFA",Keberadaan Frans Putros di skuad timnas Irak pada Piala Dunia 2026 berpotensi mendatangkan 'cuan' bagi Persib.,https://www.cnnindonesia.com/olahraga/20260602092556-142-1364378/frans-putros-main-di-piala-dunia-persib-bisa-dapat-cuan-dari-fifa,2026-06-02 02:40:01,CNN Indonesia
911,5 Fakta Jelang Duel Alwi Farhan vs Lakhsya Sen di Indonesia Open 2026,"Alwi Farhan akan menghadapi Lakshya Sen pada laga babak pertama Indonesia Open 2026, Selasa (2/6). Berikut fakta menarik jelang laga tersebut.",https://www.cnnindonesia.com/olahraga/20260602085154-170-1364366/5-fakta-jelang-duel-alwi-farhan-vs-lakhsya-sen-di-indonesia-open-2026,2026-06-02 02:15:45,CNN Indonesia
912,Herdman Bongkar Alasan Eliano dan Jordi Tak Masuk Timnas Indonesia,John Herdman mengungkap alasan Eliano Reijnders dan Jordi Amat tidak masuk dalam skuad Timnas Indonesia pada FIFA Matchday Juni 2026.,https://www.cnnindonesia.com/olahraga/20260602084724-142-1364362/herdman-bongkar-alasan-eliano-dan-jordi-tak-masuk-timnas-indonesia,2026-06-02 01:55:13,CNN Indonesia
913,Tuchel dan Misi Hapus '60 Tahun Penderitaan' Inggris di Piala Dunia,"Enam puluh tahun, lintas generasi, dan satu penderitaan yang tak kunjung menemui akhir. Sejak berjaya di 1966, Inggris tak pernah lagi menyentuh puncak dunia.",https://www.cnnindonesia.com/olahraga/20260602071715-142-1364323/tuchel-dan-misi-hapus-60-tahun-penderitaan-inggris-di-piala-dunia,2026-06-02 01:25:00,CNN Indonesia
914,FOTO: Sorak-sorak Bergembira Timnas Indonesia U-19,Timnas Indonesia U-19 menjalani laga perdana di Piala AFF U-19 2026 dengan kemenangan meyakinkan atas Myanmar.,https://www.cnnindonesia.com/olahraga/20260602074407-144-1364326/foto-sorak-sorak-bergembira-timnas-indonesia-u-19,2026-06-02 01:05:00,CNN Indonesia
915,Program Khusus Timnas Indonesia: Kevin Diks Jadi 'Guru' Mathew Baker,"John Herdman membuat program spesial untuk pendatang baru di Timnas Indonesia, Mathew Baker, dan akan melibatkan Kevin Diks.",https://www.cnnindonesia.com/olahraga/20260602073906-142-1364325/program-khusus-timnas-indonesia-kevin-diks-jadi-guru-mathew-baker,2026-06-02 00:50:00,CNN Indonesia
916,FIFA Beri Selamat ke Persib,"Presiden FIFA, Gianni Infantino, memberikan ucapan selamat kepada Persib Bandung yang menjadi juara Super League 2025/2026.",https://www.cnnindonesia.com/olahraga/20260602065804-142-1364308/fifa-beri-selamat-ke-persib,2026-06-02 00:25:11,CNN Indonesia
917,"Sinopsis Masters of the Universe, Aksi Nicholas Galitzine Jadi He-Man",Sinopsis Masters of the Universe: Pangeran Adam merangkul takdirnya sebagai He-Man demi menyelamatkan planet asalnya.,https://www.cnnindonesia.com/hiburan/20260603134633-220-1364904/sinopsis-masters-of-the-universe-2026-misi-he-man-jaga-eternia,2026-06-03 13:10:20,CNN Indonesia
918,Phil Collins Belum Tutup Pintu dari Musik,Phil Collins menyatakan tidak sepenuhnya menutup pintu dari musik meski kini sudah pensiun dan dalam kondisi sakit di usianya yang menginjak 75 tahun.,https://www.cnnindonesia.com/hiburan/20260602224809-227-1364695/phil-collins-belum-tutup-pintu-dari-musik,2026-06-03 12:20:19,CNN Indonesia
919,"Sinopsis Knives Out, Bioskop Trans TV 3 Juni 2026",Jadwal Bioskop Trans TV hari ini (3 Juni) Knives Out. Berikut sinopsis Knives Out dibintangi Daniel Craig hingga Chris Evans.,https://www.cnnindonesia.com/hiburan/20260603130710-220-1364865/sinopsis-knives-out-bioskop-trans-tv-3-juni-2026,2026-06-03 11:30:18,CNN Indonesia
920,Potongan Sadis Dracula (1958) Ditemukan Setelah Dianggap Hilang,Potongan adegan film Horror of Dracula atau Dracula yang tayang pada 1958 ditemukan kembali setelah puluhan tahun dianggap hilang.,https://www.cnnindonesia.com/hiburan/20260602192430-220-1364632/potongan-sadis-dracula-1958-ditemukan-setelah-dianggap-hilang,2026-06-03 10:40:17,CNN Indonesia
921,Robert Pattinson Minta Skrip Nolan sebelum Setuju Main The Odyssey,Robert Pattinson jadi satu-satunya aktor yang minta naskah terlebih dahulu sebelum setuju gabung The Odyssey garapan Christopher Nolan.,https://www.cnnindonesia.com/hiburan/20260603145752-220-1364949/diajak-main-the-odyssey-robert-pattinson-tagih-naskah-ke-nolan,2026-06-03 09:40:16,CNN Indonesia
922,Asa Ashin Mayday Konser Tunggal di Indonesia setelah F✦FOREVER,"Ashin mengaku sangat ingin memboyong rekan-rekan bandnya, Mayday, gelar konser tunggal di Indonesia setelah F✦FOREVER.",https://www.cnnindonesia.com/hiburan/20260603121024-227-1364845/ashin-ingin-mayday-konser-tunggal-di-indonesia-usai-f-forever,2026-06-03 08:40:15,CNN Indonesia
923,Penyanyi A Whole New World Peabo Bryson Meninggal Dunia,Penyanyi Beauty and the Beast hingga A Whole New World Peabo Bryson meninggal dunia saat berusia 75 tahun.,https://www.cnnindonesia.com/hiburan/20260603142600-234-1364924/penyanyi-a-whole-new-world-peabo-bryson-meninggal-dunia,2026-06-03 07:40:14,CNN Indonesia
924,Sinopsis Film Colony Dibintangi Jun Ji-hyun dan Ji Chang-wook,Sinopsis Colony: Orang-orang terperangkap di gedung tertutup dan berhadapan dengan penyebaran infeksi makhluk yang terus berevolusi.,https://www.cnnindonesia.com/hiburan/20260603093658-220-1364772/sinopsis-colony-para-profesor-terperangkap-teror-wabah-zombi,2026-06-03 07:00:14,CNN Indonesia
925,"MMAJ Jakarta 2026 Digelar, Bawa Kolaborasi Budaya Jepang-Indonesia","MMAJ Jakarta 2026, festival budaya Jepang dan anime, digelar,  Event ini menghubungkan industri kreatif Indonesia-Jepang dengan berbagai aktivitas menarik.",https://www.cnnindonesia.com/hiburan/20260603124603-246-1364857/mmaj-jakarta-2026-digelar-bawa-kolaborasi-budaya-jepang-indonesia,2026-06-03 06:03:00,CNN Indonesia
926,Ashin Mayday Blak-blakan soal Debut Manggung di Indonesia,"Ashin Mayday curhat soal momen debut manggung di Indonesia lewat F✦FOREVER pada 28-30 Mei di Indonesia Arena, Jakarta.",https://www.cnnindonesia.com/hiburan/20260603105922-227-1364809/curhatan-manis-ashin-mayday-debut-di-indonesia-lewat-f-forever,2026-06-03 05:30:12,CNN Indonesia
927,Ruben Onsu Respons Keinginan Sarwendah Ambil Alih Rumah,Pihak Ruben Onsu buka suara mengenai keinginan Sarwendah mengambil alih rumah di kawasan Cilandak.,https://www.cnnindonesia.com/hiburan/20260603095906-234-1364780/ruben-onsu-respons-keinginan-sarwendah-ambil-alih-rumah,2026-06-03 04:00:11,CNN Indonesia
928,Alasan Sutradara soal Nasib Akhir Zendaya di Euphoria Season 3,Sam Levinson mengungkapkan alasan di balik nasib akhir Rue Bennett yang diperankan Zendaya dalam episode terakhir Euphoria Season 3.,https://www.cnnindonesia.com/hiburan/20260602185126-220-1364626/alasan-sutradara-soal-nasib-akhir-zendaya-di-euphoria-season-3,2026-06-03 02:30:09,CNN Indonesia
929,Jejak Brad Pitt di Anak-anaknya Terancam Makin Hilang,Jejak Brad Pitt berpeluang akan hilang dari anak-anaknya dalam waktu dekat.,https://www.cnnindonesia.com/hiburan/20260602194208-234-1364636/jejak-brad-pitt-di-anak-anaknya-terancam-makin-hilang,2026-06-03 01:00:20,CNN Indonesia
930,Backrooms Cetak Rekor Debut Box Office untuk Horor Orisinal,Backrooms berhasil mencatatkan debut terbesar dalam sejarah untuk film horor orisinal.,https://www.cnnindonesia.com/hiburan/20260602184419-220-1364622/backrooms-cetak-rekor-debut-box-office-untuk-horor-orisinal,2026-06-02 23:30:47,CNN Indonesia
931,Kenapa Opah dan Tok Dalang Tidak Menikah?,"Salah satu yang mencuri perhatian dalam Upin dan Ipin adalah kedekatan antara Opah, nenek Upin dan Ipin, dengan Tok Dalang.",https://www.cnnindonesia.com/hiburan/20260601160556-220-1364176/kenapa-opah-dan-tok-dalang-tidak-menikah,2026-06-02 22:00:49,CNN Indonesia
932,Zayn Malik Bentak dan Usir Orang yang Halangi Jalannya,"Zayn Malik tak bisa berkata lebih lembut saat jalannya terhalang saat akan berjalan menuju mobilnya di Manchester, Inggris, beberapa waktu lalu.",https://www.cnnindonesia.com/hiburan/20260602140616-234-1364508/zayn-malik-bentak-dan-usir-orang-yang-halangi-jalannya,2026-06-02 16:00:02,CNN Indonesia
933,"Dulu Akrab, Model Ini Tak Diundang Taylor Swift ke Nikahannya","Model Keleigh Sperry dan suaminya, Miles Teller, disebut tidak diundang oleh Taylor Swift ke pernikahannya dengan Travis Kelce.",https://www.cnnindonesia.com/hiburan/20260602150717-234-1364530/dulu-akrab-model-ini-tak-diundang-taylor-swift-ke-nikahannya,2026-06-02 14:00:34,CNN Indonesia
934,Euphoria Resmi Tamat setelah 3 Season,"Serial Euphoria resmi berakhir setelah tujuh tahun, tiga musim, dan 26 episode.",https://www.cnnindonesia.com/hiburan/20260602183146-220-1364617/euphoria-resmi-tamat-setelah-3-season,2026-06-02 13:00:46,CNN Indonesia
935,"Sinopsis Rambo: Last Blood, Bioskop Trans TV 2 Juni 2026",Jadwal Bioskop Trans TV hari ini (2 Juni) Rambo: The Last Blood. Berikut sinopsis Rambo: The Last Blood dibintangi Sylvester Stallone.,https://www.cnnindonesia.com/hiburan/20260526112613-220-1362458/sinopsis-rambo-last-blood-bioskop-trans-tv-2-juni-2026,2026-06-02 12:00:03,CNN Indonesia
936,"Ruben Onsu Pernah Coba Temui Anak, tapi Berujung Kecewa",Ruben Onsu disebut pernah merasa kecewa karena merasa diasingkan ketika berusaha untuk bertemu dengan anak-anaknya.,https://www.cnnindonesia.com/hiburan/20260602164610-234-1364577/ruben-onsu-pernah-coba-temui-anak-tapi-berujung-kecewa,2026-06-02 11:00:18,CNN Indonesia
937,Tom Holland Nantikan Hadirnya Spider-Man Generasi Baru,Tom Holland menantikan momen hadirnya Spider-Man generasi baru di Marvel Cinematic Universe (MCU) dan ingin terlibat dalam transisi tersebut.,https://www.cnnindonesia.com/hiburan/20260602134809-220-1364493/tom-holland-nantikan-hadirnya-spider-man-generasi-baru,2026-06-02 10:00:17,CNN Indonesia
938,Eks ART Erin Curhat Nekat Panjat Pagar Demi Kabur Temui Orang Tua,Seorang mantan asisten rumah tangga (ART) Rien Wartia Trigina alias Erin lainnya buka suara soal pengalamannya bekerja dengan mantan istri Andre Taulany itu.,https://www.cnnindonesia.com/hiburan/20260602154944-234-1364549/eks-art-erin-curhat-nekat-panjat-pagar-demi-kabur-temui-orang-tua,2026-06-02 09:00:16,CNN Indonesia
939,James Gunn Debut Pamer Kostum Lex Luthor di Man of Tomorrow,"Sutradara James Gunn membagikan tampilan perdana kostum perang ikonik Lex Luthor yang dikenakan Nicholas Hoult untuk sekuel Superman, Man of Tomorrow.",https://www.cnnindonesia.com/hiburan/20260602131657-220-1364464/james-gunn-debut-pamer-kostum-lex-luthor-di-man-of-tomorrow,2026-06-02 08:00:25,CNN Indonesia
940,Taylor Swift Rilis Lagu Tema Toy Story 5 Jumat Ini,Taylor Swift mengumumkan dirinya akan merilis lagu orisinal yang menjadi lagu tema film Toy Story 5.,https://www.cnnindonesia.com/hiburan/20260602112355-231-1364418/taylor-swift-rilis-lagu-tema-toy-story-5-jumat-ini,2026-06-02 07:00:14,CNN Indonesia
941,Sarwendah Ingin Drama dengan Ruben Selesai: Saya Lagi Cari Duit Halal,Sarwendah berharap drama masalahnya dengan Ruben Onsu soal nafkah dan kepengasuhan anak-anak mereka segera rampung.,https://www.cnnindonesia.com/hiburan/20260602112118-234-1364417/sarwendah-ingin-drama-dengan-ruben-selesai-saya-lagi-cari-duit-halal,2026-06-02 05:30:18,CNN Indonesia
942,"Ruben Sulit Temui Anak: Ayah Terasa Asing, Orang Asing Serasa Ayah","Pihak Ruben Onsu bilang pihak ""orang asing"" yang tidak ada ikatan darah justru lebih bisa leluasa bertemu anak-anaknya dengan Sarwendah dibanding dirinya.",https://www.cnnindonesia.com/hiburan/20260602102015-234-1364397/ruben-sulit-temui-anak-ayah-terasa-asing-orang-asing-serasa-ayah,2026-06-02 04:00:15,CNN Indonesia
943,Taylor Swift Rilis Lagu Tema untuk Toy Story 5 Pekan Ini,Misteri kode TS dengan tema Toy Story akhirnya terungkap.,https://www.cnnindonesia.com/hiburan/20260602091654-227-1364371/taylor-swift-rilis-lagu-tema-untuk-toy-story-5-pekan-ini,2026-06-02 02:30:14,CNN Indonesia
944,"Daftar Pengisi Suara Film Swapped, Ada Michael B. Jordan","Berikut daftar pengisi suara karakter film Swapped, termasuk Michael B. Jordan.",https://www.cnnindonesia.com/hiburan/20260522131644-220-1361187/daftar-pengisi-suara-film-swapped-ada-michael-b-jordan,2026-06-02 01:00:24,CNN Indonesia
945,Rekomendasi Drama Korea Terbaru Tayang Juni 2026,Berikut 5 rekomendasi dan sinopsis drama Korea terbaru tayang Juni 2026.,https://www.cnnindonesia.com/hiburan/20260525133109-220-1362143/5-rekomendasi-drama-korea-baru-tayang-juni-2026,2026-06-01 23:30:43,CNN Indonesia
946,5 Kartun Serupa Masha and the Bear,Berikut rekomendasi kartun serupa Masha and the Bear.,https://www.cnnindonesia.com/hiburan/20260601134904-220-1364129/rekomendasi-kartun-serupa-masha-and-the-bear,2026-06-01 22:01:06,CNN Indonesia
947,"Viral Berbahasa Indonesia, Backrooms Debut Impresif di Box Office",Film horor psikologis fiksi ilmiah Backrooms yang viral di media sosial mencatatkan pembukaan impresif di box office Amerika Utara.,https://www.cnnindonesia.com/hiburan/20260601150323-220-1364142/viral-berbahasa-indonesia-backrooms-debut-impresif-di-box-office,2026-06-01 19:03:56,CNN Indonesia
948,Nial Horan Senang Sempat Habiskan Waktu dengan Liam Payne,Niall Horan mengatakan dirinya bahagia sempat menghabiskan beberapa waktu bersama mendiang Liam Payne sebelum Payne meninggal.,https://www.cnnindonesia.com/hiburan/20260601154145-234-1364156/nial-horan-senang-sempat-habiskan-waktu-dengan-liam-payne,2026-06-01 18:02:47,CNN Indonesia
949,"Kala Zine Lagi Naik Daun di Jepang, 'AI Tak Akan Bisa Menirunya'","Di tengah penurunan industri penerbitan, zine dan penerbitan independen justru populer lagi di Jepang. Kreator dan Gen Z di Jepang mengungkap alasannya.",https://www.cnnindonesia.com/hiburan/20260601181117-241-1364236/kala-zine-lagi-naik-daun-di-jepang-ai-tak-akan-bisa-menirunya,2026-06-01 14:00:49,CNN Indonesia
950,FOTO: Army Berdoa di Kuil Memohon Dapat Tiket Konser BTS,"Para penggemar BTS memohon dengan cara berdoa di Kuil Bangka Lungshan, Taiwan, Sabtu (30/5), demi mendapatkan tiket konser BTS.",https://www.cnnindonesia.com/hiburan/20260601165136-229-1364200/foto-army-berdoa-di-kuil-memohon-dapat-tiket-konser-bts,2026-06-01 12:25:00,CNN Indonesia
951,"Sinopsis Bleeding Steel, Bioskop Trans TV 1 Juni 2026",Jadwal Bioskop Trans TV hari ini (1 Juni) Bleeding Steel. Berikut sinopsis Bleeding Steel dibintangi Jackie Chan dan Ouyang Nana.,https://www.cnnindonesia.com/hiburan/20260526115239-220-1362461/sinopsis-bleeding-steel-bioskop-trans-tv-1-juni-2026,2026-06-01 11:00:17,CNN Indonesia
952,Ashin Mayday Janji Akan Kembali ke Jakarta,"Ashin Mayday berjanji akan membawa kembali Jerry Yan, Van Ness Wu, dan Vic Chou ke Jakarta, Indonesia setelah konser F*FOREVER.",https://www.cnnindonesia.com/hiburan/20260601144758-227-1364139/ashin-mayday-janji-bawa-konser-f-forever-kembali-ke-jakarta,2026-06-01 10:05:17,CNN Indonesia
953,Review Konser: F-FOREVER City of Stars in Jakarta 2026,Review konser: FFOREVER layak diberi bintang empat hanya untuk kemegahan produksi visual yang memukau dan nilai dari momen reuni yang emosional.,https://www.cnnindonesia.com/hiburan/20260601142200-227-1364135/reuni-f-forever-jakarta-penawar-rindu-yang-belum-sempurna,2026-06-01 09:10:16,CNN Indonesia
954,"Jadwal Bioskop Trans TV Pekan Ini, 1-7 Juni 2026","Jadwal Bioskop Trans TV pekan ini, 1-7 Juni 2026, akan menghadirkan sederet film seru, termasuk film debut di layar kaca.",https://www.cnnindonesia.com/hiburan/20260601132054-220-1364111/jadwal-bioskop-trans-tv-1-7-juni-2026,2026-06-01 08:20:15,CNN Indonesia
955,Ruben dan Sarwendah Lagi-lagi Ribut Soal Duit Nafkah dan Bertemu Anak,Ruben Onsu dan Sarwendah lagi-lagi berselisih soal masalah harta serta hak berbagi pengasuhan anak.,https://www.cnnindonesia.com/hiburan/20260601114748-234-1364087/ruben-dan-sarwendah-lagi-lagi-ribut-soal-duit-nafkah-dan-bertemu-anak,2026-06-01 06:45:06,CNN Indonesia
956,INFOGRAFIS: Jadwal Tayang 9 Rekomendasi Film Baru Juni 2026,Berikut jadwal tayang film terbaru di bioskop dan layanan streaming sepanjang Juni 2026.,https://www.cnnindonesia.com/hiburan/20260526183521-223-1362657/infografis-jadwal-tayang-9-rekomendasi-film-baru-juni-2026,2026-06-01 05:00:13,CNN Indonesia
957,Kenapa Susanti Upin dan Ipin Pindah dari Indonesia ke Malaysia?,Berikut penjelasan alasan Susanti dalam Upin dan Ipin pindah dari Indonesia ke Malaysia.,https://www.cnnindonesia.com/hiburan/20260522145346-220-1361241/kenapa-susanti-upin-ipin-pindah-dari-indonesia-ke-malaysia,2026-06-01 02:50:24,CNN Indonesia
958,Dua Lipa dan Callum Turner Resmi Menikah,Dua Lipa dan Callum Turner resmi menikah.,https://www.cnnindonesia.com/hiburan/20260601074903-234-1364044/dua-lipa-dan-callum-turner-resmi-menikah,2026-06-01 01:26:17,CNN Indonesia
959,Film Swapped Menggambarkan Hewan Apa?,Berikut penjelasan karakter binatang atau hewan yang ada dalam film animasi Swapped (2026).,https://www.cnnindonesia.com/hiburan/20260521142523-220-1360810/daftar-dan-penjelasan-hewan-hewan-yang-ada-di-film-swapped,2026-05-31 21:00:00,CNN Indonesia
960,"Taylor Swift Diduga Terlibat dalam Toy Story 5, Ini Kata Pixar",Reels terbaru dari akun Instagram Pixar makin menguatkan dugaan Swifties bahwa Taylor Swift terlibat dalam produksi film Toy Story 5.,https://www.cnnindonesia.com/hiburan/20260531155039-220-1363908/taylor-swift-diduga-terlibat-dalam-toy-story-5-ini-kata-pixar,2026-05-31 19:30:00,CNN Indonesia
961,"9 Idol Kpop Comeback Juni 2026, SHINee hingga BABYMONSTER",Sedikitnya sembilan idol K-pop akan comeback sepanjang Juni 2026.,https://www.cnnindonesia.com/hiburan/20260526190504-229-1362665/intip-jadwal-9-idol-kpop-comeback-juni-2026,2026-05-31 18:00:00,CNN Indonesia
962,Emilia Clarke Bantah Rumor Dapat Gaji Fantastis dari Game of Thrones,"Pemeran Daenerys Targaryen dalam Game of Thrones, Emilia Clarke, bantah dapat gaji fantastis per episodenya dari serial oroginal HBO tersebut.",https://www.cnnindonesia.com/hiburan/20260531150707-234-1363900/emilia-clarke-bantah-rumor-dapat-gaji-fantastis-dari-game-of-thrones,2026-05-31 17:00:00,CNN Indonesia
963,FOTO: Para Musisi yang Manggung di Java Jazz Festival 2026,"Java Jazz Festival 2026 yang berlangsung 3 hari, 29-31 Mei 2026, dimeriahkan sejumlah musisi ternama. Mulai dari Slank, Yura Yunita, hingga Ella Mai.",https://www.cnnindonesia.com/hiburan/20260531193416-229-1363958/foto-para-musisi-yang-manggung-di-java-jazz-festival-2026,2026-05-31 13:45:45,CNN Indonesia
964,"Sinopsis Wrath of Man, Bioskop Trans TV 31 Mei 2026",Jadwal Bioskop Trans TV hari ini (31 Mei) Wrath of Man. Berikut sinopsis Wrath of Man dibintangi Jason Statham.,https://www.cnnindonesia.com/hiburan/20260521144530-220-1360826/sinopsis-wrath-of-man-bioskop-trans-tv-31-mei-2026,2026-05-31 12:30:00,CNN Indonesia
965,Zara Adhisty Umumkan Pernikahannya dengan Tsaqib Lewat Instagram,Zara Adhisty dan Tsaqib mengumumkan pernikahan mereka melalui akun Instagram pada Minggu (31/5).,https://www.cnnindonesia.com/hiburan/20260531181043-234-1363946/zara-adhisty-umumkan-pernikahannya-dengan-tsaqib-lewat-instagram,2026-05-31 11:35:00,CNN Indonesia
966,Chung Ha Mengaku 'Boncos' Gegara Reuni I.O.I,"Reuni I.O.I jadi salah satu yang dinanti tahun ini. Di balik respons penggemar yang hangat, rupanya ada pengorbanan besar.",https://www.cnnindonesia.com/hiburan/20260531163634-227-1363933/chung-ha-mengaku-boncos-gegara-reuni-ioi,2026-05-31 10:05:19,CNN Indonesia
967,Siapa Orang yang Ditaksir Kak Ros?,Kak Ros digambarkan sebagai sosok kakak yang tegas dan seringkali galak ke adik-adiknya.,https://www.cnnindonesia.com/hiburan/20260529165645-220-1363494/pria-ini-bikin-kak-ros-upin-ipin-tersipu-malu-dan-tak-jutek,2026-05-31 04:40:30,CNN Indonesia
968,"Konser FFOREVER Jakarta, Fans Nostalgia Meteor Garden",Rangkaian konser tiga hari F✦FOREVER City of Stars Concert Tour di Indonesia Arena resmi berakhir pada Sabtu (30/5).,https://www.cnnindonesia.com/hiburan/20260531110049-231-1363851/manis-nostalgia-di-konser-f-forever-jakarta-2026,2026-05-31 04:30:32,CNN Indonesia
969,Negara Mana yang Larang Masha and the Bear Tayang?,Beberapa negara ternyata pernah mengecam hingga melarang penayangan resmi Masha and the Bear di layar kaca.,https://www.cnnindonesia.com/hiburan/20260521135048-220-1360786/daftar-negara-yang-kecam-dan-larang-tayang-masha-and-the-bear,2026-05-31 01:50:01,CNN Indonesia
970,Masha Manggil Beruang Apa di Masha and the Bear?,Berikut penjelasan dan arti panggilan dari Masha ke beruang di Masha and the Bear.,https://www.cnnindonesia.com/hiburan/20260526165628-220-1362616/apa-panggilan-masha-ke-beruang-di-masha-and-the-bear,2026-05-30 22:06:07,CNN Indonesia
971,Siapakah Penjahat dalam Swapped?,Berikut penjelasan mengenai villain atau penjahat sesungguhnya dalam Swapped. Artikel ini mengandung spoiler.,https://www.cnnindonesia.com/hiburan/20260525183836-220-1362286/siapa-villain-dalam-film-animasi-swapped,2026-05-30 14:10:52,CNN Indonesia
972,"Sinopsis Boss Level, Bioskop Trans TV 30 Mei 2026",Jadwal Bioskop Trans TV hari ini (30 Mei) Boss Level. Berikut sinopsis Boss Level dibintangi Joe Carnahan dan Frank Grillo.,https://www.cnnindonesia.com/hiburan/20260526115706-220-1362465/sinopsis-boss-level-bioskop-trans-tv-30-mei-2026,2026-05-30 11:05:35,CNN Indonesia
973,Italia Larang Konser Kanye West dan Travis Scott karena Alasan Keamanan,Italia larang konser dua rapper AS Kanye West dan Travis Scott karena alasan keamanan.,https://www.cnnindonesia.com/hiburan/20260530165213-227-1363728/italia-larang-konser-kanye-west-travis-scott-karena-alasan-keamanan,2026-05-30 11:00:30,CNN Indonesia
974,FOTO: Ketika Perempuan Merebut Panggung Wayang Kulit,Wayang Women kelompok wayang kulit lintas negara menggunakan seni wayang untuk menghadirkan kisah dari perspektif perempuan.,https://www.cnnindonesia.com/hiburan/20260530135007-243-1363675/foto-ketika-perempuan-merebut-panggung-wayang-kulit,2026-05-30 09:00:23,CNN Indonesia
975,VOCAST CINEMA 2026 Tampilkan 10 Film Pendek Karya Mahasiswa Vokasi UI,"VOCAST CINEMA 2026 di Vokasi UI akan tayangkan 10 film pendek mahasiswa dengan tema 'Dari Lensa KITA', terbuka untuk umum dan dihadiri alumni industri.",https://www.cnnindonesia.com/hiburan/20260530153505-225-1363708/vocast-cinema-2026-tampilkan-10-film-pendek-karya-mahasiswa-vokasi-ui,2026-05-30 08:56:29,CNN Indonesia
976,Rekomendasi dan Sinopsis Drama Korea Terlaris Mei 2026,"Berikut lima rekomendasi dan sinopsis drama Korea terlaris Mei 2026, seperti Perfect Crown dan The Legend of Kitchen Soldier.",https://www.cnnindonesia.com/hiburan/20260525195313-220-1362313/5-rekomendasi-drama-korea-terlaris-mei-2026,2026-05-30 08:35:00,CNN Indonesia
977,Rafathar Ngaku Suka Lagu 'MBG Mas Bahlil Ganteng' saat Video Call,Rafathar mengaku menyukai lagu viral MBG Mas Bahlil Ganteng saat berbincang dengan Bahlil Lahadalia melalui panggilan video.,https://www.cnnindonesia.com/hiburan/20260530121654-234-1363650/rafathar-ngaku-suka-lagu-mbg-mas-bahlil-ganteng-saat-video-call,2026-05-30 06:10:21,CNN Indonesia
978,FOTO: Flash Mob Para Penari di Pasar Baru,"Sejumlah peserta Indonesia World Dance Festival (IWDF) memeriahkan kerumun kilas di area Pasar Baru, Jakarta Pusat, Sabtu (30/5).",https://www.cnnindonesia.com/hiburan/20260530095355-243-1363623/foto-flash-mob-para-penari-di-pasar-baru,2026-05-30 03:25:46,CNN Indonesia
979,Disney+ Pastikan Belum Ada Rencana Tayang Knock-Off Kim Soo-hyun,"Disney+ menegaskan belum memiliki rencana merilis Knock-Off, drama terbaru Kim Soo-hyun, dalam waktu dekat.",https://www.cnnindonesia.com/hiburan/20260528154000-220-1363145/drama-baru-kim-soo-hyun-dipastikan-tetap-ditangguhkan,2026-05-30 01:39:58,CNN Indonesia
980,Konser Day 3 F✦FOREVER Jakarta: Jadwal dan Hal yang Wajib Diketahui,Konser F✦FOREVER di Jakarta memasuki hari terakhir pada Sabtu (30/5).,https://www.cnnindonesia.com/hiburan/20260529181508-227-1363527/hari-ini-gelaran-penutup-f-forever-reuni-di-jakarta,2026-05-29 23:20:03,CNN Indonesia
981,Episode Masha and the Bear Ini Paling Banyak Ditonton di YouTube,Masha and the Bear merupakan salah satu serial animasi populer dunia.,https://www.cnnindonesia.com/hiburan/20260529164231-220-1363488/episode-masha-and-the-bear-ini-paling-banyak-ditonton-di-youtube,2026-05-29 21:00:13,CNN Indonesia
982,Brad Pitt Digugat Perusahaan Pembuat Krim untuk Penis,Brad Pitt digugat oleh perusahaan pembuat krim untuk penis.,https://www.cnnindonesia.com/hiburan/20260529180341-234-1363523/brad-pitt-digugat-perusahaan-pembuat-krim-untuk-penis,2026-05-29 16:00:23,CNN Indonesia
983,Paul McCartney: Ketenaran Taylor Swift Setara The Beatles,Paul McCartney menyebut Taylor Swift saat ini sudah setara dengan The Beatles dalam aspek popularitas.,https://www.cnnindonesia.com/hiburan/20260529100032-227-1363298/paul-mccartney-ketenaran-taylor-swift-setara-the-beatles,2026-05-29 14:00:21,CNN Indonesia
984,Review Film: Children of Heaven (2026),"Review film: Children of Heaven (2026) menjadi adaptasi emosional dengan jawaban yang ditunggu penonton 1997, meski belum bisa disebut sempurna.",https://www.cnnindonesia.com/hiburan/20260527200220-220-1362949/review-film-children-of-heaven-2026,2026-05-29 13:00:20,CNN Indonesia
985,"Semesta Nekra, Kawin Silang Memori '98 dan Fiksi ala Andre Syahreza",Keresahan situasi saat ini dan memori '98 coba dituang Andre Syahreza dalam novel fiksi bertajuk Semesta Nekra.,https://www.cnnindonesia.com/hiburan/20260526181833-241-1362652/memori-98-dan-imajinasi-andre-syahreza-dalam-semesta-nekra,2026-05-29 12:15:19,CNN Indonesia
986,"Sinopsis Gunpowder Milkshake, Bioskop Trans TV 29 Mei 2026",Jadwal Bioskop Trans TV hari ini (29 Mei) Gunpowder Milkshake. Berikut sinopsis Gunpowder Milkshake dibintangi Karen Gillan.,https://www.cnnindonesia.com/hiburan/20260526120100-220-1362467/sinopsis-gunpowder-milkshake-bioskop-trans-tv-29-mei-2026,2026-05-29 11:30:18,CNN Indonesia
987,Rekomendasi dan Sinopsis Film Baru di Bioskop 29-31 Mei 2026,"Rekomendasi film akhir pekan ini, 29-31 Mei 2026, akan diisi berbagai jenis film, mulai dari kisah menyentuh, horor, hingga petualangan penuh komedi.",https://www.cnnindonesia.com/hiburan/20260529152640-220-1363463/5-rekomendasi-film-akhir-pekan-ini-children-of-heaven-2026,2026-05-29 10:30:37,CNN Indonesia
988,Erin Ganti Pengacara Sunan Kalijaga Hadapi Kasus Dugaan Kekerasan ART,Rien Wartia Trigina mengganti kuasa hukumnya dalam menghadapi kasus dugaan kekerasan yang dilaporkan oleh mantan asisten rumah tangganya (ART).,https://www.cnnindonesia.com/hiburan/20260529162056-234-1363474/erin-ganti-pengacara-sunan-kalijaga-hadapi-kasus-dugaan-kekerasan-art,2026-05-29 09:30:56,CNN Indonesia
989,Pelaku Rencana Serang Konser Taylor Swift di Wina Divonis 15 Tahun Bui,Pelaku rencana pengeboman konser Taylor Swift di Wina pada 2024 dijatuhi hukuman 15 tahun pada Kamis (28/5).,https://www.cnnindonesia.com/hiburan/20260529143849-227-1363429/pelaku-rencana-serang-konser-taylor-swift-di-wina-divonis-15-tahun-bui,2026-05-29 08:30:30,CNN Indonesia
990,Profil Kevin Gusnadi: Pacar Baru Ayu Ting Ting Ternyata Politisi Muda,Berikut profil Kevin Gusnadi yang disebut menjadi pacar baru Ayu Ting Ting.,https://www.cnnindonesia.com/hiburan/20260529135252-234-1363414/kevin-gusnadi-politisi-muda-yang-disebut-pacar-baru-ayu-ting-ting,2026-05-29 07:30:14,CNN Indonesia
991,Ariana Grande Mulai Era Petal Lewat Hate That I Made You Love Me,"Ariana Grande resmi memulai era album terbarunya, Petal, dengan merilis single pembuka bertajuk Hate That I Made You Love Me, pada Jumat (29/5).",https://www.cnnindonesia.com/hiburan/20260529123751-227-1363368/ariana-grande-mulai-era-petal-lewat-hate-that-i-made-you-love-me,2026-05-29 06:30:13,CNN Indonesia
992,Konser Day 2 F✦FOREVER Jakarta: Jadwal dan Hal yang Wajib Diketahui,"Konser reuni F*FOREVER di Jakarta memasuki hari kedua pada Jumat, (29/5) yang akan digelar pukul 20.00 WIB.",https://www.cnnindonesia.com/hiburan/20260529111422-227-1363326/f-forever-jakarta-hari-kedua-kembali-ajak-penggemar-nostalgia,2026-05-29 05:30:23,CNN Indonesia
993,"Ayu Ting Ting Sudah Ajak Kevin ke Acara Keluarga, Ketemu Ayah Ojak","Ayu Ting Ting sudah mengajak pria yang sedang dekat dengannya, Kevin Gusnadi, ke acara keluarga dan bertemu dengan kedua orang tuanya.",https://www.cnnindonesia.com/hiburan/20260529105416-234-1363319/ayu-ting-ting-sudah-ajak-kevin-ke-acara-keluarga-ketemu-ayah-ojak,2026-05-29 04:04:54,CNN Indonesia
994,Dewi Perssik Terbang Naik Helikopter Demi Lihat Sapi Kurban Disembelih,Dewi Perssik mengaku dirinya terbang dengan helikopter demi bisa menyaksikan pemotongan hewan kurban.,https://www.cnnindonesia.com/hiburan/20260529093205-234-1363292/dewi-perssik-terbang-naik-helikopter-demi-lihat-sapi-kurban-disembelih,2026-05-29 02:36:54,CNN Indonesia
995,Kedekatan Ayu Ting Ting dan Kevin Gusnadi Terungkap di Momen Iduladha,Ayu Ting Ting dan Kevin Gusnadi dikabarkan memiliki kedekatan yang terungkap saat perayaan Iduladha. Apakah mereka akan lanjut ke jenjang pernikahan?,https://www.cnnindonesia.com/hiburan/20260529075704-234-1363253/kedekatan-ayu-ting-ting-dan-kevin-gusnadi-terungkap-di-momen-iduladha,2026-05-29 01:30:00,CNN Indonesia
996,Jun Ji-hyun Buka Suara soal Nasib Kingdom Season 3,Jun Ji-hyun buka suara soal kejelasan nasib Kingdom Season 3 yang tak kunjung jelas hingga saat ini.,https://www.cnnindonesia.com/hiburan/20260528125914-220-1363083/jun-ji-hyun-buka-suara-soal-nasib-kingdom-season-3,2026-05-29 01:00:08,CNN Indonesia
997,Daftar Teman-teman Masha and the Bear,Sejumlah hewan menjadi teman-teman yang silih berganti mewarnai cerita-cerita Masha dalam kartun anak anak tersebut.,https://www.cnnindonesia.com/hiburan/20260522121757-220-1361155/siapa-saja-teman-teman-masha-and-the-bear,2026-05-28 23:30:06,CNN Indonesia
998,Rekomendasi dan Sinopsis Drakor Dibintangi Heo Nam-jun,"Berikut 5 rekomendasi dan sinopsis drama Korea dibintangi Heo Nam-jun, selain My Royal Nemesis.",https://www.cnnindonesia.com/hiburan/20260525192612-220-1362303/5-rekomendasi-drama-korea-heo-nam-jun-selain-my-royal-nemesis,2026-05-28 21:30:36,CNN Indonesia
999,Siapa Pengisi Suara Masha and the Bear?,"Siapa saja pengisi suara Masha and the Bear, termasuk yang versi bahasa Inggris dan bahasa Indonesia?",https://www.cnnindonesia.com/hiburan/20260525143346-220-1362174/siapa-pengisi-suara-masha-and-the-bear,2026-05-28 21:00:50,CNN Indonesia
1000,Asisten Pribadi Matthew Perry Divonis Lebih dari 3 Tahun Penjara,"Asisten pribadi Matthew Perry, Kenneth Iwamasa, resmi dijatuhi hukuman 41 bulan penjara.",https://www.cnnindonesia.com/hiburan/20260528120616-234-1363056/suntik-ketamin-ke-matthew-perry-asisten-dihukum-41-bulan-penjara,2026-05-28 17:01:33,CNN Indonesia
1001,"Sinopsis Criminal, Bioskop Trans TV 28 Mei 2026",Jadwal Bioskop Trans TV hari ini (28 Mei) Criminal. Berikut sinopsis Criminal dibintangi Kevin Costner dan Ryan Reynolds.,https://www.cnnindonesia.com/hiburan/20260526120453-220-1362469/sinopsis-criminal-bioskop-trans-tv-28-mei-2026,2026-05-28 11:20:18,CNN Indonesia
1002,Rangkaian Konser 3 Hari F✦FOREVER Jakarta Dimulai Malam Ini,"Rangkaian konser tiga hari F* FOREVER di Jakarta resmi dimulai malam ini, Kamis (28/5).",https://www.cnnindonesia.com/hiburan/20260528160634-227-1363156/konser-reuni-f-forever-3-hari-di-jakarta-resmi-dimulai-malam-ini,2026-05-28 10:50:17,CNN Indonesia
1003,Satu Episode Masha and the Bear Sukses Masuk Guinness World Records,Berikut sinopsis episode terpopuler Masha and the Bear di YouTube hingga masuk Guinness World Records.,https://www.cnnindonesia.com/hiburan/20260528142401-220-1363117/episode-masha-and-the-bear-paling-banyak-ditonton-di-youtube,2026-05-28 08:55:15,CNN Indonesia
1004,Jadwal Tayang dan Sinopsis Sekawan Limo 2: Gunung Klawih,Sinopsis Sekawan Limo 2: Gunung Klawih tentang persahabatan kembali diuji tiga tahun setelah pendakian penuh drama di Gunung Madyopuro.,https://www.cnnindonesia.com/hiburan/20260526163829-220-1362610/sinopsis-sekawan-limo-2-perjuangan-lepas-jerat-tumbal-pesugihan,2026-05-28 07:30:14,CNN Indonesia
1005,Apakah Upin dan Ipin Sudah Meninggal? Ini Jawaban Kreatornya,Pihak studio ikut buka suara ketika penggemar gaduh apakah sebenarnya Upin dan Ipin sudah meninggal.,https://www.cnnindonesia.com/hiburan/20260525181734-220-1362264/fakta-di-balik-rumor-upin-ipin-sudah-meninggal,2026-05-28 05:30:12,CNN Indonesia
1006,Ayu Ting Ting Ungkap Impian Besar Naik Haji,Ayu Ting Ting mengungkapkan impian besarnya untuk menunaikan ibadah haji ke Tanah Suci di sela momentum perayaan Iduladha.,https://www.cnnindonesia.com/hiburan/20260528093028-234-1362998/ayu-ting-ting-ungkap-impian-besar-naik-haji,2026-05-28 03:22:10,CNN Indonesia
1007,"Sinopsis, Pemain, dan Jadwal Children of Heaven (2026)","Film teranyar Hanung Bramantyo, Children of Heaven (2026), resmi tayang di bioskop Indonesia pada 27 Mei 2026.",https://www.cnnindonesia.com/hiburan/20260527195522-220-1362947/sinopsis-children-of-heaven-2026-haru-abang-adik-tukeran-sepatu,2026-05-28 02:20:09,CNN Indonesia
1008,Rekomendasi Lagu-lagu Masha and the Bear di YouTube,Berikut daftar soundtrack populer Masha and the Bear yang bisa didengarkan di YouTube.,https://www.cnnindonesia.com/hiburan/20260525141550-220-1362170/daftar-5-soundtrack-populer-masha-and-the-bear,2026-05-27 23:30:06,CNN Indonesia
1009,"Jadwal Tayang dan Sinopsis Badut Gendong, Spin-Off Qodrat",Sinopsis Badut Gendong: Seniman jalanan alami tragedi kejam yang membangkitkan kekuatan jahat berakar pada ritual hingga dendam.,https://www.cnnindonesia.com/hiburan/20260525145748-220-1362185/sinopsis-badut-gendong-saat-duka-pengamen-berujung-teror,2026-05-27 15:30:56,CNN Indonesia
1010,Rekomendasi dan Sinopsis Drakor Dibintangi Lim Ji-yeon,"Berikut 5 rekomendasi dan sinopsis drama Korea dibintangi Lim Ji-yeon, selain My Royal Nemesis.",https://www.cnnindonesia.com/hiburan/20260525175450-220-1362256/5-rekomendasi-drama-korea-lim-ji-yeon-selain-my-royal-nemesis,2026-05-27 14:40:08,CNN Indonesia
1011,RI dan 7 Negara Kutuk Serangan Berulang Ekstremis Israel ke Al Aqsa,Indonesia dan tujuh negara lainnya mengutuk keras serangan berulang yang dilakukan oleh pemukim ekstremis Israel di Masjid Al Aqsa.,https://www.cnnindonesia.com/internasional/20260603192704-106-1365076/ri-7-negara-kutuk-serangan-berulang-ekstremis-israel-ke-al-aqsa,2026-06-03 13:05:45,CNN Indonesia
1012,"Trump: Kalau Bukan karena Saya, Israel Mungkin Sudah Tidak Ada",Presiden Amerika Serikat Donald Trump memamerkan Israel masih bisa bertahan saat ini karena jasanya dalam menghentikan Iran memiliki senjata nuklir.,https://www.cnnindonesia.com/internasional/20260603190120-134-1365071/trump-kalau-bukan-karena-saya-israel-mungkin-sudah-tidak-ada,2026-06-03 12:30:40,CNN Indonesia
1013,"Fakta Lapangan Beda, Pengamat Curiga Amarah Trump ke Netanyahu Palsu",Pengamat tak percaya Presiden AS Donald Trump benar-benar marah ke PM Israel Benjamin Netanyahu.,https://www.cnnindonesia.com/internasional/20260603181730-134-1365048/fakta-lapangan-beda-pengamat-curiga-amarah-trump-ke-netanyahu-palsu,2026-06-03 11:55:35,CNN Indonesia
1014,Iran soal Serangan Baru ke Kuwait: Biar Jadi Pelajaran Buat AS,Korps Garda Revolusi Islam Iran (IRGC) menilai serangan terbarunya ke Kuwait bisa menjadi pelajaran bagi AS untuk tidak macam-macam di tengah upaya perundingan.,https://www.cnnindonesia.com/internasional/20260603145709-120-1364950/iran-soal-serangan-baru-ke-kuwait-biar-jadi-pelajaran-buat-as,2026-06-03 11:20:25,CNN Indonesia
1015,"Kebakaran Hotel di New Delhi India, 21 Orang Tewas","Sebanya 21 orang tewas dan puluhan terluka dalam insiden kebakaran hotel di New Delhi, India, pada Rabu (3/6).",https://www.cnnindonesia.com/internasional/20260603171108-113-1365012/kebakaran-hotel-di-new-delhi-india-21-orang-tewas,2026-06-03 10:45:15,CNN Indonesia
1016,Prabowo Terima Kasih ke Erdogan Bantu Bebaskan WNI yang Diculik Israel,Presiden RI Prabowo Subianto menguncapkan terima kasih ke Turki atas bantuannya memulangkan sembilan WNI relawan armada kapal Global Sumud Flotilla (GSF).,https://www.cnnindonesia.com/internasional/20260603170659-106-1365010/prabowo-terima-kasih-ke-erdogan-bantu-bebaskan-wni-yang-diculik-israel,2026-06-03 10:12:41,CNN Indonesia
1017,Xi Jinping Perluas Pembersihan di Tubuh Militer China,"Pembersihan di tubuh militer China oleh Xi Jinping disebut memasuki fase yang lebih serius, memicu ketakutan di internal angkatan bersenjata.",https://www.cnnindonesia.com/internasional/20260603160436-113-1364980/xi-jinping-perluas-pembersihan-di-tubuh-militer-china,2026-06-03 09:36:26,CNN Indonesia
1018,FOTO: Penemuan Terowongan Bawah Tanah Jalur Narkoba Meksiko-AS,"Otoritas AS menemukan terowongan lintas batas yang disebut ""canggih"" yang digunakan untuk menyelundupkan narkoba dari Meksiko menuju San Diego.",https://www.cnnindonesia.com/internasional/20260603131228-136-1364868/foto-penemuan-terowongan-bawah-tanah-jalur-narkoba-meksiko-as,2026-06-03 09:35:00,CNN Indonesia
1019,Ukraina Tembak 50 Drone ke St Petersburg Jelang Forum Ekonomi Rusia,Rusia tembak jatuh puluhan drone Ukraina jelang forum ekonomi SPIEF di St Petersburg.,https://www.cnnindonesia.com/internasional/20260603152350-134-1364956/ukraina-tembak-50-drone-ke-st-petersburg-jelang-forum-ekonomi-rusia,2026-06-03 09:00:05,CNN Indonesia
1020,Amarah Trump ke Netanyahu: Sekarang Semua Orang Benci Anda!,Presiden AS Donald Trump dan PM Israel Benjamin Netanyahu dikabarkan kembali bersitegang menyusul perbedaan dalam menghadapi perang dengan Iran.,https://www.cnnindonesia.com/internasional/20260603141210-134-1364940/amarah-trump-ke-netanyahu-sekarang-semua-orang-benci-anda,2026-06-03 08:25:40,CNN Indonesia
1021,Uni Eropa Mau Sanksi Menteri-menteri Israel soal Kekerasan Relawan GSF,Uni Eropa mempertimbangkan pemberian sanksi terhadap sejumlah menteri Israel yang dicap mendukung kekerasan terhadap para relawan Global Sumud Flotilla (GSF).,https://www.cnnindonesia.com/internasional/20260603130210-120-1364867/uni-eropa-mau-sanksi-menteri-menteri-israel-soal-kekerasan-relawan-gsf,2026-06-03 07:50:50,CNN Indonesia
1022,"Drone-Rudal Iran Hantam Bandara Kuwait, Sejumlah Orang Terluka",Sejumlah orang terluka dan bangunan alami kerusakan usai drone dan rudal Iran hantam bandara internasional Kuwait pada Rabu (3/6).,https://www.cnnindonesia.com/internasional/20260603140816-120-1364906/drone-rudal-iran-hantam-bandara-kuwait-sejumlah-orang-terluka,2026-06-03 07:17:37,CNN Indonesia
1023,Rusia soal Israel Invasi Lebanon: Gencatan Senjata Cuma Kedok,Rusia sebut gencatan senjata Israel dan Lebanon yang dimediasi AS hanya kedok semata.,https://www.cnnindonesia.com/internasional/20260603125223-134-1364861/rusia-soal-israel-invasi-lebanon-gencatan-senjata-cuma-kedok,2026-06-03 06:40:35,CNN Indonesia
1024,"AS Punya Jet Tempur Siluman Terbaru Generasi Ke-6 F-47, Sekuat Apa?",Amerika Serikat akan mempunyai jet tempur baru F-47 generasi keenam yang dibuat perusahaan dirgantara Boeing.,https://www.cnnindonesia.com/internasional/20260602180555-134-1364611/as-punya-jet-tempur-siluman-terbaru-generasi-ke-6-f-47-sekuat-apa,2026-06-03 06:05:05,CNN Indonesia
1025,Media Asing Ramai-ramai Soroti Kepala BGN Dadan Dicopot Prabowo,Media asing ramai-ramai menyoroti Kepala Badan Gizi Nasional (BGN) Dadan Hindayana dicopot Presiden Indonesia Prabowo Subianto dari jabatannya.,https://www.cnnindonesia.com/internasional/20260603121843-106-1364850/media-asing-ramai-ramai-soroti-kepala-bgn-dadan-dicopot-prabowo,2026-06-03 05:34:41,CNN Indonesia
1026,"Nego Panas, Iran-AS Kembali Saling Serang sampai Kuwait Jadi Target",Serangan udara meluncur ke wilayah Kuwait saat Amerika Serikat dan Iran terlibat negosiasi panas.,https://www.cnnindonesia.com/internasional/20260603112508-120-1364819/nego-panas-iran-as-kembali-saling-serang-sampai-kuwait-jadi-target,2026-06-03 05:05:05,CNN Indonesia
1027,Menlu AS Rubio Beber Kondisi Terbaru Mojtaba: Mulai Aktif Pimpin Iran,Menteri Luar Negeri Amerika Serikat Marco Rubio membeberkan kondisi terkini pemimpin tertinggi Iran Ayatollah Mojtaba Khamanei.,https://www.cnnindonesia.com/internasional/20260603110340-120-1364810/menlu-as-rubio-beber-kondisi-terbaru-mojtaba-mulai-aktif-pimpin-iran,2026-06-03 04:35:05,CNN Indonesia
1028,Iran Akan Gelar Upacara Pemakaman Ali Khamenei di Tiga Kota,"Upacara pemakaman mendiang Pemimpin Tertinggi Iran Ayatollah Ali Khamenei rencananya diselenggarakan di tiga kota, yakni Teheran, Qom, dan Mashhad.",https://www.cnnindonesia.com/internasional/20260603103528-120-1364801/iran-akan-gelar-upacara-pemakaman-ali-khamenei-di-tiga-kota,2026-06-03 04:05:25,CNN Indonesia
1029,"Menkeu AS Klaim Iran Kolaps Washington Sita Kripto Teheran Rp17,8 T","Menteri Keuangan Amerika Serikat Scott Bessent mengaku Washington telah menyita aset mata uang kripto Iran senilai sekitar US$1 miliar (sekitar Rp17,8 triliun).",https://www.cnnindonesia.com/internasional/20260603101017-134-1364783/menkeu-as-bessent-klaim-sita-kripto-iran-rp178-t-teheran-kolaps,2026-06-03 03:35:05,CNN Indonesia
1030,Prancis Didesak Kirim Kapal Induk Bela Lebanon dari Invasi Israel,Pemerintah Prancis didesak segera mengirimkan kapal induk untuk membela Lebanon dari invasi brutal pasukan Israel.,https://www.cnnindonesia.com/internasional/20260603095440-134-1364778/prancis-didesak-kirim-kapal-induk-bela-lebanon-dari-invasi-israel,2026-06-03 03:06:00,CNN Indonesia
1031,Trump soal PM Kanada Mau Bertemu: Jadikan Negara Bagian AS Ke-51,Presiden Amerika Serikat Donald Trump kembali mengemukakan ambisinya untuk mencaplok Kanada sebagai negara bagian ke-51 AS.,https://www.cnnindonesia.com/internasional/20260603091547-134-1364767/trump-lagi-lagi-ungkit-mau-caplok-kanada-jadi-negara-bagian-as,2026-06-03 02:35:15,CNN Indonesia
1032,"Iran Izinkan 24 Kapal Lewati Selat Hormuz, 300 Lagi Daftar ke IRGC",Korps Garda Revolusi Iran (IRGC) mengumumkan telah mengizinkan 24 kapal kargo dan tanker keluar melewati Selat Hormuz sejak Senin (1/6).,https://www.cnnindonesia.com/internasional/20260603084758-120-1364763/iran-izinkan-24-kapal-lewati-selat-hormuz-300-lagi-daftar-ke-irgc,2026-06-03 02:00:55,CNN Indonesia
1033,"Terkuak, Stok Rudal Iran Masih Banyak di Wilayah Ini",Intelijen Amerika Serikat menyimpulkan Iran masih memiliki banyak stok rudal dan peluncur rudal yang disimpan di sepanjang Selat Hormuz.,https://www.cnnindonesia.com/internasional/20260603080042-120-1364748/intel-as-ungkap-stok-rudal-iran-masih-banyak-di-sepanjang-selat-hormuz,2026-06-03 01:25:05,CNN Indonesia
1034,Drone Bunuh Diri Hizbullah FPV Bikin Tentara Israel Ketakutan,Milisi Hizbullah di Lebanon mengembangkan drone bunuh diri yang bikin pasukan darat Israel begitu ketakutan di medan tempur.,https://www.cnnindonesia.com/internasional/20260603073054-120-1364727/drone-bunuh-diri-hizbullah-fpv-bikin-tentara-israel-ketakutan,2026-06-03 00:55:35,CNN Indonesia
1035,Teheran Ancam Israel Akan Hadapi Iran jika Masih Serang Lebanon,Ketua parlemen Iran Mohammad Bagher Ghalibaf memperingatkan bahwa Israel akan kembali menghadapi Teheran apabila serangan terhadap Lebanon terus dilakukan.,https://www.cnnindonesia.com/internasional/20260603064734-120-1364710/teheran-ancam-israel-akan-hadapi-iran-jika-masih-serang-lebanon,2026-06-03 00:25:05,CNN Indonesia
1036,Trump Dibikin Pusing Iran hingga Habis Kesabaran Hadapi Ulah Netanyahu,Presiden AS Donald Trump dibikin pusing karena negosiasi dengan Iran yang masih mandek malah dibuat semakin runyam oleh ulah PM Israel Benjamin Netanyahu.,https://www.cnnindonesia.com/internasional/20260602154925-120-1364551/trump-dibikin-pusing-iran-hingga-habis-kesabaran-hadapi-ulah-netanyahu,2026-06-02 23:50:05,CNN Indonesia
1037,Iran Beber Rencana Prosesi Pemakaman Ayatollah Ali Khamenei,Wakil Wali Kota Teheran Mohammed Amin Tavakolizadeh membeberkan rencana prosesi pemakaman mendiang pemimpin tertinggi Iran Ayatollah Ali Kamanei.,https://www.cnnindonesia.com/internasional/20260603055359-120-1364701/iran-beber-rencana-prosesi-pemakaman-ayatollah-ali-khamenei,2026-06-02 23:20:30,CNN Indonesia
1038,Trump Maki-maki Netanyahu hingga Israel Cuan Jual Senjata 5 Tahun,Berikut sejumlah kabar global 24 jam terakhir yang terangkum dalam Kilas Internasional pagi ini.,https://www.cnnindonesia.com/internasional/20260603052538-120-1364699/trump-maki-maki-netanyahu-hingga-israel-cuan-jual-senjata-5-tahun,2026-06-02 22:45:05,CNN Indonesia
1039,FOTO: Ratusan Rudal Ganas Rusia Hantam Ibu Kota Ukraina,"Ibu kota Ukraina, Kyiv, kembali digempur rudal-rudal ganas Rusia pada Selasa (2/6) dini hari waktu setempat.",https://www.cnnindonesia.com/internasional/20260602112424-136-1364419/foto-ratusan-rudal-ganas-rusia-hantam-ibu-kota-ukraina,2026-06-02 22:15:35,CNN Indonesia
1040,"FOTO: Mencekam Demo Tolak Karantina Ebola di Kenya, 2 Orang Tewas",Ratusan warga Kenya berunjuk rasa memprotes rencana pembangunan fasilitas karantina Ebola yang didukung Amerika Serikat di pangkalan militer.,https://www.cnnindonesia.com/internasional/20260602173316-129-1364599/foto-mencekam-demo-tolak-karantina-ebola-di-kenya-2-orang-tewas,2026-06-02 21:00:45,CNN Indonesia
1041,"FOTO: Israel Bom Kota Tyre di Lebanon Selatan, 13 Staf RS Jadi Korban",Israel luncurkan serangan bom ke kota Tyre di Lebanon selatan yang dianggap sebagai pusat komando Hizbullah.,https://www.cnnindonesia.com/internasional/20260602152816-122-1364534/foto-israel-bom-kota-tyre-di-lebanon-selatan-13-staf-rs-jadi-korban,2026-06-02 15:30:05,CNN Indonesia
1042,"Heboh Penarikan UNIFIL, Sekjen Sebut Lebanon Perlu Pasukan PBB",Sekjen PBB Antonio Guterres mengatakan perlu kehadiran PBB di Lebanon untuk menjaga,https://www.cnnindonesia.com/internasional/20260602203258-134-1364660/heboh-penarikan-unifil-sekjen-sebut-lebanon-perlu-pasukan-pbb,2026-06-02 14:01:20,CNN Indonesia
1043,"Israel Cuan, Ekspor Senjata Pecah Rekor 5 Tahun Berturut selama Perang","Israel cuan selama perang. Permintaan ekspor persenjataan, rudal, dan roket meningkat hingga total Rp342 triliun.",https://www.cnnindonesia.com/internasional/20260602202325-120-1364657/israel-cuan-ekspor-senjata-pecah-rekor-5-tahun-berturut-selama-perang,2026-06-02 13:31:14,CNN Indonesia
1044,"Rusia Luncurkan 656 Drone ke Ukraina Dalam Semalam, 12 Tewas",Belasan orang tewas dan puluhan luka-luka usai Rusia luncurkan ratusan drone dan rudal ke sejumlah kota di Ukraina.,https://www.cnnindonesia.com/internasional/20260602193247-134-1364634/rusia-luncurkan-656-drone-ke-ukraina-dalam-semalam-12-tewas,2026-06-02 12:55:00,CNN Indonesia
1045,Netanyahu: Rezim Iran Ditakdirkan untuk Jatuh,Perdana Menteri Benjamin Netanyahu mengatakan rezim Iran pada akhirnya akan jatuh.,https://www.cnnindonesia.com/internasional/20260602174514-120-1364609/netanyahu-rezim-iran-ditakdirkan-untuk-jatuh,2026-06-02 12:25:05,CNN Indonesia
1046,Tentara AS-Inggris Tewas saat Latihan Militer di Irak,Satu tentara AS dan Inggris tewas dalam kecelakaan latihan yang digelar di Irak pada 31 Mei.,https://www.cnnindonesia.com/internasional/20260602180702-134-1364612/tentara-as-inggris-tewas-saat-latihan-militer-di-irak,2026-06-02 11:50:35,CNN Indonesia
1047,"Detik-detik usai Ledakan Gudang Amunisi di Myanmar, 46 Orang Tewas","Sedikitnya 46 orang meninggal dunia dalam ledakan di sebuah gudang amunisi milik pasukan pemberontak di timur laut Myanmar, Minggu (31/5).",https://www.cnnindonesia.com/internasional/20260602124632-110-1364448/detik-detik-usai-ledakan-gudang-amunisi-di-myanmar-46-orang-tewas,2026-06-02 11:15:45,CNN Indonesia
1048,Tim Pakai Jalur Alternatif Cari 2 Penambang Emas Terjebak di Gua Laos,Sebanyak dua orang masih hilang di dalam gua yang terendam banjir di Laos sejak 20 Mei lalu.,https://www.cnnindonesia.com/internasional/20260602141253-106-1364510/tim-pakai-jalur-alternatif-cari-2-penambang-emas-terjebak-di-gua-laos,2026-06-02 10:40:40,CNN Indonesia
1049,"AS-Israel Makin 'Mesra', Kini Siapkan Jalan untuk Integrasi Militer",Kongres AS disebut tengah bahas RUU yang bertujuan mengintegrasikan kekuatan militer AS dengan Israel.,https://www.cnnindonesia.com/internasional/20260602160902-134-1364557/as-israel-makin-mesra-kini-siapkan-jalan-untuk-integrasi-militer,2026-06-02 10:05:15,CNN Indonesia
1050,Israel Gempur Area Sekitar Rumah Sakit Jabal Amel di Lebanon,"Israel melancarkan serangan di sekitar Rumah Sakit Jabal Amel di Tyre, Lebanon selatan, pada Senin (1/6).",https://www.cnnindonesia.com/internasional/20260602142929-124-1364516/israel-gempur-area-sekitar-rumah-sakit-jabal-amel-di-lebanon,2026-06-02 09:30:20,CNN Indonesia
1051,Iran Ancam AS Siap Perang Lagi jika Israel Terus Gempur Lebanon,Iran mengultimatum Amerika Serikat soal konsekuensi terhadap prospek perundingan jika serangan Israel ke Lebanon tidak dihentikan.,https://www.cnnindonesia.com/internasional/20260602135626-120-1364509/iran-ancam-as-siap-perang-lagi-jika-israel-terus-gempur-lebanon,2026-06-02 08:55:30,CNN Indonesia
1052,Rekam Jejak Pakistan Jadi Sorotan di Tengah Upaya Mediasi AS-Iran,Posisi Pakistan yang jadi fasilitator diplomasi AS-Iran tuai kritik karena sejumlah pihak pertanyakan kredibilitas Islamabad.,https://www.cnnindonesia.com/internasional/20260602133931-113-1364485/rekam-jejak-pakistan-jadi-sorotan-di-tengah-upaya-mediasi-as-iran,2026-06-02 08:20:30,CNN Indonesia
1053,"Trump Telepon Netanyahu, Desak Israel Setop Serang Hizbullah","Trump sebut Israel dan Hizbullah sepakat setop pertempuran, minta Netanyhu tak luncurkan serangan ke Beirut.",https://www.cnnindonesia.com/internasional/20260602135434-134-1364503/trump-telepon-netanyahu-desak-israel-setop-serang-hizbullah,2026-06-02 07:45:50,CNN Indonesia
1054,Mamdani Jadi Wali Kota New York Pertama yang Boikot Israel Day Parade,Wali Kota New York Zohran Mamdani memboikot parade pro-Israel tahunan yang berlangsung di kotanya pada Minggu (31/5).,https://www.cnnindonesia.com/internasional/20260602125725-134-1364488/mamdani-jadi-wali-kota-new-york-pertama-yang-boikot-israel-day-parade,2026-06-02 07:10:25,CNN Indonesia
1055,Tel Aviv Dongkol Pejabat Israel Dilarang ke Pameran Senjata Prancis,Kementerian Pertahanan Israel tak terima usai dilarang Kemhan Prancis datang ke pameran senjata di Paris.,https://www.cnnindonesia.com/internasional/20260602105835-134-1364410/tel-aviv-dongkol-pejabat-israel-dilarang-ke-pameran-senjata-prancis,2026-06-02 06:30:07,CNN Indonesia
1056,"Darurat Ebola, Negara Afrika Ini Dilanda Demo hingga Chaos",Ratusan warga Kenya berunjuk rasa memprotes rencana pembangunan fasilitas karantina Ebola di pangkalan militer.,https://www.cnnindonesia.com/internasional/20260602122442-127-1364441/darurat-ebola-negara-afrika-ini-dilanda-demo-hingga-chaos,2026-06-02 05:55:25,CNN Indonesia
1057,Media Malaysia Soroti Rupiah Anjlok dan Pelancong Singapura Serbu RI,Media Malaysia menyoroti nilai mata uang rupiah yang terus anjlok terhadap dolar Amerika Serikat dan mata uang asing lainnya.,https://www.cnnindonesia.com/internasional/20260602120810-106-1364438/media-malaysia-soroti-rupiah-anjlok-pelancong-singapura-serbu-ri,2026-06-02 05:20:06,CNN Indonesia
1058,"Jet Militer Taiwan Jatuh saat Simulasi Gagal Mesin, 2 Pilot Tewas",Pesawat latih militer Taiwan jatuh pada Selasa (2/6) saat menjalani latihan simulasi kegagalan mesin hingga menewaskan dua pilot yang berada di dalamnya.,https://www.cnnindonesia.com/internasional/20260602111635-113-1364430/jet-militer-taiwan-jatuh-saat-simulasi-gagal-mesin-2-pilot-tewas,2026-06-02 04:46:17,CNN Indonesia
1059,"Gudang Amunisi Pemberontak Myanmar Meledak, 46 Orang Tewas","Sedikitnya 46 orang meninggal dunia dalam ledakan di sebuah gudang amunisi milik pasukan pemberontak di timur laut Myanmar, Minggu (31/5).",https://www.cnnindonesia.com/internasional/20260602095945-106-1364388/gudang-amunisi-pemberontak-myanmar-meledak-46-orang-tewas,2026-06-02 04:10:01,CNN Indonesia
1060,Trump Damprat Netanyahu: Kamu Gila! Dunia Benci Israel karena Anda,Presiden Donald Trump dilaporkan habis kesabaran menghadapi kelakuan PM Israel Benjamin Netanyahu lantaran mengganggu perundingan Amerika Serikat dan Iran.,https://www.cnnindonesia.com/internasional/20260602094959-134-1364383/trump-ngamuk-ke-netanyahu-soal-iran-kamu-gila-saya-menolong-anda,2026-06-02 03:35:35,CNN Indonesia
1061,"Teheran-Washington Lanjut Nego, Trump 'Pede' AS-Iran Deal Pekan Depan",Pemerintah Iran memastikan kembali melanjutkan komunikasi dengan pemerintah Amerika Serikat untuk negosiasi menghentikan perang.,https://www.cnnindonesia.com/internasional/20260602094622-120-1364381/teheran-washington-lanjut-nego-trump-pede-as-iran-deal-pekan-depan,2026-06-02 03:05:20,CNN Indonesia
1062,"Pasukan Israel Invasi Lebanon, Bongkar hingga Menjarah Rumah Warga",Pasukan militer Israel disebut merusak hingga menjarah rumah penduduk saat meluncurkan invasi ke Lebanon selatan.,https://www.cnnindonesia.com/internasional/20260602090512-120-1364367/pasukan-israel-invasi-lebanon-bongkar-hingga-menjarah-rumah-warga,2026-06-02 02:35:05,CNN Indonesia
1063,"Filipina Kerepotan Ulah Buruk Turis Israel, Ribut-Serang Pemilik Usaha",Otoritas Filipina mulai dibuat kerepotan oleh ulah buruk para pelancong dari warga negara Israel dalam beberapa bulan terakhir.,https://www.cnnindonesia.com/internasional/20260602084150-106-1364361/filipina-kerepotan-ulah-buruk-turis-israel-ribut-serang-pemilik-usaha,2026-06-02 01:50:25,CNN Indonesia
1064,AS Uji Coba Robot Tentara Humanoid Bantu Ukraina Lawan Rusia,Sebuah perusahaan robot di Amerika Serikat mengembangkan robot humanoid tentara untuk dikerahkan di medan pertempuran.,https://www.cnnindonesia.com/internasional/20260602075704-134-1364344/as-uji-coba-robot-tentara-humanoid-bantu-ukraina-lawan-rusia,2026-06-02 01:15:11,CNN Indonesia
1065,Ibu Kota Ukraina Kembali Dihantam Rudal-rudal Ganas Rusia,"Ibu kota Ukraina, Kyiv, kembali digempur rudal-rudal ganas Rusia pada Selasa (2/6) dini hari waktu setempat.",https://www.cnnindonesia.com/internasional/20260602070835-134-1364311/ibu-kota-ukraina-kembali-dihantam-rudal-rudal-ganas-rusia,2026-06-02 00:40:30,CNN Indonesia
1066,"Jerman Tutup Pusat Riset AI di Israel, Ada Apa?","Perusahaan teknologi dan teknik asal Jerman, Bosch, memutuskan menutup dua kantor penelitian kecerdasan buatan (AI) di Israel.",https://www.cnnindonesia.com/internasional/20260602064931-120-1364306/jerman-tutup-pusat-riset-ai-di-israel-ada-apa,2026-06-02 00:02:01,CNN Indonesia
1067,Trump Gerah soal Iran Ancam Setop Negosiasi: Saya Tak Peduli,Presiden Amerika Serikat Donald Trump mulai gerah dengan ancaman Iran yang akan menyetop proses negosiasi tanpa kesepakatan.,https://www.cnnindonesia.com/internasional/20260602061417-120-1364293/trump-gerah-soal-iran-ancam-setop-negosiasi-saya-tak-peduli,2026-06-01 23:30:20,CNN Indonesia
1068,"Abaikan Trump, Netanyahu Perintahkan Israel Tetap Bombardir Lebanon",PM Israel Benjamin Netanyahu mengabaikan upaya Presiden AS Donald Trump mempertemukan Tel Aviv dan Hizbullah untuk negosiasi gencatan senjata.,https://www.cnnindonesia.com/internasional/20260602054342-120-1364289/abaikan-trump-netanyahu-perintahkan-israel-tetap-bombardir-lebanon,2026-06-01 23:05:15,CNN Indonesia
1069,"Iran Serang Kuwait Lagi, Arab Saudi Geram",Kementerian Pertahanan Kuwait melaporkan terjadi serangan-serangan rudal dan drone oleh Iran ke wilayah mereka.,https://www.cnnindonesia.com/internasional/20260602051902-120-1364287/iran-serang-kuwait-lagi-arab-saudi-geram,2026-06-01 22:40:04,CNN Indonesia
1070,"Serangan Udara Rusia Meningkat Signifikan, Ukraina Minta Bantuan Trump",Permohonan ini diajukan langsung oleh Presiden Ukraina Volodymyr Zelensky kepada Presiden AS Donald Trump.,https://www.cnnindonesia.com/internasional/20260601205515-134-1364262/serangan-udara-rusia-meningkat-signifikan-ukraina-minta-bantuan-trump,2026-06-01 15:40:23,CNN Indonesia
1071,Iran Janji bakal Permudah Kapal Jepang Melintasi Selat Hormuz,Presiden Iran Masoud Pezeshkian berjanji akan memfasilitasi pelayaran bagi kapal-kapal Jepang yang melintasi Selat Hormuz.,https://www.cnnindonesia.com/internasional/20260601202040-120-1364258/iran-janji-bakal-permudah-kapal-jepang-melintasi-selat-hormuz,2026-06-01 15:30:49,CNN Indonesia
1072,FOTO: Penampakan Kastil Beaufort yang Dicaplok Israel dari Lebanon,Israel menduduki Kastil Beaufort di Lebanon selatan kala melancarkan agresi yang semakin meluas di Lebanon dengan dalih memerangi milisi Hizbullah sekutu Iran.,https://www.cnnindonesia.com/internasional/20260601160204-122-1364169/foto-penampakan-kastil-beaufort-yang-dicaplok-israel-dari-lebanon,2026-06-01 15:00:01,CNN Indonesia
1073,Iran Tangguhkan Perundingan dengan AS Buntut Israel Bombardir Lebanon,Iran menangguhkan perundingan dengan Amerika Serikat (AS) sebagai bentuk protes terhadap serangan brutal Israel di Lebanon.,https://www.cnnindonesia.com/internasional/20260601210335-120-1364265/iran-tangguhkan-perundingan-dengan-as-buntut-israel-bombardir-lebanon,2026-06-01 14:09:53,CNN Indonesia
1074,FOTO: Warga Mengungsi Imbas Ancaman Serangan Israel ke Beirut Lebanon,Warga Lebanon mengungsi setelah PM Israel Benjamin Netanyahu memerintahkan pasukannya bergerak lebih jauh menggempur Hizbullah di Lebanon selatan.,https://www.cnnindonesia.com/internasional/20260601182614-122-1364239/foto-warga-mengungsi-imbas-ancaman-serangan-israel-ke-beirut-lebanon,2026-06-01 13:35:17,CNN Indonesia
1075,Jaksa Agung Israel Nyatakan Demokrasi Menurun di Bawah Netanyahu,"Jaksa Agung Israel memperingatkan kemunduran demokrasi di bawah Netanyahu, menyoroti penurunan independensi peradilan dan pengabaian putusan pengadilan.",https://www.cnnindonesia.com/internasional/20260601175645-120-1364231/jaksa-agung-israel-nyatakan-demokrasi-menurun-di-bawah-netanyahu,2026-06-01 12:55:39,CNN Indonesia
1076,Trump Cap Demokrat dan Oposisi di Republik Bikin Susah Nego dengan Iran,"Presiden Donald Trump menyindir Partai Demokrat dan sejumlah politikus partainya, Republik, justru mempersulit upayanya mencapai kesepakatan dengan Teheran.",https://www.cnnindonesia.com/internasional/20260601173238-120-1364219/trump-cap-demokrat-oposisi-di-republik-bikin-susah-nego-dengan-iran,2026-06-01 12:10:00,CNN Indonesia
1077,Iran Ngotot Gencatan Israel di Lebanon Jadi Syarat Deal dengan AS,Iran menegaskan gencatan senjata di Lebanon tetap menjadi syarat utama bagi kesepakatan apa pun dengan AS untuk mengakhiri perang.,https://www.cnnindonesia.com/internasional/20260601171557-120-1364217/iran-ngotot-gencatan-israel-di-lebanon-jadi-syarat-deal-dengan-as,2026-06-01 11:10:00,CNN Indonesia
1078,Apa Itu Kastil Beaufort yang Direbut Israel dan Dicap Tembok Ketakutan?,Israel mengeklaim telah menduduki Kastil Beaufort yang berada di Lebanon selatan menyusul agresi militernya yang makin dalam ke wilayah Lebanon.,https://www.cnnindonesia.com/internasional/20260601163609-120-1364208/apa-itu-kastil-beaufort-yang-direbut-israel-dicap-tembok-ketakutan,2026-06-01 10:35:00,CNN Indonesia
1079,Arab Saudi Resmi Buka Visa Umrah Usai Ibadah Haji Rampung,Pemerintah Arab Saudi secara resmi membuka musim umrah 1448 H. Visa untuk jemaah internasional mulai diterbitkan 31 Mei 2026.,https://www.cnnindonesia.com/internasional/20260601162328-120-1364192/arab-saudi-resmi-buka-visa-umrah-usai-ibadah-haji-rampung,2026-06-01 09:58:01,CNN Indonesia
1080,DK PBB Gelar Pertemuan Darurat Usai Israel Caplok Beaufort di Lebanon,Dewan Keamanan PBB menggelar pertemuan darurat terkait aksi militer Israel merebut Kastil Beaufort di Lebanon. Netanyahu perintahkan perluasan kendali militer.,https://www.cnnindonesia.com/internasional/20260601132957-120-1364115/dk-pbb-gelar-pertemuan-darurat-usai-israel-caplok-beaufort-di-lebanon,2026-06-01 07:52:00,CNN Indonesia
1081,Netanyahu Pamer Caplok Beaufort: Israel Hancurkan Tembok Ketakutan,"Perdana Menteri Benjamin Netanyahu mengumumkan keberhasilan pasukan Israel merebut Kastil Beaufort di Lebanon selatan, Senin (1/6).",https://www.cnnindonesia.com/internasional/20260601133250-120-1364118/netanyahu-pamer-caplok-beaufort-israel-hancurkan-tembok-ketakutan,2026-06-01 07:10:01,CNN Indonesia
1082,Prancis Kembali Cegat Kapal Tanker Milik Rusia,Prancis telah menahan sebuah kapal tanker minyak diduga milik Rusia di Samudra Atlantik. Pencegatan tersebut mendapat dukungan dari Inggris.,https://www.cnnindonesia.com/internasional/20260601131454-134-1364109/prancis-kembali-cegat-kapal-tanker-milik-rusia,2026-06-01 06:55:02,CNN Indonesia
1083,Timteng Panas Lagi! Iran Bombardir Pangkalan AS di Timur Tengah,Garda Revolusi Iran menargetkan sebuah pangkalan di Timur Tengah yang diklaim digunakan militer Amerika Serikat untuk menyerang wilayah di negaranya.,https://www.cnnindonesia.com/internasional/20260601121959-120-1364102/timteng-panas-lagi-iran-bombardir-pangkalan-as-di-timur-tengah,2026-06-01 06:11:00,CNN Indonesia
1084,"Pemukim Ilegal Israel Serbu Al Aqsa, Yordania Murka",Pemukim ilegal Israel menyerbu Masjid Al-Aqsa di Yerusalem Timur di bawah perlindungan polisi pada Minggu (31/5).,https://www.cnnindonesia.com/internasional/20260601124237-120-1364103/pemukim-ilegal-israel-serbu-al-aqsa-yordania-murka,2026-06-01 05:46:24,CNN Indonesia
1085,"Trump saat Dikit Lagi Capai Deal dengan Iran: Hello, Greenland!",Greenland kembali jadi perhatian Presiden Donald Trump ketika AS sedikit lagi mengakhiri perang yang berlangsung sejak 28 Februari lalu dengan Iran.,https://www.cnnindonesia.com/internasional/20260601095023-134-1364085/trump-saat-dikit-lagi-capai-deal-dengan-iran-hello-greenland,2026-06-01 04:36:12,CNN Indonesia
1086,"Dino Patti Djalal Soroti Kunker Luar Negeri Prabowo, Bakom Buka Suara",Dino memberi masukan agar diplomasi dengan pemimpin negara lain lebih banyak dilakukan secara online atau dengan menerima kunjungan di dalam negeri.,https://www.cnnindonesia.com/internasional/20260530193858-106-1363752/dino-patti-djalal-soroti-kunker-luar-negeri-prabowo-bakom-buka-suara,2026-06-01 01:00:07,CNN Indonesia
1087,"Penegakan Hukum Makin Ketat, Kelompok LGBTQ Malaysia Lebih Hati-hati",Otoritas Malaysia menunjukkan langkah-langkah penegakan hukum ketat terutama terhadap kegiatan kelompok LGBTQ.,https://www.cnnindonesia.com/internasional/20260531152248-106-1363903/penegakan-hukum-makin-ketat-kelompok-lgbtq-malaysia-lebih-hati-hati,2026-05-31 20:00:00,CNN Indonesia
1088,"Serapan Kata Prancis yang Kerap Tabu di RI, 'Dibumikan' Tan Malaka","Dalam lawatannya ke Prancis, Presiden RI Prabowo Subianto bertemu dengan Presiden Prancis Emmanuel Macron di Paris, Kamis pekan lalu.",https://www.cnnindonesia.com/internasional/20260531153136-106-1363905/serapan-dari-kosa-kata-prancis-yang-kerap-tabu-bagi-politik-ri,2026-05-31 19:00:00,CNN Indonesia
1089,"Sejarah Kapal Induk AS, Modif Pengangkut Batu Bara hingga Era Nuklir",Sejarah pembuatan kapal induk Amerika Serikat dimulai sejak pertengahan abad ke-20.,https://www.cnnindonesia.com/internasional/20260526165320-134-1362615/sejarah-kapal-induk-as-modif-pengangkut-batu-bara-hingga-era-nuklir,2026-05-31 16:30:06,CNN Indonesia
1090,WHO: Lima Pasien Pulih dari Ebola Langka di Kongo Timur,Direktur Jenderal WHO Tedros Adhanom Ghebreyesus melaporkan ada 5 pasien yang dilaporkan pulih dari Ebola jenis Bundibugyo pada Minggu (31/5).,https://www.cnnindonesia.com/internasional/20260531185337-127-1363953/who-lima-pasien-pulih-dari-ebola-langka-di-kongo-timur,2026-05-31 12:10:40,CNN Indonesia
1091,"Badai Pasir Ekstrem Terjang India, Jarak Pandang Menurun Drastis","Badai pasir dahsyat melanda sebagian wilayah Rajasthan, India, pada Sabtu (30/5).",https://www.cnnindonesia.com/internasional/20260531144506-117-1363897/badai-pasir-ekstrem-terjang-india-jarak-pandang-menurun-drastis,2026-05-31 09:25:25,CNN Indonesia
1092,Trump Klaim Iran Setuju Tak Akan Pernah Bikin Senjata Nuklir,Presiden AS Donald Trump sesumbar Iran sepakat tak akan mempunyai senjata nuklir menyusul negosiasi kedua negara untuk mengakhiri perang.,https://www.cnnindonesia.com/internasional/20260531144016-134-1363896/trump-klaim-iran-setuju-tak-akan-pernah-bikin-senjata-nuklir,2026-05-31 08:45:35,CNN Indonesia
1093,"Prabowo Bawa 4 'Oleh-oleh' dari Prancis, Apa Saja?","Kunjungan Presiden Prabowo ke Prancis menghasilkan kerja sama strategis senilai US$3,5 miliar, mencakup sektor pertahanan, energi, dan pendidikan.",https://www.cnnindonesia.com/internasional/20260531143821-134-1363895/prabowo-bawa-4-oleh-oleh-dari-prancis-apa-saja,2026-05-31 07:50:42,CNN Indonesia
1094,"Warga India Geger Rumor Perempuan Berubah Jadi Ular, Ini Faktanya",Warga di India geger usai muncul rumor perempuan berubah jadi ular atau yang biasa mereka sebut 'Nagin.',https://www.cnnindonesia.com/internasional/20260531115354-113-1363856/warga-india-geger-rumor-perempuan-berubah-jadi-ular-ini-faktanya,2026-05-31 05:10:20,CNN Indonesia
1095,'Hawa Neraka' Gelombang Panas di India Ancam Puluhan Ribu Nyawa,'Hawa neraka' gelombang panas di India semakin brutal dan diperkirakan mengancam puluhan ribu nyawa warga di sejumlah kota.,https://www.cnnindonesia.com/internasional/20260531113818-113-1363854/hawa-neraka-gelombang-panas-di-india-ancam-puluhan-ribu-nyawa,2026-05-31 05:00:02,CNN Indonesia
1096,AS Beri Sinyal Siap Lanjut Perang Lagi dengan Iran,Amerika Serikat buka peluang untuk melanjutkan perang dengan Iran menyusul kesepakatan damai kedua negara itu masih belum jelas.,https://www.cnnindonesia.com/internasional/20260531110154-120-1363852/as-beri-sinyal-siap-lanjut-perang-lagi-dengan-iran,2026-05-31 04:10:22,CNN Indonesia
1097,"Viral Robot Humanoid Ikut Salat Idul Adha di Dubai, Picu Polemik",Robot humanoid di Uni Emirat Arab (UEA) viral di media sosial usai ikut salat Idul Adha berjamaah di masjid di Dubai pada Jumat (27/5).,https://www.cnnindonesia.com/internasional/20260531095633-120-1363835/viral-robot-humanoid-ikut-salat-idul-adha-di-dubai-picu-polemik,2026-05-31 03:40:04,CNN Indonesia
1098,"Perempuan Ini Klaim Miliki Matahari, Minta Penduduk Bumi Bayar",Perempuan Spanyol Angeles Duran pernah mengeklaim jadi pemilik pusat tata surya matahari dan meminta penduduk bumi untuk membayar.,https://www.cnnindonesia.com/internasional/20260531093723-134-1363833/perempuan-ini-klaim-miliki-matahari-minta-penduduk-bumi-bayar,2026-05-31 03:30:30,CNN Indonesia
1099,Kota Bawah Tanah Terbesar di Dunia yang Terkuak Gara-gara Ayam Hilang,"Memiliki kedalaman lebih dari 85 meter dengan 18 tingkatan terowongan, Derinkuyu di Cappadocia, Turki, dinobatkan sebagai kota bawah tanah terbesar di dunia.",https://www.cnnindonesia.com/gaya-hidup/20260603111726-269-1364816/kota-bawah-tanah-terbesar-di-dunia-yang-terkuak-gara-gara-ayam-hilang,2026-06-03 13:00:01,CNN Indonesia
1100,"Jangan Tunggu Keriput, Ini Tanda Kolagen Kamu Mulai Amblas","Penurunan kolagen pada kulit Asia sering kali memicu wajah kendur dibanding keriput. Yuk, deteksi dini lewat tes sederhana ini!",https://www.cnnindonesia.com/gaya-hidup/20260603150037-255-1364955/jangan-tunggu-keriput-ini-tanda-kolagen-kamu-mulai-amblas,2026-06-03 12:15:01,CNN Indonesia
1101,"Lemak Penting untuk MPASI, Dokter Ungkap Manfaatnya bagi Otak Anak",Lemak bukan musuh bagi anak. Dokter menjelaskan peran penting lemak dalam MPASI untuk mendukung tumbuh kembang dan kesehatan otak.,https://www.cnnindonesia.com/gaya-hidup/20260603182738-262-1365051/lemak-penting-untuk-mpasi-dokter-ungkap-manfaatnya-bagi-otak-anak,2026-06-03 11:34:59,CNN Indonesia
1102,Biaya Visa dan Izin Tinggal Warga Asing di Jepang Bakal Naik Drastis,Regulasi anyar ini mengizinkan pemerintah Jepang menaikkan biaya administrasi keimigrasian buat warga asing hingga 30 kali lipat dari batas tarif saat ini.,https://www.cnnindonesia.com/gaya-hidup/20260603080619-269-1364749/biaya-visa-dan-izin-tinggal-warga-asing-di-jepang-bakal-naik-drastis,2026-06-03 11:30:07,CNN Indonesia
1103,"Makan Cepat Ternyata Bisa Ungkap Kepribadian, Apa Saja?","Kebiasaan makan cepat disebut bisa mencerminkan pribadi yang ambisius, produktif, dan berani mencoba hal baru.",https://www.cnnindonesia.com/gaya-hidup/20260603142037-284-1364912/makan-cepat-ternyata-bisa-ungkap-kepribadian-apa-saja,2026-06-03 10:45:25,CNN Indonesia
1104,"Masuk Ancol Gratis 8-19 Juni 2026, Cek Dulu Cara dan Syaratnya",Taman Impian Jaya Ancol secara resmi menggelar program tiket masuk gratis bagi masyarakat umum yang berlaku selama periode 8 hingga 19 Juni 2026.,https://www.cnnindonesia.com/gaya-hidup/20260603153022-269-1364959/masuk-ancol-gratis-8-19-juni-2026-cek-dulu-cara-dan-syaratnya,2026-06-03 10:00:01,CNN Indonesia
1105,FOTO: Harta Karun Wine Milik Joseph Stalin Terungkap,"Pemerintah Georgia untuk pertama kalinya membuka ruang penyimpanan botol anggur langka yang pernah menjadi koleksi pemimpin Uni Soviet, Joseph Stalin.",https://www.cnnindonesia.com/gaya-hidup/20260311103231-264-1336699/foto-harta-karun-wine-milik-joseph-stalin-terungkap,2026-06-03 09:30:26,CNN Indonesia
1106,"Ini 6 Ciri-ciri Orang 'Toxic', Tak Sekadar Manipulatif","Orang yang menyebalkan sering disebut sebagai 'orang-orang toxic'. Tapi, sebenarnya apa saja ciri-ciri orang toxic?",https://www.cnnindonesia.com/gaya-hidup/20260603114209-284-1364827/ini-6-ciri-ciri-orang-toxic-tak-sekadar-manipulatif,2026-06-03 09:00:40,CNN Indonesia
1107,"5 Tempat Terbaik di Dunia untuk Melihat Sunset, View-nya Bikin Takjub",Destinasi ini dinilai unggul karena popularitas hingga keindahan panorama saat senja tiba. Berikut tempat sunset terbaik dunia.,https://www.cnnindonesia.com/gaya-hidup/20260522095736-269-1361097/5-tempat-terbaik-di-dunia-untuk-melihat-sunset-view-nya-bikin-takjub,2026-06-03 08:00:21,CNN Indonesia
1108,Awas! Ini yang Terjadi pada Otak Anak Saat Nonton Video Pendek,Orang tua perlu waspada akan dampak serius dari konsumsi video pendek terhadap otak anak.,https://www.cnnindonesia.com/gaya-hidup/20260603103018-255-1364799/awas-ini-yang-terjadi-pada-otak-anak-saat-nonton-video-pendek,2026-06-03 07:00:27,CNN Indonesia
1109,"Alami Tik Sindrom Tourette dan Sebut 'Bom', Remaja Diusir dari Pesawat",Insiden ini memicu protes pihak keluarga yang menuduh maskapai asal Inggris itu telah melakukan tindakan diskriminasi nyata terhadap penyandang disabilitas.,https://www.cnnindonesia.com/gaya-hidup/20260602134633-269-1364491/alami-tik-sindrom-tourette-dan-sebut-bom-remaja-diusir-dari-pesawat,2026-06-03 06:00:09,CNN Indonesia
1110,"Bikin Sakit Kepala, Apa yang Terjadi pada Tubuh saat Memakan Es Krim?","Pada beberapa orang, konsumsi es krim bisa bikin sakit kepala. Pertanyaannya, apa yang terjadi pada tubuh saat memakan es krim?",https://www.cnnindonesia.com/gaya-hidup/20260602193706-255-1364635/bikin-sakit-kepala-apa-yang-terjadi-pada-tubuh-saat-memakan-es-krim,2026-06-03 05:00:50,CNN Indonesia
1111,FOTO: Menyusuri 'Jalan Kematian' yang Horor dan Legendaris di Bolivia,"Spesifikasi jalan Yungas Road di Bolivia sangat tak masuk akal untuk standar keselamatan modern. Jalanan berliku ini menurun tajam sejauh sekitar 3,5 kilometer.",https://www.cnnindonesia.com/gaya-hidup/20260602163045-272-1364568/foto-menyusuri-jalan-kematian-yang-horor-dan-legendaris-di-bolivia,2026-06-03 04:15:05,CNN Indonesia
1112,"Datang Terlalu Cepat, Ini Alasan Uban Mulai Muncul di Usia 20-an","Kemunculan uban pada anak muda kini tergolong dini. Di usia 20-an pada orang tertentu, rambut abu sudah mulai muncul. Apa penyebabnya?",https://www.cnnindonesia.com/gaya-hidup/20260430155320-255-1353891/datang-terlalu-cepat-ini-alasan-uban-mulai-muncul-di-usia-20-an,2026-06-03 03:30:20,CNN Indonesia
1113,"Yungas Road, 'Jalan Kematian' yang Terus Telan Korban Turis Asing","Maut yang membayangi Yungas Road, jalur legendaris di Bolivia yang dunia kenal dengan julukan mengerikan: ""Death Road"" atau Jalan Kematian.",https://www.cnnindonesia.com/gaya-hidup/20260602125936-269-1364459/yungas-road-jalan-kematian-yang-terus-telan-korban-turis-asing,2026-06-03 02:45:21,CNN Indonesia
1114,Momen Khidmat Suku Tengger Bromo Jalani Ritual Yadnya Kasada 2026,"Ribuan warga Suku Tengger Bromo, Probolinggo menggelar upacara adat Yadnya Kasada 1946 Saka pada Senin (1/6).",https://www.cnnindonesia.com/gaya-hidup/20260602203929-274-1364663/momen-khidmat-suku-tengger-bromo-jalani-ritual-yadnya-kasada-2026,2026-06-03 02:30:11,CNN Indonesia
1115,"Ternyata Diet Intermittent Ubah Kerja Otak, Ini Buktinya","Dalam riset terbaru, diet intermittent dapat memberikan perubahan pada area otak yang berkaitan dengan nafsu makan.",https://www.cnnindonesia.com/gaya-hidup/20260603082625-255-1364753/ternyata-diet-intermittent-ubah-kerja-otak-ini-buktinya,2026-06-03 02:00:55,CNN Indonesia
1116,"Geger Hiu Raksasa 5,8 Meter Buntuti Kapal Turis di Selandia Baru","Sebuah foto spektakuler yang mengabadikan momen seekor hiu putih raksasa tengah membayangi kapal wisata di perairan Bluff, Selandia Baru, mendadak viral.",https://www.cnnindonesia.com/gaya-hidup/20260602161920-269-1364563/geger-hiu-raksasa-58-meter-buntuti-kapal-turis-di-selandia-baru,2026-06-03 01:15:12,CNN Indonesia
1117,30 Kota Paling Ramah Pejalan Kaki di Dunia 2026 versi GuruWalk,Jalan kaki menawarkan pengalaman wisata yang berbeda dan lebih menyenangkan. Berikut beberapa kota yang patut dijelajahi.,https://www.cnnindonesia.com/gaya-hidup/20260603071331-269-1364723/30-kota-paling-ramah-pejalan-kaki-di-dunia-2026-versi-guruwalk,2026-06-03 00:30:53,CNN Indonesia
1118,"6 Tanda Mata Merah Bisa Jadi Masalah Serius, Segera ke Dokter","Mata merah sebenarnya bisa hilang dengan sendirinya. Namun jika menemukan tanda-tanda berikut, berarti kamu perlu memeriksakan diri ke dokter.",https://www.cnnindonesia.com/gaya-hidup/20260519145959-255-1360022/6-tanda-mata-merah-bisa-jadi-masalah-serius-segera-ke-dokter,2026-06-02 23:45:44,CNN Indonesia
1119,"7 Tanda Anak Sebenarnya Butuh Perhatian Orang Tua, Bukan Nakal",Kenakalan anak terkadang jadi tanda mereka sebenarnya butuh perhatian orang tua. Perhatikan apa saja tanda-tandanya agar Anda bisa meresponsnya dengan tepat.,https://www.cnnindonesia.com/gaya-hidup/20260602154849-284-1364548/7-tanda-anak-sebenarnya-butuh-perhatian-orang-tua-bukan-nakal,2026-06-02 23:00:22,CNN Indonesia
1120,Ini 8 Cara Bertamu di Rumah Orang yang Bikin Kamu Diundang Lagi,"Ada sejumlah adab bertamu yang jika kamu terapkan, bakal bikin tuan rumah senang dan mengundang kamu kembali. Apa saja itu?",https://www.cnnindonesia.com/gaya-hidup/20260401100209-284-1343220/ini-8-cara-bertamu-di-rumah-orang-yang-bikin-kamu-diundang-lagi,2026-06-02 21:30:20,CNN Indonesia
1121,"Hubungan Langgeng, Ini 5 Tindakan Pasangan dengan Emotional Security",Memiliki pasangan yang miliki emotional security itu penting agar hubungan tetap langgeng meski terkadang cinta terasa hambar.,https://www.cnnindonesia.com/gaya-hidup/20260331084547-284-1342793/hubungan-langgeng-ini-5-tindakan-pasangan-dengan-emotional-security,2026-06-02 19:00:16,CNN Indonesia
1122,"Hati-hati, Jamur di Dinding Rumah Bisa Picu Masalah Pernapasan","Dalam banyak kasus, paparan jamur di tembok rumah lebih sering memicu atau memperburuk gejala pernapasan.",https://www.cnnindonesia.com/gaya-hidup/20260429122534-255-1353363/hati-hati-jamur-di-dinding-rumah-bisa-picu-masalah-pernapasan,2026-06-02 16:30:57,CNN Indonesia
1123,"Bukan Kolot, Ini 7 Kepribadian Orang yang Jiwanya Tua","Kepribadian orang yang jiwanya tua bukan soal kolot atau ketinggalan zaman. Sebaliknya, malah bijaksana dan empati tinggi.",https://www.cnnindonesia.com/gaya-hidup/20260602175135-284-1364608/bukan-kolot-ini-7-kepribadian-orang-yang-jiwanya-tua,2026-06-02 13:44:27,CNN Indonesia
1124,Uban di Usia Muda Normal Enggak? Ini 4 Penyebabnya,Tak sedikit orang mulai menemukan rambut berubah sejak usia belasan atau usian 20-an. Apa saja penyebab uban di usia muda?,https://www.cnnindonesia.com/gaya-hidup/20260522160202-277-1361302/uban-di-usia-muda-normal-enggak-ini-4-penyebabnya,2026-06-02 13:00:14,CNN Indonesia
1125,"Ironi Peringkat Kedua Kota Teraman di ASEAN, tapi Dijuluki Gotham City","Demi memperketat pengalaman di setiap sudut ibu kota, Pemprov DKI mengintegrasikan sedikitnya 24.000 kamera pengawas (CCTV) di seluruh wilayah Jakarta.",https://www.cnnindonesia.com/gaya-hidup/20260602150344-269-1364532/ironi-peringkat-kedua-kota-teraman-di-asean-tapi-dijuluki-gotham-city,2026-06-02 12:15:45,CNN Indonesia
1126,"Harga Melonjak, Ini Siasat Makan Rumahan Enak di Bawah Rp50 Ribu","Menyiasati harga pangan yang melonjak, menu Telur Ceplok Kuah Kecap dan Tumis Tauge Tahu di bawah Rp50 ribu ini jadi solusi lezat dan bergizi.",https://www.cnnindonesia.com/gaya-hidup/20260529165944-262-1363498/harga-melonjak-ini-siasat-makan-rumahan-enak-di-bawah-rp50-ribu,2026-06-02 11:30:10,CNN Indonesia
1127,"Sempat Dilanda Hantavirus, Kapal Pesiar MV Hondius Boleh Berlayar Lagi",Kapal pesiar mewah MV Hondius akhirnya resmi mengantongi izin untuk kembali berlayar pada pertengahan bulan ini usai April lalu dihantam Hantavirus.,https://www.cnnindonesia.com/gaya-hidup/20260602120035-269-1364437/sempat-dilanda-hantavirus-kapal-pesiar-mv-hondius-boleh-berlayar-lagi,2026-06-02 10:45:20,CNN Indonesia
1128,Alzheimer Bisa Dideteksi Dini Melalui Tes Darah? Ini Kata Studi Baru,"Sebuah penelitian terbaru pada April 2026 mengemukakan, alzheimer dapat dideteksi dini melalui tes darah sederhana. Ini ulasannya.",https://www.cnnindonesia.com/gaya-hidup/20260428145903-255-1353046/alzheimer-bisa-dideteksi-dini-melalui-tes-darah-ini-kata-studi-baru,2026-06-02 10:00:25,CNN Indonesia
1129,"FOTO: Soma Nomaoi, Merekonstruksi Perang Samurai Berkuda di Fukushima","Soma Nomaoi, festival samurai berkuda yang telah berusia ribuan tahun berlangsung di Fukushima, Jepang, setiap bulan Mei.",https://www.cnnindonesia.com/gaya-hidup/20260525135027-272-1362151/foto-soma-nomaoi-merekonstruksi-perang-samurai-berkuda-di-fukushima,2026-06-02 09:00:54,CNN Indonesia
1130,"Tak Perlu Fokus pada Warna, Ini 5 Tips Jaga Kualitas ASI","Warna tidak menjadi penentu utama kualitas ASI, tetapi nutrisinya. Berikut ini beberapa cara menjaga kualitas ASI.",https://www.cnnindonesia.com/gaya-hidup/20260518060600-255-1359403/tak-perlu-fokus-pada-warna-ini-5-tips-jaga-kualitas-asi,2026-06-02 08:00:40,CNN Indonesia
1131,"Tak Melulu Harus Viral, Ini 6 Rekomendasi Hidden Gem di Blok M","<em>Hidden gem </em>di Blok M bukan lagi soal tempat rahasia, tapi tempat yang memberikan pengamanan, momen, dan interaksi yang tak melulu didapat dari algoritma.",https://www.cnnindonesia.com/gaya-hidup/20260520141739-269-1360408/tak-melulu-harus-viral-ini-6-rekomendasi-hidden-gem-di-blok-m,2026-06-02 07:00:04,CNN Indonesia
1132,Wajib Tahu! 7 Sumber Karbon Monoksida di Rumah dan Cara Mencegahnya,"Waspadai, ada beberapa peralatan rumah tangga yang jadi sumber gas CO atau karbon monoksida. Ini dia daftar barang sekaligus cara mencegahnya.",https://www.cnnindonesia.com/gaya-hidup/20260602101131-284-1364395/wajib-tahu-7-sumber-karbon-monoksida-di-rumah-dan-cara-mencegahnya,2026-06-02 06:00:00,CNN Indonesia
1133,Anak Panda Rio Resmi Bisa Menyapa Pengunjung Taman Safari Indonesia,"Taman Safari Indonesia (TSI) Cisarua, Bogor, secara resmi mulai memperkenalkan Rio kepada masyarakat luas pada akhir Mei 2026.",https://www.cnnindonesia.com/gaya-hidup/20260602105159-269-1364407/anak-panda-rio-resmi-bisa-menyapa-pengunjung-taman-safari-indonesia,2026-06-02 05:00:28,CNN Indonesia
1134,"Warna Terbaik dan Terburuk untuk Dipakai ke Kantor, Jangan Salah Pilih","Dalam psikologi warna, kamu tidak bisa begitu saja memilih warna untuk dikenakan apalagi di lingkungan kerja.",https://www.cnnindonesia.com/gaya-hidup/20260522181429-277-1361353/warna-terbaik-dan-terburuk-untuk-dipakai-ke-kantor-jangan-salah-pilih,2026-06-02 04:15:00,CNN Indonesia
1135,"Awas Gas Bocor, Simak Panduan Aman Pakai Kompor Portabel Saat Camping","Di tengah populernya kegiatan outdoor seperti berkemah, peranti memasak seperti kompor gas portabel menjadi barang krusial yang wajib dibawa.",https://www.cnnindonesia.com/gaya-hidup/20260602101429-269-1364396/awas-gas-bocor-simak-panduan-aman-pakai-kompor-portabel-saat-camping,2026-06-02 03:30:14,CNN Indonesia
1136,"Heboh, Bocah Jatuh ke Kandang Gajah Ragunan Diduga Kelalaian Orang Tua","Media sosial dihebohkan dengan video yang menunjukkan anak kecil jatuh di parit pembatas kandang gajah di Taman Margasatwa Ragunan, Jaksel.",https://www.cnnindonesia.com/gaya-hidup/20260602080657-269-1364349/heboh-bocah-jatuh-ke-kandang-gajah-ragunan-diduga-kelalaian-orang-tua,2026-06-02 02:45:01,CNN Indonesia
1137,"Konsumsi Telur Menurunkan Risiko Alzheimer, Harus Makan Berapa Butir?",Tak hanya sumber protein murah dan mudah didapat ternyata telur juga dapat membantu menurunkan risiko Alzheimer.,https://www.cnnindonesia.com/gaya-hidup/20260602083340-255-1364353/konsumsi-telur-menurunkan-risiko-alzheimer-harus-makan-berapa-butir,2026-06-02 02:00:00,CNN Indonesia
1138,"7 Tips Awet Muda untuk Pria, Tampak Prima Seperti Saat 20-an",Ada beberapa cara yang bisa dilakukan pria agar bisa awet muda. Ikuti tips awet muda untuk pria berikut ini.,https://www.cnnindonesia.com/gaya-hidup/20260508124259-255-1356494/7-tips-awet-muda-untuk-pria-tampak-prima-seperti-saat-20-an,2026-06-02 01:15:52,CNN Indonesia
1139,"Berisiko, Ini 5 Kelompok Orang yang Tidak Boleh Makan Bayam",Bayam yang dicap sayuran hijau penuh gizi rupanya tidak bisa dikonsumsi semua orang.,https://www.cnnindonesia.com/gaya-hidup/20260602071150-262-1364312/berisiko-ini-5-kelompok-orang-yang-tidak-boleh-makan-bayam,2026-06-02 00:30:22,CNN Indonesia
1140,7 Tanda Seseorang Berkelas Tanpa Harus Punya Barang Mewah,Menjadi berkelas bukan soal pamer kemewahan. Kenali 7 tanda kualitas diri yang membuat Anda disegani tanpa terlihat mencolok.,https://www.cnnindonesia.com/gaya-hidup/20260529112951-284-1363339/7-tanda-seseorang-berkelas-tanpa-harus-punya-barang-mewah,2026-06-01 23:45:02,CNN Indonesia
1141,"5 Kebiasaan yang Bikin Kurus, Terapkan di Pagi Hari Biar 'Singset'","Kamu bisa menerapkan kebiasaan di pagi hari yang bisa membuatmu tak sekadar langsing, tapi juga sehat.",https://www.cnnindonesia.com/gaya-hidup/20260526153202-255-1362580/5-kebiasaan-yang-bikin-kurus-terapkan-di-pagi-hari-biar-singset,2026-06-01 23:00:53,CNN Indonesia
1142,7 Cara Hadapi Orang Toksik Tanpa Ikut Terseret,Sering bertemu orang toksik? Kenali tanda dan cara menghadapinya agar kesehatan mental tetap terjaga.,https://www.cnnindonesia.com/gaya-hidup/20260407180204-284-1345260/7-cara-hadapi-orang-toksik-tanpa-ikut-terseret,2026-06-01 21:30:22,CNN Indonesia
1143,"Perjalanan Kereta Ini Terpanjang di Dunia, dari Portugal ke Singapura",Jalur perjalanan kereta tersebut bisa berlangsung selama 21 hari dan melewati 13 negara.,https://www.cnnindonesia.com/gaya-hidup/20260601141938-269-1364134/perjalanan-kereta-ini-terpanjang-di-dunia-dari-portugal-ke-singapura,2026-06-01 20:30:26,CNN Indonesia
1144,"Deretan 10 Pengalaman Wisata Terbaik di Dunia 2026, Ada 1 dari ASEAN","Platform perjalanan terbesar di dunia, Tripadvisor, baru-baru ini resmi mengumumkan daftar 10 Pengalaman Wisata Terbaik di Dunia untuk Tahun 2026.",https://www.cnnindonesia.com/gaya-hidup/20260601031438-269-1364007/deretan-10-pengalaman-wisata-terbaik-di-dunia-2026-ada-1-dari-asean,2026-06-01 20:02:11,CNN Indonesia
1145,Lahan Terbatas? Ini 5 Tanaman Buah yang Bisa Ditanam di Dalam Pot,"Selain buahnya bisa dipanen langsung untuk konsumsi, tanaman buah dalam pot dapat berfungsi untuk mempercantik teras atau balkon rumah.",https://www.cnnindonesia.com/gaya-hidup/20260521110925-277-1360706/lahan-terbatas-ini-5-tanaman-buah-yang-bisa-ditanam-di-dalam-pot,2026-06-01 19:31:08,CNN Indonesia
1146,"Melanggar Lalu Lintas di Swiss, Turis India Kaget Kena Denda Rp28 Juta",Ia menerima denda pelanggaran lalu lintas dari Swiss beberapa bulan setelah kembali dari liburan.,https://www.cnnindonesia.com/gaya-hidup/20260601192401-269-1364254/melanggar-lalu-lintas-di-swiss-turis-india-kaget-kena-denda-rp28-juta,2026-06-01 17:01:02,CNN Indonesia
1147,Melihat Keindahan Lampion Perayaan Waisak di Candi Borobudur,"Ribuan lampion mewarnai puncak perayaan Hari Waisak di Candi Borobudur Magelang, Jawa tengah pada Minggu (31/5).",https://www.cnnindonesia.com/gaya-hidup/20260601154643-274-1364167/melihat-keindahan-lampion-perayaan-waisak-di-candi-borobudur,2026-06-01 16:00:34,CNN Indonesia
1148,Deretan Makanan yang Bikin Kamu Cepat Lapar,Rasa lapar yang muncul tak jauh setelah makan bukan berarti tubuh benar-benar kekurangan gizi. Bisa jadi penyebabnya adalah apa yang dimakan sebelumnya.,https://www.cnnindonesia.com/gaya-hidup/20260525135947-262-1362160/sering-ngemil-dan-cepat-lapar-bisa-jadi-gara-gara-kamu-makan-ini,2026-06-01 14:45:32,CNN Indonesia
1149,FOTO: Pengalaman di Atas Tingginya Kaca Gedung Nikmati Lanskap Jakarta,Ada titik wisata ketinggian di tengah kota Jakarta. Panorama berdiri di atas kaca pada ketinggian gedung bertingkat jadi favorit warga untuk diabadikan.,https://www.cnnindonesia.com/gaya-hidup/20260601161811-272-1364182/foto-pengalaman-di-atas-tingginya-kaca-gedung-nikmati-lanskap-jakarta,2026-06-01 13:05:33,CNN Indonesia
1150,FOTO: Suasana Upacara Yadnya Kasada Suku Tengger di Gunung Bromo,"Yadnya Kasada adalah upacara adat Suku Tengger sebagai bentuk ungkapan syukur kepada Sang Hyang Widhi, dengan persembahan sesaji hasil bumi ke kawah Bromo.",https://www.cnnindonesia.com/gaya-hidup/20260601154304-272-1364157/foto-suasana-upacara-yadnya-kasada-suku-tengger-di-gunung-bromo,2026-06-01 11:30:30,CNN Indonesia
1151,5 Penyebab Ilmiah di Balik 'Muka Boros' yang Bikin Terlihat Lebih Tua,Istilah 'muka boros' ternyata berkaitan dengan penuaan dini. Ini sederet penyebab ilmiah yang memengaruhi kondisi kulit wajah.,https://www.cnnindonesia.com/gaya-hidup/20260525120546-255-1362093/5-penyebab-ilmiah-di-balik-muka-boros-yang-bikin-terlihat-lebih-tua,2026-06-01 11:20:20,CNN Indonesia
1152,Kecerdasan Anak Diturunkan dari Ibu atau Ayah? Ini Penjelasannya,"Dari mana kecerdasan anak diturunkan, apakah dari ibu atau ayah? Simak penjelasannya secara ilmiah di sini.",https://www.cnnindonesia.com/gaya-hidup/20260409124917-284-1346013/kecerdasan-anak-diturunkan-dari-ibu-atau-ayah-ini-penjelasannya,2026-06-01 07:25:38,CNN Indonesia
1153,"7 Tanda Gaslighting yang Sering Tak Disadari, Bukan Sekedar Bercanda","Gaslighting bukan selalu hadir dalam bentuk konflik besar atau pertengkaran terbuka, melainkan sering muncul secara halus dalam interaksi sehari-hari.",https://www.cnnindonesia.com/gaya-hidup/20260423091416-284-1351057/7-tanda-gaslighting-yang-sering-tak-disadari-bukan-sekedar-bercanda,2026-06-01 04:20:13,CNN Indonesia
1154,"Tren Sleep Tourism, Ketika Turis Cuma Ingin Tidur Nyenyak Saat Liburan","Sleep Tourism diprediksi jadi tren liburan 2026, saat wisatawan lebih memilih istirahat berkualitas dibanding agenda padat ke sejumlah tempat wisata.",https://www.cnnindonesia.com/gaya-hidup/20260525102204-269-1362042/tren-sleep-tourism-ketika-turis-cuma-ingin-tidur-nyenyak-saat-liburan,2026-06-01 02:30:02,CNN Indonesia
1155,Benarkah Perasan Daun Kelor Bisa Bikin 'Teler'? Ini Penjelasannya,"Perasan daun kelor belakangan disebut-sebut bisa membuat seseorang merasa teler, melayang, atau seperti mabuk setelah diminum. Apakah benar?",https://www.cnnindonesia.com/gaya-hidup/20260522183955-255-1361380/benarkah-perasan-daun-kelor-bisa-bikin-teler-ini-penjelasannya,2026-06-01 01:30:23,CNN Indonesia
1156,"Teori Konspirasi Sarang Manusia Kadal, Terowongan Bandara Ini Dibuka",Terowongan bawah tanah Bandara Denver di AS telah menjadi episentrum berbagai teori konspirasi paling liar di dunia selama puluhan tahun.,https://www.cnnindonesia.com/gaya-hidup/20260530010714-269-1363590/teori-konspirasi-sarang-manusia-kadal-terowongan-bandara-ini-dibuka,2026-05-31 22:00:00,CNN Indonesia
1157,FOTO: Turis di Roma Terpanggang Gelombang Panas Ekstrem,Gelombang panas melanda sejumlah kota di Italia termasuk Roma. Para turis harus bertahan di tengah suhu panas dan lembap.,https://www.cnnindonesia.com/gaya-hidup/20260531163334-272-1363925/foto-turis-di-roma-terpanggang-gelombang-panas-ekstrem,2026-05-31 18:30:30,CNN Indonesia
1158,Ramai Turis Pakai Busana Tradisional China Imbas Popularitas Dracin,Bisnis sewa kostum dan makeup di lokasi-lokasi wisata pun kian berkembang. Hal ini salah satunya berkat popularitas drama China.,https://www.cnnindonesia.com/gaya-hidup/20260531175824-269-1363944/ramai-turis-pakai-busana-tradisional-china-imbas-popularitas-dracin,2026-05-31 12:20:30,CNN Indonesia
1159,"Lahir dari Ibu Terinfeksi, Bayi di Kongo Tak Selamat dari Ebola","Bayi yang baru lahir meninggal dunia akibat Ebola di rumah sakit di Mongwalu, Kongo, Minggu (31/5), setelah dilahirkan oleh ibu yang terinfeksi virus tersebut.",https://www.cnnindonesia.com/gaya-hidup/20260531160210-259-1363921/lahir-dari-ibu-terinfeksi-bayi-di-kongo-tak-selamat-dari-ebola,2026-05-31 10:45:25,CNN Indonesia
1160,"Mixed Signals dalam Hubungan, Tanda Bingung atau Red Flag?",Mixed signals dalam hubungan bikin bingung dan lelah emosional. Kenali tanda dan cara menyikapinya agar tak terjebak ketidakpastian.,https://www.cnnindonesia.com/gaya-hidup/20260430175703-284-1353939/mixed-signals-dalam-hubungan-tanda-bingung-atau-red-flag,2026-05-31 10:35:13,CNN Indonesia
1161,"7 Pilihan Ikan Tinggi Protein, Bantu Penuhi Kebutuhan Nutrisi Tubuh",Mengonsumsi ikan tinggi protein baik bagi pembentukan otot dan kesehatan secara keseluruhan. Berikut ikan tinggi protein yang mudah ditemukan di Indonesia.,https://www.cnnindonesia.com/gaya-hidup/20260525085543-262-1362019/7-pilihan-ikan-tinggi-protein-bantu-penuhi-kebutuhan-nutrisi-tubuh,2026-05-31 09:35:21,CNN Indonesia
1162,Berapa Lama Sayur Bayam Bertahan? Ini Penjelasannya,"Banyak orang masih bertanya-tanya, berapa lama sayur bayam bertahan setelah dibeli atau dimasak?",https://www.cnnindonesia.com/gaya-hidup/20260525200715-262-1362316/berapa-lama-sayur-bayam-bertahan-ini-penjelasannya,2026-05-31 07:40:18,CNN Indonesia
1163,"Wanita Kena Kanker Kulit Usai Rutin Pakai Cat Kuku, Gegara Lampu UV?",Sebuah akun di media sosial Threads membagikan cerita seorang wanita (52) yang terkena kanker kulit setelah rutin memakai cat kuku selama 18 tahun.,https://www.cnnindonesia.com/gaya-hidup/20260531095648-255-1363836/wanita-kena-kanker-kulit-usai-rutin-pakai-cat-kuku-gegara-lampu-uv,2026-05-31 06:30:51,CNN Indonesia
1164,Intip Fasilitas Lengkap dan Mewah dari Trans Luxury Hotel Surabaya,"Baru saja resmi buka, Trans Luxury Hotel Surabaya tawarkan fasilitas lengkap dan kemewahan luar biasa yang bisa bikin pengalaman menginap makin berkesan.",https://www.cnnindonesia.com/gaya-hidup/20260521085931-269-1360660/intip-fasilitas-lengkap-dan-mewah-dari-trans-luxury-hotel-surabaya,2026-05-31 04:00:56,CNN Indonesia
1165,5 Kebiasaan Pagi yang Diam-Diam Bisa Merusak Jantung,Kebiasaan sederhana di pagi hari ternyata bisa berdampak buruk bagi kesehatan jantung. Mulai dari cek HP hingga malas olahraga.,https://www.cnnindonesia.com/gaya-hidup/20260521135441-255-1360789/5-kebiasaan-pagi-yang-diam-diam-bisa-merusak-jantung,2026-05-31 02:50:13,CNN Indonesia
1166,"Hati-hati, Kolesterol dan Gula Darah Tinggi Bisa Ganggu Fungsi Hati","Pola hidup tidak sehat dapat meningkatkan risiko kolesterol, gula darah, dan gangguan hati, Mayapada Hospital Kuningan menawarkan layanan deteksi dini.",https://www.cnnindonesia.com/gaya-hidup/20260531084514-260-1363827/hati-hati-kolesterol-dan-gula-darah-tinggi-bisa-ganggu-fungsi-hati,2026-05-31 02:10:14,CNN Indonesia
1167,"Tradisi Umat Buddha saat Hari Raya Waisak, Apa Saja?",Ada sejumlah tradisi yang dilakukan oleh umat Buddha pada saat perayaan Hari Raya Waisak. Apa saja kegiatan yang dilakukan tersebut?,https://www.cnnindonesia.com/gaya-hidup/20260526081204-284-1362386/tradisi-umat-buddha-saat-hari-raya-waisak-apa-saja,2026-05-30 23:00:39,CNN Indonesia
1168,25 Ucapan Waisak yang Menyentuh Hati dan Penuh Makna,"Berikan ucapan Waisak penuh makna kepada yang merayakannya, baik itu kepada keluarga, sahabat, maupun rekan terdekat.",https://www.cnnindonesia.com/gaya-hidup/20260526090622-284-1362399/25-ucapan-waisak-yang-menyentuh-hati-dan-penuh-makna,2026-05-30 22:30:56,CNN Indonesia
1169,"Profesi Pendamping Naik Gunung, Naik Daun di Kalangan Gen Z China","Bukan sekadar pemandu, mereka memberi semangat, menemani perjalanan, hingga membantu klien mencapai puncak.",https://www.cnnindonesia.com/gaya-hidup/20260530143406-269-1363691/profesi-pendamping-naik-gunung-naik-daun-di-kalangan-gen-z-china,2026-05-30 21:00:34,CNN Indonesia
1170,"Dokter Ungkap Cara Cegah Kanker Kolorektal, Kurangi Daging Merah","Kanker kolorektal bisa dicegah dengan pola hidup sehat, mulai dari membatasi daging merah hingga rutin makan sayur dan buah.",https://www.cnnindonesia.com/gaya-hidup/20260530184048-255-1363746/dokter-ungkap-cara-cegah-kanker-kolorektal-kurangi-daging-merah,2026-05-30 20:00:18,CNN Indonesia
1171,3 Tanda Pencernaan Anak Sehat yang Perlu Orang Tua Tahu,Kesehatan pencernaan anak tak boleh dianggap sepele. Kenali tiga tandanya agar tumbuh kembang anak tetap optimal.,https://www.cnnindonesia.com/gaya-hidup/20260530205951-255-1363769/3-tanda-pencernaan-anak-sehat-yang-perlu-orang-tua-tahu,2026-05-30 14:10:14,CNN Indonesia
1172,Kemenpar Dorong Vila Ilegal Urus Izin Sebelum 1 Agustus,Kemenpar menegaskan penataan vila ilegal bertujuan mendorong legalitas usaha demi keamanan wisatawan dan persaingan yang adil.,https://www.cnnindonesia.com/gaya-hidup/20260530193130-269-1363750/kemenpar-dorong-vila-ilegal-urus-izin-sebelum-1-agustus,2026-05-30 13:40:30,CNN Indonesia
1173,"FOTO: Tak Jadi Disembelih, Kerbau 'Trump' Kini di Kebun Bintang",Kerbau albino langka di Bangladesh yang dijuluki 'Donald Trump' batal disembelih saat Iduladha. Kerbau itu kini berada di Kebun Binatang Nasional di Dhaka.,https://www.cnnindonesia.com/gaya-hidup/20260529100633-272-1363300/foto-tak-jadi-disembelih-kerbau-trump-kini-di-kebun-bintang,2026-05-30 12:40:00,CNN Indonesia
1174,Apakah Air Mani Najis? Simak Penjelasan Hukumnya dalam Islam,"Sering tertukar dengan madzi dan wadi, hukum air mani sering memicu tanya. Apakah najis? Simak penjelasan ulama berikut ini.",https://www.cnnindonesia.com/gaya-hidup/20260529105011-284-1363316/apakah-air-mani-najis-simak-penjelasan-hukumnya-dalam-islam,2026-05-30 12:00:32,CNN Indonesia
1175,5 Manfaat Push Bike untuk Anak yang Jarang Diketahui,"Push bike tak sekadar permainan. Aktivitas ini membantu melatih keseimbangan, motorik, fokus, dan rasa percaya diri anak.",https://www.cnnindonesia.com/gaya-hidup/20260530172737-255-1363731/5-manfaat-push-bike-untuk-anak-yang-jarang-diketahui,2026-05-30 10:33:21,CNN Indonesia
1176,Heavy Makeup Bikin Wajah Terlihat Lebih Tua? Ini Kata Dokter,"Riasan tebal tak langsung bikin wajah boros, tetapi kebiasaan perawatan kulit yang salah bisa membuat wajah tampak lebih tua.",https://www.cnnindonesia.com/gaya-hidup/20260530161921-255-1363724/heavy-makeup-bikin-wajah-terlihat-lebih-tua-ini-kata-dokter,2026-05-30 10:30:21,CNN Indonesia
1177,"Ramai Konten Living in Bangkok, Ini Plus Minus Tinggal di Sana",Bangkok ramai dibahas sebagai kota impian untuk tinggal. Warga dan ekspatriat mengungkap kelebihan hingga tantangan hidup di sana.,https://www.cnnindonesia.com/gaya-hidup/20260530155348-269-1363715/ramai-konten-living-in-bangkok-ini-plus-minus-tinggal-di-sana,2026-05-30 10:20:12,CNN Indonesia
1178,"FOTO: Perang Obor Jepara, Ritual Api Penolak Bala Sejak Abad 16","Berakar dari legenda pada abad ke-16, Perang Obor dipercaya sebagai simbol penolak bala sekaligus pembawa berkah bagi masyarakat Tegalsambi, Jepara.",https://www.cnnindonesia.com/gaya-hidup/20260526155119-272-1362586/foto-perang-obor-jepara-ritual-api-penolak-bala-sejak-abad-16,2026-05-30 09:08:13,CNN Indonesia
1179,Ancol Gratiskan Tiket Masuk Sore Hari Jelang HUT Jakarta,Ancol menggratiskan tiket masuk pengunjung pada sore hingga malam hari selama 8-19 Juni 2026 untuk memeriahkan HUT Ke-499 Jakarta.,https://www.cnnindonesia.com/gaya-hidup/20260530145339-269-1363696/ancol-gratiskan-tiket-masuk-sore-hari-jelang-hut-jakarta,2026-05-30 08:55:24,CNN Indonesia
1180,"Penyebab Anak Tidak Mau Mendengarkan Orang Tua, Coba Cermati 8 Hal Ini",Ada banyak alasan yang menjadi penyebab anak tidak mau mendengarkan orang tua. Ayah ibu dapat mencermati 8 hal ini.,https://www.cnnindonesia.com/gaya-hidup/20260526153351-284-1362577/penyebab-anak-tidak-mau-mendengarkan-orang-tua-coba-cermati-8-hal-ini,2026-05-30 08:50:13,CNN Indonesia
1181,"Bukan Sekadar Perayaan, Ini Makna Hari Raya Waisak bagi Umat Buddha","Waisak bukan sekadar perayaan, tetapi juga momen merenungkan kehidupan, memperbanyak kebajikan, dan meneladani ajaran Buddha dalam kehidupan sehari-hari.",https://www.cnnindonesia.com/gaya-hidup/20260525165542-284-1362237/bukan-sekadar-perayaan-ini-makna-hari-raya-waisak-bagi-umat-buddha,2026-05-30 08:00:33,CNN Indonesia
1182,FOTO: Panas Menyengat Tak Surutkan Pelancong ke Kota Tua,"Terik matahari yang menyengat tak menyurutkan antusiasme wisatawan untuk mengunjungi kawasan Kota Tua, Jakarta, pada akhir pekan.",https://www.cnnindonesia.com/gaya-hidup/20260530131208-272-1363659/foto-panas-menyengat-tak-surutkan-pelancong-ke-kota-tua,2026-05-30 07:28:20,CNN Indonesia
1183,Kemenpar Genjot 10 Destinasi Wisata Prioritas di Luar Bali,Pemerintah membuka peluang investasi pariwisata di berbagai daerah potensial untuk mendorong pemerataan ekonomi dan pariwisata berkelanjutan.,https://www.cnnindonesia.com/gaya-hidup/20260530125838-269-1363656/kemenpar-genjot-10-destinasi-wisata-prioritas-di-luar-bali,2026-05-30 07:10:38,CNN Indonesia
1184,"FOTO: Edukasi Sampah, Menanam Peduli Sejak Dini",Bank Sampah Dahlia Indah aktif mengajak masyarakat memilah sampah rumah tangga langsung dari sumbernya.,https://www.cnnindonesia.com/gaya-hidup/20260529091745-286-1363281/foto-edukasi-sampah-menanam-peduli-sejak-dini,2026-05-30 07:04:00,CNN Indonesia
1185,"Ciri Penyakit Gondok, Penyebab, dan Faktor Risiko yang Perlu Dikenali","Gondok atau pembesaran kelenjar tiroid sering kali tidak disadari pada tahap awal. Kenali ciri penyakit gondok, penyebab, dan faktor risikonya.",https://www.cnnindonesia.com/gaya-hidup/20260522105500-255-1361124/ciri-penyakit-gondok-penyebab-dan-faktor-risiko-yang-perlu-dikenali,2026-05-30 06:40:22,CNN Indonesia
1186,"7 Rekomendasi Tempat Makan Legendaris di Blok M, Sudah Pernah Coba?","Kalau kamu penggemar wisata kuliner, bisa menjelajahi tempat makan legendaris di Blok M ini. Berikut daftarnya.",https://www.cnnindonesia.com/gaya-hidup/20260520155540-262-1360456/7-rekomendasi-tempat-makan-legendaris-di-blok-m-sudah-pernah-coba,2026-05-30 05:15:26,CNN Indonesia
1187,FOTO: Blok M di Antara Fashion dan Ekspresi Gaya Gen Z,"Kawasan Blok M kembali menjadi salah satu ruang favorit bagi generasi muda, khususnya Gen Z, untuk berkumpul dan mengekspresikan gaya hidup mereka.",https://www.cnnindonesia.com/gaya-hidup/20260211135125-279-1327042/foto-blok-m-di-antara-fashion-dan-ekspresi-gaya-gen-z,2026-05-30 05:05:06,CNN Indonesia
1188,NYALANG: Dibuai Rayuan Sore,"Tawaf jemaah haji di Makkah, Arab Saudi hingga Gelombang panas yang menerjang sejumlah negara Eropa jadi foto pilihan <em>CNN Indonesia</em> dalam <em>NYALANG</em> pekan ini.",https://www.cnnindonesia.com/gaya-hidup/20260529131445-279-1363388/nyalang-dibuai-rayuan-sore,2026-05-30 04:00:23,CNN Indonesia
1189,"IHSG Kamis pagi dibuka melemah 0,36 persen ke level 5.919,56","Indeks Harga Saham Gabungan (IHSG) Bursa Efek Indonesia (BEI) pada Kamis pagi, dibuka melemah 21,5 poin atau 0,36 ...",https://www.antaranews.com/berita/5593457/ihsg-kamis-pagi-dibuka-melemah-036-persen-ke-level-591956,2026-06-04 02:05:36,Antara News
1190,BPJPH sosialisasi Wajib Halal 2026 bagi pengusaha di 2.183 lokasi,Badan Penyelenggara Jaminan Produk Halal (BPJPH) siap menggelar Sosialisasi Wajib Halal 2026 bagi pengusaha secara ...,https://www.antaranews.com/berita/5593455/bpjph-sosialisasi-wajib-halal-2026-bagi-pengusaha-di-2183-lokasi,2026-06-04 02:03:49,Antara News
1191,Pemkot Yogyakarta percepat penghapusan bentor untuk beralih ke becak listrik,Petugas mengambil becak motor (bentor) yang telah dimusnahkan saat pelaksanaan program penghapusan bentor di Kantor UPT ...,https://www.antaranews.com/foto/5593451/pemkot-yogyakarta-percepat-penghapusan-bentor-untuk-beralih-ke-becak-listrik,2026-06-04 02:03:29,Antara News
1192,Wakil Menteri Imipas Silmy Karim resmi menjadi tahanan KPK,Wakil Menteri Imigrasi dan Pemasyarakatan Silmy Karim resmi menjadi tahanan Komisi Pemberantasan Korupsi (KPK) usai ...,https://www.antaranews.com/berita/5593448/wakil-menteri-imipas-silmy-karim-resmi-menjadi-tahanan-kpk,2026-06-04 01:59:14,Antara News
1193,"WIKA Bangun RSUD Weda, Perkuat Layanan Kesehatan di Maluku Utara",PT Wijaya Karya (Persero) Tbk (WIKA) memulai pembangunan dan renovasi Rumah Sakit Umum Daerah (RSUD) Weda di Kabupaten ...,https://www.antaranews.com/berita/5593447/wika-bangun-rsud-weda-perkuat-layanan-kesehatan-di-maluku-utara,2026-06-04 01:58:16,Antara News
1194,"Gunung Semeru erupsi 7 kali Kamis pagi, tinggi letusan capai 700 meter","Gunung Semeru yang berada di perbatasan Kabupaten Lumajang dan Malang, Jawa Timur, mengalami erupsi sebanyak tujuh kali ...",https://www.antaranews.com/berita/5593445/gunung-semeru-erupsi-7-kali-kamis-pagi-tinggi-letusan-capai-700-meter,2026-06-04 01:55:00,Antara News
1195,"Kalahkan ganda putra Amerika, Sabar/Reza melaju ke babak 16 besar Polytron Indonesia Open 2026",Pebulu tangkis ganda putra Indonesia Sabar Karyaman Gutama (kanan) dan Moh Reza Pahlevi Isfahani (kiri) mengembalikan ...,https://www.antaranews.com/foto/5593444/kalahkan-ganda-putra-amerika-sabar-reza-melaju-ke-babak-16-besar-polytron-indonesia-open-2026,2026-06-04 01:54:15,Antara News
1196,"Harga emas Antam pada Kamis turun Rp15.000 jadi Rp2,759 juta/gr","Harga emas Antam yang dipantau dari laman Logam Mulia, di Jakarta, Kamis, 08.45 WIB, turun Rp15.000 dari semula ...",https://www.antaranews.com/berita/5593441/harga-emas-antam-pada-kamis-turun-rp15000-jadi-rp2759-juta-gr,2026-06-04 01:54:15,Antara News
1197,"Lebanon, Israel sepakati zona percontohan ekslusif militer Lebanon",Lebanon dan Israel sepakat untuk memperbarui gencatan senjata yang rapuh dan membentuk &quot;zona percontohan&quot; ...,https://www.antaranews.com/berita/5593440/lebanon-israel-sepakati-zona-percontohan-ekslusif-militer-lebanon,2026-06-04 01:49:16,Antara News
1198,Kemenekraf fasilitasi kolaborasi pengembangan IP animasi parenting,"Wakil Menteri Ekonomi Kreatif/Wakil Kepala Badan Ekonomi Kreatif (Ekraf), Irene Umar, mengatakan Kementerian Ekraf siap ...",https://www.antaranews.com/berita/5593439/kemenekraf-fasilitasi-kolaborasi-pengembangan-ip-animasi-parenting,2026-06-04 01:44:56,Antara News
1199,Erdogan: Penutupan Selat Hormuz ubah pendekatan keamanan energi,"Krisis di Selat Hormuz telah menunjukkan bahwa keamanan energi merupakan masalah kedaulatan nasional, kata Presiden ...",https://www.antaranews.com/berita/5593437/erdogan-penutupan-selat-hormuz-ubah-pendekatan-keamanan-energi,2026-06-04 01:37:28,Antara News
1200,Rudenim Pusat Tanjungpinang bagikan hasil panen IMI FARM kepada warga,"Rumah Detensi Imigrasi (Rudenim) Pusat Tanjungpinang, Kepulauan Riau, membagikan hasil panen program ketahanan pangan ...",https://www.antaranews.com/berita/5593435/rudenim-pusat-tanjungpinang-bagikan-hasil-panen-imi-farm-kepada-warga,2026-06-04 01:33:46,Antara News
1201,Samsat Keliling tersedia di 14 titik wilayah Jadetabek pada Kamis,Polda Metro Jaya menyediakan layanan Sistem Administrasi Manunggal Satu Atap (Samsat) Keliling di 14 titik wilayah yang ...,https://www.antaranews.com/berita/5593433/samsat-keliling-tersedia-di-14-titik-wilayah-jadetabek-pada-kamis,2026-06-04 01:29:50,Antara News
1202,Wagub Sumut tegaskan percepat proyek strategis daerah,Wakil Gubernur Sumatera Utara Surya menegaskan pentingnya percepatan pelaksanaan kegiatan fisik guna mendukung Program ...,https://www.antaranews.com/berita/5593432/wagub-sumut-tegaskan-percepat-proyek-strategis-daerah,2026-06-04 01:29:27,Antara News
1203,Janice Tjen mulus ke perempat final sektor ganda Birmingham Classic,Petenis putri Indonesia Janice Tjen bersama pasangannya petenis Australia Talia Gibson melangkah mulus ke perempat ...,https://www.antaranews.com/berita/5593431/janice-tjen-mulus-ke-perempat-final-sektor-ganda-birmingham-classic,2026-06-04 01:25:55,Antara News
1204,"Mampir ke gereja tua Hila-Immanuel, cagar budaya bersejarah di Maluku","ANTARA - Tak jauh dari Benteng Amsterdam di Maluku, berdiri sebuah rumah ibadah bersejarah bernama gereja tua ...",https://www.antaranews.com/video/5592951/mampir-ke-gereja-tua-hila-immanuel-cagar-budaya-bersejarah-di-maluku,2026-06-04 01:25:00,Antara News
1205,Sinar Mas Land luncurkan hunian Ultra-Luxury di BSD harga Rp150 miliar,"Sinar Mas Land bersama Hongkong Land meluncurkan Island Villa, hunian berkonsep resort style premium di BSD City ...",https://www.antaranews.com/berita/5593429/sinar-mas-land-luncurkan-hunian-ultra-luxury-di-bsd-harga-rp150-miliar,2026-06-04 01:16:16,Antara News
1206,Dirut Pertamina Patra Niaga: Ajang PINDEX jadi forum kolaborasi,Direktur Utama PT Pertamina Patra Niaga Mars Ega Legowo Putra mengatakan ajang Pertamina Patra Niaga Infrastructure ...,https://www.antaranews.com/berita/5593428/dirut-pertamina-patra-niaga-ajang-pindex-jadi-forum-kolaborasi,2026-06-04 01:14:23,Antara News
1207,Grab tegaskan tidak hengkang dari Indonesia,Platform layanan transportasi daring berbasis aplikasi (aplikator) Grab Indonesia menegaskan bahwa rumor yang ...,https://www.antaranews.com/berita/5593424/grab-tegaskan-tidak-hengkang-dari-indonesia,2026-06-04 01:09:08,Antara News
1208,DHL Express perkuat ekspor logistik jalur udara Indonesia hingga 3 ton,DHL Express memperkuat ekspor logistik Indonesia melalui layanan pengiriman udara ekspres hingga kapasitas 3 ton per ...,https://www.antaranews.com/berita/5593420/dhl-express-perkuat-ekspor-logistik-jalur-udara-indonesia-hingga-3-ton,2026-06-04 01:04:12,Antara News
1209,"Kalahkan ganda putra Jepang, Raymond/Joaquin melaju ke babak 16 besar Polytron Indonesia Open 2026",Pebulu tangkis ganda putra Indonesia Raymond Indra (kiri) dan Nikolaus Joaquin (kanan) berpose usai mengalahkan ganda ...,https://www.antaranews.com/foto/5593417/kalahkan-ganda-putra-jepang-raymond-joaquin-melaju-ke-babak-16-besar-polytron-indonesia-open-2026,2026-06-04 01:00:25,Antara News
1210,Kata yang membuka jalan dunia,"Di sebuah ruang kelas sederhana di Kecamatan Pakal, Kota Surabaya, tawa anak-anak sesekali pecah di antara lantunan ...",https://www.antaranews.com/berita/5593413/kata-yang-membuka-jalan-dunia,2026-06-04 00:59:38,Antara News
1211,"Kemarin, kantor BGN digeledah hingga angin kencang rusak huntara Aceh","Sejumlah berita humaniora pada Rabu yang menarik perhatian pembaca dan masih layak untuk kembali disimak pagi ini, ...",https://www.antaranews.com/berita/5593409/kemarin-kantor-bgn-digeledah-hingga-angin-kencang-rusak-huntara-aceh,2026-06-04 00:57:28,Antara News
1212,"Kamis, BMKG: Cuaca mayoritas wilayah RI berawan hingga hujan sedang","Badan Meteorologi, Klimatologi, dan Geofisika (BMKG), memprakirakan cuaca pada sejumlah wilayah di Indonesia umumnya ...",https://www.antaranews.com/berita/5593408/kamis-bmkg-cuaca-mayoritas-wilayah-ri-berawan-hingga-hujan-sedang,2026-06-04 00:49:08,Antara News
1213,"Harga emas UBS-Galeri24 di Pegadaian Kamis pagi turun, Antam stabil","Harga emas UBS&nbsp;dan Galeri24 di laman Sahabat Pegadaian dikutip dari Jakarta, Kamis, pukul 07.09 WIB, menunjukkan ...",https://www.antaranews.com/berita/5593407/harga-emas-ubs-galeri24-di-pegadaian-kamis-pagi-turun-antam-stabil,2026-06-04 00:48:16,Antara News
1214,Timnas Sepakbola Putri Indonesia takluk di kandang sendiri 0-2 dari Singapura,Pesepak bola timnas putri Indonesia Isabelle Nottet (kiri) berebut bola dengan pesepak bola timnas putri Singapura Ee ...,https://www.antaranews.com/foto/5593404/timnas-sepakbola-putri-indonesia-takluk-di-kandang-sendiri-0-2-dari-singapura,2026-06-04 00:29:25,Antara News
1215,"Jatuh, seorang haji asal Lebak wafat di Makkah saat hendak berwudhu","Seorang haji asal Kabupaten Lebak, Provinsi Banten, meninggal dunia di Makkah, Arab Saudi, ketika jatuh di kamar mandi ...",https://www.antaranews.com/berita/5593401/jatuh-seorang-haji-asal-lebak-wafat-di-makkah-saat-hendak-berwudhu,2026-06-04 00:20:38,Antara News
1216,Eks Wamenaker Noel hadapi sidang putusan kasus pemerasan sertifikat K3,Wakil Menteri Ketenagakerjaan periode 2024&ndash;2025 Immanuel &quot;Noel&quot; Ebenezer Gerungan&nbsp;dijadwalkan ...,https://www.antaranews.com/berita/5593397/eks-wamenaker-noel-hadapi-sidang-putusan-kasus-pemerasan-sertifikat-k3,2026-06-04 00:14:06,Antara News
1217,TNI dan SAF perkuat kerja sama pertahanan melalui TSASM ke-22,Tentara Nasional Indonesia (TNI) bersama Singapore Armed Forces (SAF) memperkuat kerja sama pertahanan bilateral kedua ...,https://www.antaranews.com/berita/5593396/tni-dan-saf-perkuat-kerja-sama-pertahanan-melalui-tsasm-ke-22,2026-06-04 00:08:11,Antara News
1218,MRT bangun ruang multifungsi integrasi transportasi ke pusat belanja,ANTARA - PT MRT Jakarta (Perseroda) mengembangkan Ruang Multifungsi atau Extended Concourse di kawasan Stasiun MRT ...,https://www.antaranews.com/video/5593271/mrt-bangun-ruang-multifungsi-integrasi-transportasi-ke-pusat-belanja,2026-06-04 00:02:39,Antara News
1219,Ratusan pelajar Jakarta Barat bersaing dalam seleksi O2SN 2026,Sebanyak 228 pelajar bersaing dalam seleksi Olimpiade Olahraga Siswa Nasional (O2SN) tingkat Suku Dinas Pendidikan ...,https://www.antaranews.com/berita/5593392/ratusan-pelajar-jakarta-barat-bersaing-dalam-seleksi-o2sn-2026,2026-06-03 23:59:36,Antara News
1220,Sugiono ungkap alasan Menlu Turki langsung temui Prabowo di Hambalang,ANTARA - Menteri Luar Negeri RI Sugiono mengungkapkan alasan Menlu Turki Hakan Fidan langsung menemui Presiden Prabowo ...,https://www.antaranews.com/video/5593301/sugiono-ungkap-alasan-menlu-turki-langsung-temui-prabowo-di-hambalang,2026-06-03 23:55:15,Antara News
1221,Kejati Kaltim tahan dua tersangka korupsi batubara ilegal,Kejaksaan Tinggi Kalimantan Timur secara resmi menahan dua orang tersangka terkait dugaan tindak pidana korupsi ...,https://www.antaranews.com/berita/5593391/kejati-kaltim-tahan-dua-tersangka-korupsi-batubara-ilegal,2026-06-03 23:54:00,Antara News
1222,Kota-kota pelabuhan di China catat lonjakan output ekonomi pada 2025,Kota-kota pelabuhan di China mencatatkan nilai tambah ekonomi pelabuhan sebesar 7 triliun yuan (1 yuan = Rp2.641) pada ...,https://www.antaranews.com/berita/5593388/kota-kota-pelabuhan-di-china-catat-lonjakan-output-ekonomi-pada-2025,2026-06-03 23:52:50,Antara News
1223,SIM Keliling tersedia di lima lokasi Jakarta pada Kamis,Direktorat Lalu Lintas (Ditlantas) Polda Metro Jaya membuka layanan Surat Izin Mengemudi (SIM) Keliling di lima lokasi ...,https://www.antaranews.com/berita/5593384/sim-keliling-tersedia-di-lima-lokasi-jakarta-pada-kamis,2026-06-03 23:52:42,Antara News
1224,"Pakai masker, kualitas udara Jakarta terburuk di dunia",Kualitas udara di Jakarta pada Kamis pagi masuk kategori tidak sehat dan menduduki peringkat pertama sebagai kota ...,https://www.antaranews.com/berita/5593380/pakai-masker-kualitas-udara-jakarta-terburuk-di-dunia,2026-06-03 23:46:41,Antara News
1225,"Tekan penyebaran TBC, Dinkes Kota Malang gencarkan screening mobile","ANTARA -&nbsp;&#8203;&#8203;&#8203;&#8203;&#8203;&#8203;&#8203;&lrm;Untuk menekan penyebaran tuberkulosis atau TBC, ...",https://www.antaranews.com/video/5593139/tekan-penyebaran-tbc-dinkes-kota-malang-gencarkan-screening-mobile,2026-06-03 23:42:37,Antara News
1226,"Kemarin, bahaya rokok buat tulang hingga Chery Tiggo 8 baru meluncur","Sejumlah berita menarik menghiasi kanal lifestyle, tekno, dan otomotif ANTARA pada Rabu (3/6), di antaranya bahaya ...",https://www.antaranews.com/berita/5593379/kemarin-bahaya-rokok-buat-tulang-hingga-chery-tiggo-8-baru-meluncur,2026-06-03 23:39:11,Antara News
1227,"Kriminal kemarin, pengedar sabu hingga korupsi kredit KoinWorks","Peristiwa kriminal terjadi di wilayah DKI Jakarta pada Rabu (3/6), mulai dari Polda Metro Jaya menangkap sepasang ...",https://www.antaranews.com/berita/5593376/kriminal-kemarin-pengedar-sabu-hingga-korupsi-kredit-koinworks,2026-06-03 23:36:50,Antara News
1228,"Jumlah jamaah Riau wafat bertambah, satu hajjah meninggal di Makkah","Seorang haji yang tergabung Kelompok Terbang BTH 05 asal Kabupaten Kampar, Provinsi Riau,&nbsp;Halimah Abu Amar ...",https://www.antaranews.com/berita/5593373/jumlah-jamaah-riau-wafat-bertambah-satu-hajjah-meninggal-di-makkah,2026-06-03 23:32:37,Antara News
1229,"DKI kemarin, operasi bibir sumbing hingga Stasiun MRT Fatmawati","Peristiwa penting dan menarik terjadi di Jakarta selama Rabu (3/6), mulai dari Pemerintah Provinsi DKI Jakarta ...",https://www.antaranews.com/berita/5593371/dki-kemarin-operasi-bibir-sumbing-hingga-stasiun-mrt-fatmawati,2026-06-03 23:31:51,Antara News
1230,"Politik, Prabowo soal MBG hingga perintah Gibran ke siswa Lemhannas",Wakil Presiden Gibran Rakabuming Raka meminta peserta Pendidikan Pemantapan Pimpinan Nasional (P3N) XXVII dan ...,https://www.antaranews.com/berita/5593368/politik-prabowo-soal-mbg-hingga-perintah-gibran-ke-siswa-lemhannas,2026-06-03 23:28:03,Antara News
1231,"Vietnam sambut 10,6 juta wisatawan internasional dalam 5 bulan 2026","Vietnam diperkirakan menyambut 10,6 juta pengunjung internasional dalam lima bulan pertama 2026, meningkat 14,9 persen ...",https://www.antaranews.com/berita/5593364/vietnam-sambut-106-juta-wisatawan-internasional-dalam-5-bulan-2026,2026-06-03 23:25:04,Antara News
1232,Indonesia berpotensi transaksi Rp109  dari promosi pariwisata di China,Promosi pariwisata terbaru yang digelar oleh Kementerian Pariwisata (Kemenpar) Republik Indonesia (RI) di dua kota ...,https://www.antaranews.com/berita/5593363/indonesia-berpotensi-transaksi-rp109-dari-promosi-pariwisata-di-china,2026-06-03 23:22:15,Antara News
1233,"Hukum, eks Kepala BGN ditahan hingga KPK buru Silmy Karim",Kejaksaan Agung (Kejagung) membenarkan menggeledah kantor Badan Gizi Nasional (BGN) yang berlokasi di Jakarta Pusat ...,https://www.antaranews.com/berita/5593360/hukum-eks-kepala-bgn-ditahan-hingga-kpk-buru-silmy-karim,2026-06-03 23:19:53,Antara News
1234,"Profil grup C, Brasil favorit dan Maroko jadi penantang","Piala Dunia 2026 yang akan digelar di Amerika Serikat (AS), Kanada, dan Meksiko pada 11 Juni hingga 20 Juli ...",https://www.antaranews.com/berita/5593359/profil-grup-c-brasil-favorit-dan-maroko-jadi-penantang,2026-06-03 23:17:21,Antara News
1235,Membongkar kasus kejahatan haji,Satgas Haji dan Umrah Polri membongkar kasus kejahatan terkait ibadah haji dengan berbagai modus yang merugikan ratusan ...,https://www.antaranews.com/infografik/5593061/membongkar-kasus-kejahatan-haji,2026-06-03 23:00:00,Antara News
1236,Mata melotot jadi ciri khas penyakit tiroid gangguan mata,Dokter spesialis mata lulusan Universitas Padjadjaran dr. Tri Wahyu Sp.M mengatakan pasien dengan penyakit tiroid ...,https://www.antaranews.com/berita/5593355/mata-melotot-jadi-ciri-khas-penyakit-tiroid-gangguan-mata,2026-06-03 22:50:18,Antara News
1237,Pembangunan SMA Unggul Garuda di Kaltara dikebut dalam tiga shift,"ANTARA - Pembangunan Sekolah Menengah Atas atau SMA Unggul Garuda di Jelarai Selor, Kabupaten Bulungan, Kalimantan ...",https://www.antaranews.com/video/5593311/pembangunan-sma-unggul-garuda-di-kaltara-dikebut-dalam-tiga-shift,2026-06-03 22:35:45,Antara News
1238,Prabowo panggil BPKP dan PPATK saat tahu indikasi penyelewengan di BGN,Presiden Prabowo Subianto memanggil Kepala Badan Pengawasan Keuangan dan Pembangunan (BPKP) Muhammad Yusuf Ateh dan ...,https://www.antaranews.com/berita/5593351/prabowo-panggil-bpkp-dan-ppatk-saat-tahu-indikasi-penyelewengan-di-bgn,2026-06-03 22:34:19,Antara News
1239,Silmy Karim datangi KPK,Wakil Menteri Imigrasi dan Pemasyarakatan Silmy Karim (tengah) tiba untuk menjalani pemeriksaan di Gedung Merah Putih ...,https://www.antaranews.com/foto/5593264/silmy-karim-datangi-kpk,2026-06-03 17:01:22,Antara News
1240,Sabar/Reza susul Raymond/Joaquin ke babak kedua Indonesia Open,Pebulu tangkis ganda putra Indonesia Sabar Karyaman Gutama/Moh. Reza Pahlevi Isfahani menyusul langkah junior ...,https://www.antaranews.com/berita/5593093/sabar-reza-susul-raymond-joaquin-ke-babak-kedua-indonesia-open,2026-06-03 14:32:22,Antara News
1241,KPK sita ratusan gram emas dari OTT Ditjen Imigrasi,Komisi Pemberantasan Korupsi (KPK) menyita&nbsp;ratusan gram logam mulia emas dari operasi tangkap tangan (OTT) di ...,https://www.antaranews.com/berita/5593092/kpk-sita-ratusan-gram-emas-dari-ott-ditjen-imigrasi,2026-06-03 14:29:50,Antara News
1242,KPK ungkap Wamen Imipas Silmy Karim terakhir terdeteksi di Jakarta,Komisi Pemberantasan Korupsi (KPK) mengungkapkan Wakil Menteri Imigrasi dan Pemasyarakatan ...,https://www.antaranews.com/berita/5592939/kpk-ungkap-wamen-imipas-silmy-karim-terakhir-terdeteksi-di-jakarta,2026-06-03 13:18:58,Antara News
1243,Prabowo tegaskan pentingnya integritas dan akuntabilitas program MBG,Presiden Prabowo Subianto menegaskan pentingnya integritas dan akuntabilitas dalam pelaksanaan Program Makan Bergizi ...,https://www.antaranews.com/berita/5592907/prabowo-tegaskan-pentingnya-integritas-dan-akuntabilitas-program-mbg,2026-06-03 13:04:45,Antara News
1244,Menkeu Purbaya siap tingkatkan koordinasi KSSK stabilkan kurs rupiah,Menteri Keuangan Purbaya Yudhi Sadewa&nbsp;siap meningkatkan koordinasi Komite Stabilitas Sistem Keuangan (KSSK) untuk ...,https://www.antaranews.com/berita/5592896/menkeu-purbaya-siap-tingkatkan-koordinasi-kssk-stabilkan-kurs-rupiah,2026-06-03 12:55:10,Antara News
1245,"Presiden: MBG investasi besar masa depan bangsa, dukung ekonomi desa",Presiden Prabowo Subianto menyatakan program Makan Bergizi Gratis (MBG) adalah investasi besar untuk meningkatkan ...,https://www.antaranews.com/berita/5592839/presiden-mbg-investasi-besar-masa-depan-bangsa-dukung-ekonomi-desa,2026-06-03 12:28:33,Antara News
1246,Menkeu yakin IHSG mampu berbalik naik berkat fundamental ekonomi solid,Menteri Keuangan Purbaya Yudhi Sadewa optimistis Indeks Harga Saham Gabungan (IHSG) mampu berbalik menguat didukung ...,https://www.antaranews.com/berita/5592779/menkeu-yakin-ihsg-mampu-berbalik-naik-berkat-fundamental-ekonomi-solid,2026-06-03 11:53:56,Antara News
1247,"Usai geledah kantor BGN, Kejaksaan tahan Dadan Hindayana",Kejaksaan Agung menahan mantan Kepala Badan Gizi Nasional (BGN) Dadan Hindayana&nbsp;usai lembaga penegak hukum ...,https://www.antaranews.com/berita/5592673/usai-geledah-kantor-bgn-kejaksaan-tahan-dadan-hindayana,2026-06-03 10:51:14,Antara News
1248,Dudung usul ke DPR supaya anggaran KSP dipisah dari Kemensetneg,Kepala Staf Presiden (KSP) Dudung Abdurachman mengusulkan kepada Komisi XIII DPR RI supaya anggaran KSP bisa berdiri ...,https://www.antaranews.com/berita/5592608/dudung-usul-ke-dpr-supaya-anggaran-ksp-dipisah-dari-kemensetneg,2026-06-03 10:11:26,Antara News
1249,Indonesia-Yunani bahas koalisi untuk repatriasi artefak budaya,"Kementerian Kebudayaan menggelar pertemuan dengan Kedutaan Besar Yunani untuk Indonesia yang membahas, antara lain ...",https://www.antaranews.com/berita/5592523/indonesia-yunani-bahas-koalisi-untuk-repatriasi-artefak-budaya,2026-06-03 09:28:46,Antara News
1250,Menteri PU percepat pelaksanaan program prioritas Presiden RI,"Menteri Pekerjaan Umum (PU) Dody Hanggodo mempercepat pelaksanaan program prioritas Presiden RI.

Dia mengatakan ...",https://www.antaranews.com/berita/5592484/menteri-pu-percepat-pelaksanaan-program-prioritas-presiden-ri,2026-06-03 09:17:59,Antara News
1251,"Penggeledahan kantor BGN, Mensesneg: Beri waktu aparat Kejagung bekerja",Menteri Sekretaris Negara Prasetyo Hadi meminta semua pihak menunggu aparat penegak hukum bekerja dan memaparkan ...,https://www.antaranews.com/berita/5592452/penggeledahan-kantor-bgn-mensesneg-beri-waktu-aparat-kejagung-bekerja,2026-06-03 09:04:49,Antara News
1252,Gibran minta peserta Lemhannas peka terhadap kondisi masyarakat,Wakil Presiden Gibran Rakabuming Raka meminta peserta Pendidikan Pemantapan Pimpinan Nasional (P3N) XXVII dan ...,https://www.antaranews.com/berita/5592307/gibran-minta-peserta-lemhannas-peka-terhadap-kondisi-masyarakat,2026-06-03 07:52:05,Antara News
1253,Tiwi/Fadia melaju ke babak 16 besar Indonesia Open 2026,Pebulu tangkis ganda putri Indonesia Amalia Cahaya Pratiwi (kanan) dan Siti Fadia Silva Ramadhanti (kiri) melakukan tos ...,https://ramadhan.antaranews.com/foto/5592275/tiwi-fadia-melaju-ke-babak-16-besar-indonesia-open-2026,2026-06-03 07:37:48,Antara News
1254,Iran siapkan prosesi besar-besaran untuk pemakaman Ali Khamenei,"Prosesi pemakaman untuk mendiang Pemimpin Tertinggi Iran Ayatollah Ali Khamenei, yang gugur pada akhir Februari lalu, ...",https://www.antaranews.com/berita/5592125/iran-siapkan-prosesi-besar-besaran-untuk-pemakaman-ali-khamenei,2026-06-03 05:52:23,Antara News
1255,"KPK tangkap belasan orang dalam OTT Imigrasi Jakbar, termasuk Kakanim",Komisi Pemberantasan Korupsi (KPK) menginformasikan&nbsp;untuk sementara telah menangkap belasan orang dalam operasi ...,https://www.antaranews.com/berita/5592053/kpk-tangkap-belasan-orang-dalam-ott-imigrasi-jakbar-termasuk-kakanim,2026-06-03 05:15:32,Antara News
1256,"Empat personel TNI penyiram Andrie Yunus dituntut 2,5 tahun penjara",Sebanyak empat personel Tentara Nasional Indonesia (TNI) terkait kasus dugaan penganiayaan terhadap Wakil Koordinator ...,https://www.antaranews.com/berita/5592043/empat-personel-tni-penyiram-andrie-yunus-dituntut-25-tahun-penjara,2026-06-03 05:04:21,Antara News
1257,Kapasitas satelit ditambah untuk jaga akses internet Sangihe & Sitaro,Kementerian Komunikasi dan Digital (Kemkomdigi) menjaga layanan telekomunikasi dan internet di Kabupaten Kepulauan ...,https://www.antaranews.com/berita/5592032/kapasitas-satelit-ditambah-untuk-jaga-akses-internet-sangihe-sitaro,2026-06-03 04:59:10,Antara News
1258,AS lengkapi bandara dengan alat uji Ebola jelang Piala Dunia,Amerika Serikat telah melengkapi semua bandara utama dengan alat uji untuk mencegah penularan Ebola selama Piala Dunia ...,https://www.antaranews.com/berita/5591939/as-lengkapi-bandara-dengan-alat-uji-ebola-jelang-piala-dunia,2026-06-03 03:45:06,Antara News
1259,Rubio tegaskan AS tetap mempertahankan sikap status quo atas Taiwan,"Menteri Luar Negeri Amerika Serikat (AS) Marco Rubio, Selasa (2/6) kembali menegaskan bahwa tidak ada perubahan dalam ...",https://www.antaranews.com/berita/5591909/rubio-tegaskan-as-tetap-mempertahankan-sikap-status-quo-atas-taiwan,2026-06-03 03:08:14,Antara News
1260,Kejagung benarkan geledah kantor Badan Gizi Nasional,Kejaksaan Agung (Kejagung) membenarkan menggeledah kantor Badan Gizi Nasional (BGN) yang berlokasi di Jakarta ...,https://www.antaranews.com/berita/5591904/kejagung-benarkan-geledah-kantor-badan-gizi-nasional,2026-06-03 03:05:25,Antara News
1261,IHSG berpotensi volatil dipicu harga minyak dan suku bunga tinggi,"Indeks Harga Saham Gabungan (IHSG) Bursa Efek Indonesia (BEI) pada Rabu, berpotensi bergerak volatil seiring dengan ...",https://www.antaranews.com/berita/5591891/ihsg-berpotensi-volatil-dipicu-harga-minyak-dan-suku-bunga-tinggi,2026-06-03 02:46:47,Antara News
1262,Berikut rangkuman lawatan Ratu Máxima di Indonesia,Ratu M&aacute;xima baru saja merampungkan rangkaian kunjungan kerjanya ke Indonesia yang berlangsung sejak Senin hingga ...,https://www.antaranews.com/berita/5270237/berikut-rangkuman-lawatan-ratu-mxima-di-indonesia,2025-11-27 06:58:38,Antara News
1263,"Profil istri Wiranto, Rugaiya Usman","Keluarga besar Jenderal (Purn) TNI Wiranto tengah berduka atas wafatnya sang istri, Rugaiya Usman, yang meninggal dunia ...",https://www.antaranews.com/berita/5247525/profil-istri-wiranto-rugaiya-usman,2025-11-17 11:33:12,Antara News
1264,"Raja Yordania Abdullah II sambangi Indonesia, berikut profilnya",Raja Yordania Abdullah Bin Al-Hussein (Abdullah II) dijadwalkan melakukan kunjungan kenegaraan ke Indonesia pada Jumat ...,https://www.antaranews.com/berita/5243173/raja-yordania-abdullah-ii-sambangi-indonesia-berikut-profilnya,2025-11-14 14:44:23,Antara News
1265,Kilas balik hubungan bersejarah Prabowo dan Raja Yordania,Raja Yordania Abdullah Bin Al-Hussein (Abdullah II) dijadwalkan melakukan kunjungan kenegaraan ke Indonesia pada Jumat ...,https://www.antaranews.com/berita/5243169/kilas-balik-hubungan-bersejarah-prabowo-dan-raja-yordania,2025-11-14 14:43:31,Antara News
1266,Profil Sari Yuliati pengganti Mukhtarudin sebagai sekretaris F-Golkar di DPR,Nama Sari Yuliati tengah menjadi sorotan publik karena dirinya kini ditetapkan sebagai Sekretaris Fraksi Partai Golkar ...,https://www.antaranews.com/berita/5240457/profil-sari-yuliati-pengganti-mukhtarudin-sebagai-sekretaris-f-golkar-di-dpr,2025-11-13 13:05:26,Antara News
1267,"Sosok Marsinah, buruh tangguh yang ditetapkan sebagai pahlawan","Presiden Prabowo Subianto pada peringatan Hari Pahlawan, Senin (10/11), di Istana Negara Jakarta, resmi menganugerahkan ...",https://www.antaranews.com/berita/5234417/sosok-marsinah-buruh-tangguh-yang-ditetapkan-sebagai-pahlawan,2025-11-11 07:44:54,Antara News
1268,Riwayat Mochtar Kusumaatmadja yang dianugerahi Pahlawan Nasional,Presiden RI Prabowo Subianto baru saja menganugerahi gelar Pahlawan Nasional kepada sepuluh tokoh pada peringatan Hari ...,https://www.antaranews.com/berita/5233365/riwayat-mochtar-kusumaatmadja-yang-dianugerahi-pahlawan-nasional,2025-11-10 16:59:59,Antara News
1269,Profil 10 pahlawan nasional baru yang ditetapkan Prabowo tahun 2025,"Setiap tanggal 10 November, bangsa Indonesia memperingati Hari Pahlawan sebagai bentuk penghormatan atas perjuangan ...",https://www.antaranews.com/berita/5233357/profil-10-pahlawan-nasional-baru-yang-ditetapkan-prabowo-tahun-2025,2025-11-10 16:58:09,Antara News
1270,Sosok Zainal Abidin Syah yang perjuangkan Irian Barat bagian NKRI,Presiden RI Prabowo Subianto baru saja menganugerahi gelar Pahlawan Nasional kepada sepuluh tokoh pada peringatan Hari ...,https://www.antaranews.com/berita/5233321/sosok-zainal-abidin-syah-yang-perjuangkan-irian-barat-bagian-nkri,2025-11-10 16:51:16,Antara News
1271,"Tuan Rondahaim Saragih, Napoleon dari Batak yang dapat gelar pahlawan",Presiden RI Prabowo Subianto baru saja menganugerahi gelar Pahlawan Nasional kepada sepuluh tokoh pada peringatan Hari ...,https://www.antaranews.com/berita/5233285/tuan-rondahaim-saragih-napoleon-dari-batak-yang-dapat-gelar-pahlawan,2025-11-10 16:41:37,Antara News
1272,Mengenal lembaga MKD DPR RI beserta tugas dan wewenangnya,"Dalam sistem parlemen Indonesia, terdapat lembaga internal yang berperan menjaga kehormatan dan pengawas etika para ...",https://www.antaranews.com/berita/5224313/mengenal-lembaga-mkd-dpr-ri-beserta-tugas-dan-wewenangnya,2025-11-06 10:03:15,Antara News
1273,Segini harta kekayaan Wakil Gubernur Riau S. F. Hariyanto,Nama Wakil Gubernur Riau Sofyan Franyata (S. F.) Hariyanto mencuat setelah Gubernur Riau Abdul Wahid terjaring operasi ...,https://www.antaranews.com/berita/5222369/segini-harta-kekayaan-wakil-gubernur-riau-s-f-hariyanto,2025-11-05 12:35:38,Antara News
1274,"Profil Dini Yuliani, sosok pendamping setia Bupati Purwakarta Om Zein","Dini Yuliani, istri Bupati Purwakarta Saepul Bahri atau yang akrab disapa Om Zein, dikabarkan wafat pada Selasa (28/10) ...",https://www.antaranews.com/berita/5207901/profil-dini-yuliani-sosok-pendamping-setia-bupati-purwakarta-om-zein,2025-10-29 16:02:41,Antara News
1275,"Donald Trump sebut Prabowo ""sosok luar biasa"" di KTT Perdamaian Gaza",Presiden Amerika Serikat Donald Trump menyampaikan pujian kepada Presiden Prabowo Subianto atas peran dan ...,https://www.antaranews.com/berita/5174817/donald-trump-sebut-prabowo-sosok-luar-biasa-di-ktt-perdamaian-gaza,2025-10-15 01:54:04,Antara News
1276,"Ketahui daftar gaji, tunjangan, dan masa kerja PPPK Paruh Waktu 2025","Tak hanya menjadi Pegawai Negeri Sipil (PNS), banyak masyarakat yang turut mengincar posisi sebagai pegawai pemerintah ...",https://www.antaranews.com/berita/5174793/ketahui-daftar-gaji-tunjangan-dan-masa-kerja-pppk-paruh-waktu-2025,2025-10-15 01:47:59,Antara News
1277,"Ini Profil Astrid Widayani, Wakil Wali Kota Solo-Ketua DPD PSI Solo",Sosok Wakil Wali Kota Solo Astrid Widayani tengah menjadi sorotan publik lantaran posisi baru yang diembannya sebagai ...,https://www.antaranews.com/berita/5174689/ini-profil-astrid-widayani-wakil-wali-kota-solo-ketua-dpd-psi-solo,2025-10-15 01:07:48,Antara News
1278,"Profil Dirgayuza, Asisten presiden bidang Komunikasi Analis Kebijakan","Untuk memperkuat struktur komunikasi strategis di lingkungan Istana Kepresidenan, Presiden Prabowo Subianto secara ...",https://www.antaranews.com/berita/5163441/profil-dirgayuzaasisten-presiden-bidang-komunikasi-analis-kebijakan,2025-10-09 06:44:41,Antara News
1279,"Profil Agung Gumilar, Asisten presiden bidang Analis Data Strategis",Agung Gumilar Saputra resmi dilantik sebagai Asisten Khusus Presiden Bidang Analisis Data Strategis pada Rabu (8/10) di ...,https://www.antaranews.com/berita/5163421/profil-agung-gumilar-asisten-presiden-bidang-analis-data-strategis,2025-10-09 06:41:54,Antara News
1280,Daftar 25 pejabat & 10 Dubes yang dilantik Prabowo pada Oktober 2025,Presiden Prabowo Subianto resmi melantik 25 pejabat negara dan 10 Duta Besar (Dubes) Luar Biasa dan Berkuasa Penuh ...,https://www.antaranews.com/berita/5162865/daftar-25-pejabat-10-dubes-yang-dilantik-prabowo-pada-oktober-2025,2025-10-09 00:28:06,Antara News
1281,Profil Akhmad Wiyagus: Dari perwira tinggi Polri ke Wamendagri,Komjen Polisi (Purn) Akhmad Wiyagus resmi dilantik sebagai Wakil Menteri Dalam Negeri (Wamendagri) dalam Kabinet Merah ...,https://www.antaranews.com/berita/5162857/profil-akhmad-wiyagus-dari-perwira-tinggi-polri-ke-wamendagri,2025-10-09 00:18:10,Antara News
1282,"Mata uang Iran melemah, apa bedanya rial dan toman?",Mata uang Iran belakangan menjadi sorotan dunia seiring memanasnya tensi geopolitik dan kebijakan ekonomi global. ...,https://www.antaranews.com/berita/5352089/mata-uang-iran-melemah-apa-bedanya-rial-dan-toman,2026-01-14 11:23:19,Antara News
1283,Jenis perak yang bisa dijadikan aset investasi,"Selain emas, perak juga merupakan jenis logam berharga lainnya yang memiliki nilai strategis sebagai instrumen ...",https://www.antaranews.com/berita/5328430/jenis-perak-yang-bisa-dijadikan-aset-investasi,2025-12-31 08:53:57,Antara News
1284,Ketahui keuntungan dan kekurangan berinvestasi perak,Investasi perak kini mulai dilirik sebagai alternatif aset karena harga yang jauh lebih terjangkau dibandingkan emas. ...,https://www.antaranews.com/berita/5327344/ketahui-keuntungan-dan-kekurangan-berinvestasi-perak,2025-12-30 12:43:43,Antara News
1285,Ingin coba investasi perak? Simak tips dan caranya untuk pemula,"Selama ini, emas dikenal sebagai primadona investasi logam mulia. Namun, saat ini perak juga bisa menjadi alternatif ...",https://www.antaranews.com/berita/5326660/ingin-coba-investasi-perak-simak-tips-dan-caranya-untuk-pemula,2025-12-30 04:04:20,Antara News
1286,Sosok Brigitte Bardot: Aktris legenda asal Prancis & aktivis hak hewan,"Aktris legendaris Prancis, Brigitte Bardot, dikabarkan meninggal dunia pada usia 91 tahun pada Minggu (28/12). Dalam ...",https://www.antaranews.com/berita/5325640/sosok-brigitte-bardot-aktris-legenda-asal-prancis-aktivis-hak-hewan,2025-12-29 09:51:10,Antara News
1287,"Sering terjadi, hindari 10 kesalahan dalam mengatur keuangan di akhir tahun","Menjelang berakhirnya tahun 2025, tidak sedikit orang mulai melakukan evaluasi keuangan sekaligus merencanakan langkah ...",https://www.antaranews.com/berita/5323399/sering-terjadi-hindari-10-kesalahan-dalam-mengatur-keuangan-di-akhir-tahun,2025-12-27 02:24:10,Antara News
1288,Cara menyusun target keuangan 2026 agar lebih terarah & berkelanjutan,"Menjelang datangnya Tahun Baru 2026, tidak sedikit orang mulai melakukan refleksi sekaligus menyusun rencana keuangan ...",https://www.antaranews.com/berita/5323396/cara-menyusun-target-keuangan-2026-agar-lebih-terarah-berkelanjutan,2025-12-27 02:22:08,Antara News
1289,"Investasi emas atau perak, mana yang aman untuk jangka panjang?","Belakangan, linimasa media sosial mulai dibanjiri narasi bahwa perak adalah &ldquo;harta karun tersembunyi&rdquo; yang ...",https://www.antaranews.com/berita/5320981/investasi-emas-atau-perak-mana-yang-aman-untuk-jangka-panjang,2025-12-24 12:14:55,Antara News
1290,Bolehkah menolak pembayaran uang tunai? Ini aturan hukum dan sanksinya,Kebijakan pembayaran non-tunai atau QRIS di salah satu gerai roti ternama memicu polemik di media sosial setelah ...,https://www.antaranews.com/berita/5319970/bolehkah-menolak-pembayaran-uang-tunai-ini-aturan-hukum-dan-sanksinya,2025-12-24 01:46:39,Antara News
1291,Mengenal Bank Syariah Nasional (BSN),PT Bank Syariah Nasional (BSN) baru beroperasi secara efektif pada Senin (22/12) setelah berpisah dari PT Bank Tabungan ...,https://www.antaranews.com/berita/5319484/mengenal-bank-syariah-nasional-bsn,2025-12-23 13:34:16,Antara News
1292,"Apa itu Bank Syariah? Pahami pengertian, jenis, & contoh produknya","Bagi banyak umat Muslim, mengelola keuangan bukan hanya mengutamakan nilai dan keuntungan, tetapi juga tentang ...",https://www.antaranews.com/berita/5319466/apa-itu-bank-syariah-pahami-pengertian-jenis-contoh-produknya,2025-12-23 13:28:55,Antara News
1293,Susunan direksi & komisaris BRI terbaru hasil RUPSLB 17 Desember 2025,PT Bank Rakyat Indonesia (Persero) Tbk atau BRI kembali melakukan penataan jajaran manajemen melalui Rapat Umum ...,https://www.antaranews.com/berita/5314405/susunan-direksi-komisaris-bri-terbaru-hasil-rupslb-17-desember-2025,2025-12-20 02:12:10,Antara News
1294,Daftar harga diskon 20% tarif tol trans Sumatra Nataru 2025/2026,"Menyambut libur Natal 2025 dan Tahun Baru 2026 (Nataru 2025/2026), PT Jasa Marga (Persero) Tbk memberikan stimulus ...",https://www.antaranews.com/berita/5307253/daftar-harga-diskon-20-tarif-tol-trans-sumatra-nataru-2025-2026,2025-12-16 07:39:02,Antara News
1295,Sejarah BRI dalam peringatan HUT ke-130 dan tema yang diusung di 2025,"Setiap tanggal 16 Desember, PT Bank Rakyat Indonesia (Persero) Tbk atau BRI memperingati hari lahirnya sebagai salah ...",https://www.antaranews.com/berita/5307247/sejarah-bri-dalam-peringatan-hut-ke-130-dan-tema-yang-diusung-di-2025,2025-12-16 07:37:07,Antara News
1296,Spesifikasi dan harga Honda All New Vario 125 terbaru 2025,Honda All New Vario 125 kembali menjadi sorotan setelah resmi diperkenalkan sebagai generasi terbaru dalam jajaran ...,https://otomotif.antaranews.com/berita/5284265/spesifikasi-dan-harga-honda-all-new-vario-125-terbaru-2025,2025-12-03 06:50:07,Antara News
1297,Shell Super atau V-Power? Ini perbedaan dan keunggulannya,Memilih jenis bahan bakar yang tepat menjadi salah satu kunci menjaga performa kendaraan tetap prima. Di jaringan SPBU ...,https://otomotif.antaranews.com/berita/5280125/shell-super-atau-v-power-ini-perbedaan-dan-keunggulannya,2025-12-01 12:28:53,Antara News
1298,Panduan lengkap memilih BBM Shell di tengah penyesuaian harga terbaru,"Mengenali berbagai jenis bahan bakar yang ditawarkan Shell Indonesia menjadi penting bagi para pemilik kendaraan, ...",https://otomotif.antaranews.com/berita/5280073/panduan-lengkap-memilih-bbm-shell-di-tengah-penyesuaian-harga-terbaru,2025-12-01 12:18:41,Antara News
1299,Sejarah sarang burung walet sebagai komoditas unggulan Indonesia,Sarang burung walet telah lama dikenal sebagai salah satu komoditas unggulan dan bernilai tinggi di ...,https://www.antaranews.com/berita/5241161/sejarah-sarang-burung-walet-sebagai-komoditas-unggulan-indonesia,2025-11-14 00:44:45,Antara News
1300,"Mengenal Bobibos, bahan bakar dari jerami inovasi anak bangsa","Indonesia kembali menunjukkan kemampuan inovatifnya di bidang energi terbarukan melalui terobosan baru bernama Bobibos, ...",https://otomotif.antaranews.com/berita/5238361/mengenal-bobibos-bahan-bakar-dari-jerami-inovasi-anak-bangsa,2025-11-12 14:58:17,Antara News
1301,Mengenal redenominasi rupiah dan manfaatnya,Isu redenominasi rupiah kembali mencuat setelah Menteri Keuangan Purbaya menyatakan niat pemerintah untuk menyiapkan ...,https://www.antaranews.com/berita/5229577/mengenal-redenominasi-rupiah-dan-manfaatnya,2025-11-08 16:55:28,Antara News
1302,"Mengenal nitrous oxide, gas tertawa yang perlu diwaspadai","Saat ini, berbagai jenis gas atau senyawa kimia digunakan untuk menunjang beragam aktivitas manusia mulai dari bidang ...",https://www.antaranews.com/berita/5395662/mengenal-nitrous-oxide-gas-tertawa-yang-perlu-diwaspadai,2026-02-04 10:04:33,Antara News
1303,"Edukasi dini, langkah awal melindungi anak dari pelecehan seksual","Pelecehan seksual dapat terjadi kepada siapa saja, tanpa memandang usia, latar belakang, maupun lingkungan.

Bahkan, ...",https://www.antaranews.com/berita/5387494/edukasi-dini-langkah-awal-melindungi-anak-dari-pelecehan-seksual,2026-01-31 04:05:59,Antara News
1304,Sejumlah pohon tumbang di Jakarta Barat imbas hujan deras,Sejumlah pohon tumbang di wilayah Jakarta Barat imbas angin kencang dan hujan deras yang mengguyur wilayah tersebut ...,https://www.antaranews.com/berita/5369606/sejumlah-pohon-tumbang-di-jakarta-barat-imbas-hujan-deras,2026-01-22 17:00:10,Antara News
1305,Tips dan cara efektif membersihkan rumah pascabanjir,"Curah hujan tinggi kerap datang bersama dengan banjir, yang kemudian meninggalkan berbagai persoalan setelah air ...",https://www.antaranews.com/berita/5363002/tips-dan-cara-efektif-membersihkan-rumah-pascabanjir,2026-01-20 10:37:57,Antara News
1306,"Penyakit pascabanjir, ini opsi bahan alami untuk melawan diare",Curah hujan yang tinggi beberapa pekan terakhir telah memicu terjadinya banjir di wilayah Jakarta dan ...,https://www.antaranews.com/berita/5361290/penyakit-pascabanjir-ini-opsi-bahan-alami-untuk-melawan-diare,2026-01-19 15:53:14,Antara News
1307,"Pendaftaran Polri SIPSS 2026 dibuka, ini jadwal dan persyaratannya",Polri RI kembali membuka peluang bagi para sarjana untuk bergabung sebagai perwira melalui seleksi Sekolah Inspektur ...,https://www.antaranews.com/berita/5357438/pendaftaran-polri-sipss-2026-dibuka-ini-jadwal-dan-persyaratannya,2026-01-17 10:56:10,Antara News
1308,Fasilitas pedestrian ramah disabilitas yang perlu diwujudkan,"Salah satu indikator ruang jalan yang ideal tercermin dari kemampuannya untuk memberikan akses yang nyaman, aman, dan ...",https://www.antaranews.com/berita/5356730/fasilitas-pedestrian-ramah-disabilitas-yang-perlu-diwujudkan,2026-01-16 17:40:37,Antara News
1309,Panduan aman bersepeda di jalan raya,"Di kawasan perkotaan, bersepeda di jalan raya telah lama menjadi bagian dari rutinitas sehari-hari masyarakat baik ...",https://www.antaranews.com/berita/5353485/panduan-aman-bersepeda-di-jalan-raya,2026-01-15 05:16:17,Antara News
1310,"Waspada child grooming, kenali tanda-tanda pelakunya sejak dini",Kasus child grooming kembali menjadi sorotan dan viral di berbagai platform media sosial dalam beberapa waktu ...,https://www.antaranews.com/berita/5347237/waspada-child-grooming-kenali-tanda-tanda-pelakunya-sejak-dini,2026-01-12 11:26:49,Antara News
1311,"Penjelasan fenomena sinkhole, lubang raksasa yang tiba-tiba muncul di lahan warga",Tim Ahli Badan Geologi Bandung dari Kementerian Energi dan Sumber Daya Mineral (ESDM) tengah menyelidiki kemunculan ...,https://www.antaranews.com/berita/5344217/penjelasan-fenomena-sinkhole-lubang-raksasa-yang-tiba-tiba-muncul-di-lahan-warga,2026-01-10 12:55:24,Antara News
1312,Tips aman ikut arisan online agar terhindar dari penipuan,"Di era digital, arisan tak lagi harus dilakukan dengan tatap muka. Kini, arisan online menjadi alternatif yang praktis ...",https://www.antaranews.com/berita/5339945/tips-aman-ikut-arisan-online-agar-terhindar-dari-penipuan,2026-01-08 10:15:47,Antara News
1313,"Kue dongkal, tumpeng manis dari Betawi","Indonesia dikenal sebagai negara dengan ragam kuliner tradisional yang sangat kaya.

Dari Sabang hingga Merauke, ...",https://www.antaranews.com/berita/5339629/kue-dongkal-tumpeng-manis-dari-betawi,2026-01-08 08:53:53,Antara News
1314,Manfaat tambah daya listrik PLN untuk kebutuhan dan aktivitas harian,PT Perusahaan Listrik Negara (Persero) atau PLN kembali memberikan bentuk apresiasi kepada para pelanggannya melalui ...,https://www.antaranews.com/berita/5339625/manfaat-tambah-daya-listrik-pln-untuk-kebutuhan-dan-aktivitas-harian,2026-01-08 08:52:45,Antara News
1315,"PLN diskon tambah daya 50 persen untuk Januari 2026, berlaku sampai kapan?","Memasuki awal tahun, PT PLN (Persero) kembali menghadirkan program menarik bagi masyarakat. Bertajuk &ldquo;Gebyar Awal ...",https://www.antaranews.com/berita/5339613/pln-diskon-tambah-daya-50-persen-untuk-januari-2026-berlaku-sampai-kapan,2026-01-08 08:50:12,Antara News
1316,"Jangan mudah tertipu, ini ciri-ciri penipuan arisan online atau bodong","Seiring maraknya arisan online, kasus penipuan berkedok arisan bodong juga semakin sering terjadi. Banyak orang tergiur ...",https://www.antaranews.com/berita/5339597/jangan-mudah-tertipu-ini-ciri-ciri-penipuan-arisan-online-atau-bodong,2026-01-08 08:48:21,Antara News
1317,Destinasi wisata indoor yang cocok dikunjungi saat musim hujan,"Saat musim hujan tiba, banyak aktivitas yang biasanya dapat dilakukan dengan leluasa terasa menjadi lebih ...",https://www.antaranews.com/berita/5338389/destinasi-wisata-indoor-yang-cocok-dikunjungi-saat-musim-hujan,2026-01-07 15:51:20,Antara News
1318,Sterilisasi kucing: Manfaat dan efek samping yang perlu diketahui,"Perilaku kucing yang sering mengeong, gelisah, hingga berusaha kabur dari rumah saat birahi kerap membuat pemilik ...",https://www.antaranews.com/berita/5336185/sterilisasi-kucing-manfaat-dan-efek-samping-yang-perlu-diketahui,2026-01-06 13:14:43,Antara News
1319,Prosedur sterilisasi kucing dari persiapan hingga pemulihan,Banyak pemilik kucing mempertimbangkan sterilisasi sebagai solusi untuk mengendalikan perilaku birahi sekaligus menjaga ...,https://www.antaranews.com/berita/5336176/prosedur-sterilisasi-kucing-dari-persiapan-hingga-pemulihan,2026-01-06 13:13:11,Antara News
1320,"Selain SeaWorld, ini tempat wisata akuarium yang menarik dikunjungi","Siapa yang tidak terpukau melihat keindahan dunia bawah laut tanpa harus basah-basahan?

&nbsp;
&nbsp;
Selama ini, ...",https://www.antaranews.com/berita/5333449/selain-seaworld-ini-tempat-wisata-akuarium-yang-menarik-dikunjungi,2026-01-05 04:43:33,Antara News
1321,Tips cegah pelecehan seksual di transportasi umum,"Setiap harinya, jutaan orang berbagi ruang yang sama di dalam transportasi umum mulai dari bus, kereta, angkot, maupun ...",https://www.antaranews.com/berita/5332597/tips-cegah-pelecehan-seksual-di-transportasi-umum,2026-01-04 05:29:01,Antara News
1322,Harga tiket dan jadwal pertandingan AFC Futsal Asia Cup Indonesia 2026,"Sebagai tuan rumah resmi AFC Futsal Asian Cup 2026, Indonesia akan menyambut tim-tim terbaik se-Asia dalam turnamen ...",https://www.antaranews.com/berita/5350369/harga-tiket-dan-jadwal-pertandingan-afc-futsal-asia-cup-indonesia-2026,2026-01-13 16:18:56,Antara News
1323,"Profil Basral Graito Hutomo, peraih emas skateboard SEA Games 2025",Nama Basral Graito Hutomo tengah menyita perhatian publik setelah sukses mempersembahkan medali emas bagi Indonesia ...,https://www.antaranews.com/berita/5319445/profil-basral-graito-hutomo-peraih-emas-skateboard-sea-games-2025,2025-12-23 13:22:25,Antara News
1324,SEA Games: mempererat tali persaudaraan lewat olahraga,Southeast Asian Games (SEA Games) ke-33 mulai diselenggarakan pada 9 hingga 20 Desember dengan Thailand sebagai tuan ...,https://www.antaranews.com/berita/5307148/sea-games-mempererat-tali-persaudaraan-lewat-olahraga,2025-12-16 06:59:32,Antara News
1325,Mengenal olahraga Sepak Takraw: Aturan dan cara bermainnya,"Pernahkah melihat pertandingan yang memadukan kelincahan voli dengan teknik tendangan akrobatik ala sepak bola, namun ...",https://www.antaranews.com/berita/5300677/mengenal-olahraga-sepak-takraw-aturan-dan-cara-bermainnya,2025-12-12 00:13:19,Antara News
1326,Simak tata cara dan aturan bermain olahraga Petanque,"Petanque merupakan olahraga asal Prancis yang terlihat santai, karena hanya perlu melempar bola di lapangan pasir atau ...",https://www.antaranews.com/berita/5300674/simak-tata-cara-dan-aturan-bermain-olahraga-petanque,2025-12-12 00:11:08,Antara News
1327,"Muay Thai vs Boxing: Perbedaan teknik, aturan, dan filosofinya",Muay Thai merupakan olahraga bela diri yang berasal dari Thailand. Popularitasnya meluas ke berbagai negara dan masuk ...,https://www.antaranews.com/berita/5300671/muay-thai-vs-boxing-perbedaan-teknik-aturan-dan-filosofinya,2025-12-12 00:08:22,Antara News
1328,"Mengenal ""flying disc"" atau cabor piring terbang di SEA Games 2025",Olahraga piring terbang (flying disc) mencatat sejarah baru dengan tampil sebagai cabang olahraga demonstrasi di SEA ...,https://www.antaranews.com/berita/5299324/mengenal-flying-disc-atau-cabor-piring-terbang-di-sea-games-2025,2025-12-11 07:52:52,Antara News
1329,"Siapa saja juara dunia F1? Ini daftarnya, hingga terbaru Lando Norris","Sejak pertama kali digelar, kejuaraan dunia Formula 1 selalu menjadi panggung bergengsi bagi para pembalap terbaik ...",https://www.antaranews.com/berita/5294596/siapa-saja-juara-dunia-f1-ini-daftarnya-hingga-terbaru-lando-norris,2025-12-09 03:19:57,Antara News
1330,"Indomaret Run 2025: Jadwal, pendaftaran, kategori, rute, dan hadiahnya",Indomaret kembali menghadirkan ajang olahraga lari berskala besar melalui &quot;Indomaret Run 2025&quot; yang akan ...,https://www.antaranews.com/berita/5155261/indomaret-run-2025-jadwal-pendaftaran-kategori-rute-dan-hadiahnya,2025-10-05 22:50:52,Antara News
1331,Berapa kali Marc Marquez jadi juara dunia MotoGP? Ini prestasinya,"Seorang pembalap Grand Prix Sepeda Motor profesional asal Spanyol, Mark Marquez berhasil meraih kembali kursi takhta ...",https://www.antaranews.com/berita/5142933/berapa-kali-marc-marquez-jadi-juara-dunia-motogp-ini-prestasinya,2025-09-30 03:43:11,Antara News
1332,Presiden FIFA sampaikan selamat untuk Erick Thohir jadi Menpora,Presiden Prabowo Subianto resmi melantik Erick Thohir sebagai Menteri Pemuda dan Olahraga (Menpora) di Istana ...,https://www.antaranews.com/berita/5120589/presiden-fifa-sampaikan-selamat-untuk-erick-thohir-jadi-menpora,2025-09-19 08:49:13,Antara News
1333,"Petinju Ricky Hatton tutup usia, ini profil dan perjalanan karirnya","Kabar duka datang dari dunia olahraga, khususnya tinju. Ricky Hatton, mantan juara dunia yang dijuluki &ldquo;The ...",https://www.antaranews.com/berita/5111357/petinju-ricky-hatton-tutup-usia-ini-profil-dan-perjalanan-karirnya,2025-09-16 00:46:42,Antara News
1334,Harga & cara beli tiket pertandingan Futsal Four Nations Cup 2025,"Timnas Futsal Indonesia akan menghadapi tantangan dari tiga negara, yakni Belanda, Latvia, dan Tanzania pada ajang ...",https://www.antaranews.com/berita/5108141/harga-cara-beli-tiket-pertandingan-futsal-four-nations-cup-2025,2025-09-14 09:37:22,Antara News
1335,Jadwal timnas futsal Indonesia di ajang Four Nations Cup 2025,"Timnas Futsal Indonesia akan menghadapi tantangan dari tiga negara yakni Belanda, Latvia, dan Tanzania pada turnamen ...",https://www.antaranews.com/berita/5102185/jadwal-timnas-futsal-indonesia-di-ajang-four-nationscup2025,2025-09-11 09:48:02,Antara News
1336,"Profil Puteri Komarudin, sosok yang diisukan bakal jadi menpora baru","Presiden Prabowo Subianto resmi melakukan reshuffle Kabinet Merah Putih, mengganti sejumlah menteri di lima ...",https://www.antaranews.com/berita/5096545/profil-puteri-komarudin-sosok-yang-diisukan-bakal-jadi-menpora-baru,2025-09-09 09:16:57,Antara News
1337,Hari Olahraga Nasional 2025: membangkitkan semangat persatuan,"Olahraga bukan sekadar aktivitas fisik semata. Setiap tetes keringat mencerminkan semangat, disiplin, dan kerja keras ...",https://www.antaranews.com/berita/5095525/hari-olahraga-nasional-2025-membangkitkan-semangat-persatuan,2025-09-09 02:44:33,Antara News
1338,"John Wall resmi pensiun dari NBA, berikut perjalanan karirnya",Pebasket Amerika Serikat John Wall resmi mengumumkan pensiun dari NBA setelah 11 musim berkarier. Point guard berusia ...,https://www.antaranews.com/berita/5052033/john-wall-resmi-pensiun-dari-nba-berikut-perjalanan-karirnya,2025-08-20 12:51:53,Antara News
1339,Mengenal dislokasi bahu usai duel tinju El Rumi vs Jefri Nichol,"Pertandingan tinju antara El Rumi dan Jefri Nichol pada, Sabtu (9/8) di Jakarta International Convention Center (JICC) ...",https://www.antaranews.com/berita/5032449/mengenal-dislokasi-bahu-usai-duel-tinju-el-rumi-vs-jefri-nichol,2025-08-12 10:44:43,Antara News
1340,Polda Papua apresiasi Bripda Dita raih emas di Piala Kapolri,Polda Papua mengapresiasi keberhasilan Bripda Dita Aulia Permata Putri atas keberhasilan&nbsp;meraih medali emas kelas ...,https://www.antaranews.com/berita/4994149/polda-papua-apresiasi-bripda-dita-raih-emas-di-piala-kapolri,2025-07-26 09:51:10,Antara News
1341,Hulk Hogan wafat di usia 71 tahun: Profil dan warisan legendaris WWE,"Legenda dunia gulat profesional, Hulk Hogan, dilaporkan meninggal dunia di usia 71 tahun, pada Kamis pagi (24/7) akibat ...",https://www.antaranews.com/berita/4992369/hulk-hogan-wafat-di-usia-71-tahun-profil-dan-warisan-legendaris-wwe,2025-07-25 11:44:26,Antara News
1342,"Virus Nipah, penyakit yang sedang menjadi perhatian global","Selama dua dekade terakhir, berbagai jenis penyakit infeksi emerging terus mengalami peningkatan.

Penyakit infeksi ...",https://www.antaranews.com/berita/5382055/virus-nipah-penyakit-yang-sedang-menjadi-perhatian-global,2026-01-28 15:27:51,Antara News
1343,"Menyambut Ramadhan, berikut persiapan yang harus dilakukan","Kurang dari 30 hari ke depan, umat Muslim akan kembali menyambut datangnya Ramadhan, bulan suci penuh berkah di mana ...",https://www.antaranews.com/berita/5370762/menyambut-ramadhan-berikut-persiapan-yang-harus-dilakukan,2026-01-23 07:43:15,Antara News
1344,Mengenal status liber dalam aturan pernikahan Katolik,"Dalam hukum Gereja Katolik, istilah status liber menjadi hal yang penting dalam persyaratan pernikahan umat ...",https://www.antaranews.com/berita/5361666/mengenal-status-liber-dalam-aturan-pernikahan-katolik,2026-01-20 01:13:50,Antara News
1345,Simak panduan cara pendaftaran TKA jenjang SD-SMP 2026,Jadwal pelaksanaan TKA untuk jenjang SD dan SMP tahun 2026 telah resmi ditetapkan oleh Kementerian Pendidikan Dasar dan ...,https://www.antaranews.com/berita/5361662/simak-panduan-cara-pendaftaran-tka-jenjang-sd-smp-2026,2026-01-20 01:11:49,Antara News
1346,"Kumpulan ide tema Isra Miraj 2026 untuk masjid, sekolah, dan kantor","Menjelang peringatan Isra Miraj 2026, umat Islam kembali memiliki kesempatan berharga untuk memperdalam pemahaman ...",https://www.antaranews.com/berita/5354481/kumpulan-ide-tema-isra-miraj-2026-untuk-masjid-sekolah-dan-kantor,2026-01-15 12:00:14,Antara News
1347,10 inspirasi kegiatan bermakna dalam peringatan Isra Miraj 1447 H,"Menjelang peringatan Isra Miraj 1447 Hijriah, umat Islam kembali memiliki momentum berharga untuk menghidupkan ...",https://www.antaranews.com/berita/5354477/10-inspirasi-kegiatan-bermakna-dalam-peringatan-isra-miraj-1447-h,2026-01-15 11:58:26,Antara News
1348,Ini amalan ibadah yang bisa dikerjakan saat malam Isra Miraj,"Umat Islam di Indonesia tengah memasuki salah satu momentum spiritual dalam kalender Hijriyah, yakni malam sebelum Isra ...",https://www.antaranews.com/berita/5354473/ini-amalan-ibadah-yang-bisa-dikerjakan-saat-malam-isra-miraj,2026-01-15 11:57:58,Antara News
1349,"Jelang Isra Miraj 2026, ini alasan pentingnya menunaikan shalat","Menjelang peringatan Isra Miraj 2026 yang akan jatuh pada 16 Januari, umat Islam kembali diajak merenungi salah satu ...",https://www.antaranews.com/berita/5354461/jelang-isra-miraj-2026-ini-alasan-pentingnya-menunaikan-shalat,2026-01-15 11:56:39,Antara News
1350,Pahami aturan foto untuk pendaftaran akun SNPMB 2026,"Dalam proses pembuatan akun SNPMB (Seleksi Nasional Penerimaan Mahasiswa Baru) 2026, salah satu hal penting yang ...",https://www.antaranews.com/berita/5353529/pahami-aturan-foto-untuk-pendaftaran-akun-snpmb-2026,2026-01-15 05:26:35,Antara News
1351,Cara atasi kesalahan data peserta saat daftar akun SNPMB 2026,"Saat sedang mendaftar akun SNPMB, para calon peserta tak jarang mengalami ketidaksesuaian data dirinya.

Namun tidak ...",https://www.antaranews.com/berita/5353521/cara-atasi-kesalahan-data-peserta-saat-daftar-akun-snpmb-2026,2026-01-15 05:25:24,Antara News
1352,"Simak cara buat akun SNPMB 2026 untuk siswa kelas 12 dan ""gapyear""",Langkah awal untuk diterima Perguruan Tinggi Negeri (PTN) idaman di tahun 2026 telah resmi dibuka. Sebelumnya siswa pun ...,https://www.antaranews.com/berita/5353497/simak-cara-buat-akun-snpmb-2026-untuk-siswa-kelas-12-dan-gapyear,2026-01-15 05:18:35,Antara News
1353,Simak tahapan registrasi akun SNPMB 2026 untuk lulusan luar negeri,Registrasi akun Seleksi Nasional Penerimaan Mahasiswa Baru (SNPMB) untuk siswa resmi dibuka sejak Senin (12/1). Hal ini ...,https://www.antaranews.com/berita/5353489/simak-tahapan-registrasi-akun-snpmb-2026-untuk-lulusan-luar-negeri,2026-01-15 05:17:35,Antara News
1354,35 ucapan selamat Isra Mi’raj 1447 H/2026 yang islami dan doa baik,"Pada tahun ini, umat Islam akan kembali memperingati peristiwa Isra Mi'raj yang jatuh pada 27 Rajab 1447 Hijriah, ...",https://www.antaranews.com/berita/5351749/35-ucapan-selamat-isra-miraj-1447-h-2026-yang-islami-dan-doa-baik,2026-01-14 09:48:00,Antara News
1355,Link unduh twibbon & poster perayaan Isra Mi'raj 1447 H/2026,"Pada tahun ini, umat Islam akan kembali memperingati peristiwa Isra Mi'raj yang jatuh pada 27 Rajab 1447 Hijriah, ...",https://www.antaranews.com/berita/5351745/link-unduh-twibbon-poster-perayaan-isra-miraj-1447-h-2026,2026-01-14 09:46:31,Antara News
1356,Kapan Isra Mi'raj 2026? Ini jadwal dan makna perayaannya,"Isra Mi&rsquo;raj merupakan salah satu peristiwa agung dalam sejarah Islam, yang memperingati perjalanan istimewa Nabi ...",https://www.antaranews.com/berita/5350665/kapan-isra-miraj-2026-ini-jadwal-dan-makna-perayaannya,2026-01-14 01:04:13,Antara News
1357,Mengenal jembatan armco & keunggulannya sebagai infrastruktur darurat,"Selain Jembatan Bailey, terdapat pula Jembatan Armco yang berfungsi sebagai jalur penghubung sementara untuk membantu ...",https://www.antaranews.com/berita/5350625/mengenal-jembatan-armco-keunggulannya-sebagai-infrastruktur-darurat,2026-01-14 00:55:34,Antara News
1358,"Jembatan Bailey, solusi atas terputusnya akses antarwilayah",Salah satu dampak yang kerap muncul saat bencana alam terjadi adalah terputusnya akses antarwilayah. Kerusakan jalan ...,https://www.antaranews.com/berita/5350613/jembatan-bailey-solusi-atas-terputusnya-akses-antarwilayah,2026-01-14 00:49:21,Antara News
1359,Cara meneladani Isra Miraj 1447 H dalam kehidupan sehari-hari,"Menjelang peringatan Isra Miraj 1447 Hijriah yang jatuh pada 16 Januari 2026, momentum ini kembali menjadi pengingat ...",https://www.antaranews.com/berita/5348769/cara-meneladani-isra-miraj-1447-h-dalam-kehidupan-sehari-hari,2026-01-13 06:40:48,Antara News
1360,Mengenal 7 institut seni negeri di Indonesia dan pilihan jurusan,"Pada awal tahun 2026, para siswa tingkat akhir mulai fokus mempersiapkan diri menghadapi Seleksi Nasional Berdasarkan ...",https://www.antaranews.com/berita/5348765/mengenal-7-institut-seni-negeri-di-indonesia-dan-pilihan-jurusan,2026-01-13 06:39:37,Antara News
1361,Kapan Imlek 2026? Ini tanggal perayaan dan pergantian shio tahun ini,"Imlek menjadi momen spesial yang dirayakan oleh masyarakat Tionghoa di berbagai belahan dunia, termasuk Indonesia. ...",https://www.antaranews.com/berita/5348745/kapan-imlek-2026-ini-tanggal-perayaan-dan-pergantian-shio-tahun-ini,2026-01-13 06:35:40,Antara News
1362,Mau beli PS4 di 2026? Ini bedanya PS4 HEN dan Original dari Sony,"Memasuki awal tahun 2026, keinginan untuk memiliki konsol game seperti PlayStation 4 masih cukup tinggi, terutama bagi ...",https://www.antaranews.com/berita/5330305/mau-beli-ps4-di-2026-ini-bedanya-ps4-hen-dan-original-dari-sony,2026-01-02 02:23:34,Antara News
1363,Cara cek update HyperOS 3 dan daftar HP Xiaomi yang kebagian di China,Xiaomi resmi melanjutkan pengembangan sistem operasinya dengan menghadirkan HyperOS 3 yang berbasis Android 16. ...,https://www.antaranews.com/berita/5319967/cara-cek-update-hyperos-3-dan-daftar-hp-xiaomi-yang-kebagian-di-china,2025-12-24 01:43:47,Antara News
1364,"Perbandingan PS4 dan PS5, masih layakkah PS4 di akhir tahun 2025?","Perkembangan konsol game terus mengalami kemajuan pesat, terutama sejak kehadiran PlayStation 5 yang membawa berbagai ...",https://www.antaranews.com/berita/5319412/perbandingan-ps4-dan-ps5-masih-layakkah-ps4-di-akhir-tahun-2025,2025-12-23 13:16:37,Antara News
1365,Cara update iOS 26.2 dan daftar perangkat yang tersedia update,"Apple resmi merilis pembaruan sistem operasi terbaru untuk iPhone, yaitu iOS 26.2. Pembaruan ini memiliki beberapa ...",https://www.antaranews.com/berita/5312440/cara-update-ios-262-dan-daftar-perangkat-yang-tersedia-update,2025-12-18 23:27:47,Antara News
1366,Rekomendasi aplikasi game matematika yang seru untuk dimainkan anak,"Bagi sebagian anak, matematika sering dianggap sebagai pelajaran yang sulit dan membosankan. Angka, rumus, dan soal ...",https://www.antaranews.com/berita/5308708/rekomendasi-aplikasi-game-matematika-yang-seru-untuk-dimainkan-anak,2025-12-17 01:39:35,Antara News
1367,Cara menghapus akun user di PlayStation 4 tanpa mengganggu akun lain,PlayStation 4 memungkinkan penggunanya memiliki lebih dari satu user atau profil pengguna dalam satu konsol. Fitur ini ...,https://www.antaranews.com/berita/5308687/cara-menghapus-akun-user-di-playstation-4-tanpa-mengganggu-akun-lain,2025-12-17 01:25:47,Antara News
1368,"Cara keluar grup WhatsApp diam-diam, notifikasi hanya muncul ke admin","Keluar dari sebuah grup WhatsApp kerap menimbulkan rasa sungkan, terutama jika anggotanya terdiri dari rekan kerja, ...",https://www.antaranews.com/berita/5301658/cara-keluar-grup-whatsapp-diam-diam-notifikasi-hanya-muncul-ke-admin,2025-12-12 10:33:31,Antara News
1369,"Jenis baterai litium: Mengenal karakter, kelebihan, dan kekurangannya","Baterai litium kerap digunakan dalam kehidupan sehari-hari. Mulai untuk handphone, kamera digital, hingga kendaraan ...",https://www.antaranews.com/berita/5300704/jenis-baterai-litium-mengenal-karakter-kelebihan-dan-kekurangannya,2025-12-12 00:26:04,Antara News
1370,Ini faktor penyebab dan mencegah baterai lithium bisa meledak,"Sebuah insiden kebakaran terjadi di gedung milik PT Terra Drone Indonesia yang berlokasi di kawasan Kemayoran, Jakarta ...",https://www.antaranews.com/berita/5300695/ini-faktor-penyebab-dan-mencegah-baterai-lithium-bisa-meledak,2025-12-12 00:22:32,Antara News
1371,Tips pilih smartphone baru di akhir tahun 2025 untuk jangka panjang,"Menjelang akhir tahun 2025, pasar smartphone kembali dipenuhi berbagai pilihan baru dengan teknologi yang semakin maju. ...",https://www.antaranews.com/berita/5299288/tips-pilih-smartphone-baru-di-akhir-tahun-2025-untuk-jangka-panjang,2025-12-11 07:40:35,Antara News
1372,"Mana lebih aman untuk telinga, TWS atau earphone kabel?","Perdebatan soal mana yang lebih aman antara TWS (True Wireless Stereo) dan earphone kabel semakin sering muncul, ...",https://www.antaranews.com/berita/5295706/mana-lebih-aman-untuk-telinga-tws-atau-earphone-kabel,2025-12-09 11:34:09,Antara News
1373,Cek fitur ini sebelum membeli smartphone agar tak ketinggalan zaman,"Di tengah pesatnya perkembangan teknologi, memilih smartphone yang tepat bukan lagi perkara mudah. Setiap tahun, ...",https://www.antaranews.com/berita/5295268/cek-fitur-ini-sebelum-membeli-smartphone-agar-tak-ketinggalan-zaman,2025-12-09 09:34:48,Antara News
1374,"Daftar konsol resmi untuk GTA 6: PS4 tidak termasuk, ini alasannya",Perilisan GTA 6 sudah menjadi salah satu momen yang paling ditunggu oleh para pecinta game di seluruh dunia. Setelah ...,https://www.antaranews.com/berita/5294599/daftar-konsol-resmi-untuk-gta-6-ps4-tidak-termasuk-ini-alasannya,2025-12-09 03:21:11,Antara News
1375,10 tips efektif untuk menguasai komputer bagi pemula dengan mudah,"Seiring perkembangan zaman, kemampuan mengoperasikan komputer menjadi kebutuhan dasar di berbagai bidang.

Hampir ...",https://www.antaranews.com/berita/5294578/10-tips-efektif-untuk-menguasai-komputer-bagi-pemula-dengan-mudah,2025-12-09 03:15:00,Antara News
1376,Apa itu Spotify Wrapped?,"Setiap akhir tahun, para pengguna Spotify selalu menantikan momen dirilis-nya Spotify Wrapped fitur tahunan yang ...",https://www.antaranews.com/berita/5286850/apa-itu-spotify-wrapped,2025-12-04 09:20:17,Antara News
1377,Sejarah Hari Literasi Komputer Sedunia,"Di kehidupan modern yang serba digital saat ini, kemampuan menggunakan komputer bukan lagi sekadar nilai tambah, namun ...",https://www.antaranews.com/berita/5284249/sejarah-hari-literasi-komputer-sedunia,2025-12-03 06:47:14,Antara News
1378,"iQOO 15 akan rilis di Indonesia, ini spesifikasi dan estimasi harganya",Peluncuran smartphone terbaru dari iQOO kembali mencuri perhatian para penggemar teknologi di Tanah Air. Pada 2 ...,https://www.antaranews.com/berita/5280117/iqoo-15-akan-rilis-di-indonesia-ini-spesifikasi-dan-estimasi-harganya,2025-12-01 12:27:56,Antara News
1379,Spesifikasi & harga global POCO F8 Ultra,"POCO kembali menggemparkan pasar smartphone dengan kehadiran POCO F8 Ultra, perangkat yang dirancang untuk menjadi ...",https://www.antaranews.com/berita/5278517/spesifikasi-harga-global-poco-f8-ultra,2025-12-01 03:47:18,Antara News
1380,Apa yang baru di POCO F8 Pro? Ini spesifikasi dan harga globalnya,"POCO F8 Pro dan F8 Ultra resmi diperkenalkan di Bali, Indonesia, pada 26 November 2025. POCO F8 Pro hadir sebagai salah ...",https://www.antaranews.com/berita/5278489/apa-yang-baru-di-poco-f8-pro-ini-spesifikasi-dan-harga-globalnya,2025-12-01 03:42:43,Antara News
1381,Cara berbagi file iPhone - Android melalui AirDrop - Quick Share,Google resmi menghadirkan pembaruan pada fitur Quick Share yang kini dapat mengirim file lintas platform dengan AirDrop ...,https://www.antaranews.com/berita/5269133/cara-berbagi-file-iphone-android-melalui-airdrop-quick-share,2025-11-26 15:05:04,Antara News
1382,"Intip Persiapan Amanda Manopo Sambut Kelahiran si Kecil, Pamer Baby Room Gaya Scandinavia",Amanda Manopo mengunggah persiapan dirinya menyambut sang buah hati pertamanya.,https://women.okezone.com/read/2026/06/04/629/3222440/intip-persiapan-amanda-manopo-sambut-kelahiran-si-kecil-pamer-baby-room-gaya-scandinavia,2026-06-04 02:04:47,Okezone
1383,"Harta Kekayaan Silmy Karim, Wakil Menteri Imigrasi yang Serahkan Diri ke KPK dan Kini Pakai Rompi Oranye","Harta kekayaan Silmy Karim, Wakil Menteri Imigrasi dan Pemasyarakatan (Imipas) yang serahkan diri ke KPK.",https://economy.okezone.com/read/2026/06/04/455/3222448/harta-kekayaan-silmy-karim-wakil-menteri-imigrasi-yang-serahkan-diri-ke-kpk-dan-kini-pakai-rompi-oranye,2026-06-04 02:02:52,Okezone
1384,Target Timnas Voli Putri Indonesia di AVC Womens Volleyball Nations Cup 2026: Tembus 4 Besar!,Timnas Voli Putri Indonesia menargetkan lolos 4 besar AVC Womens Volleyball Nations Cup 2026.,https://sports.okezone.com/read/2026/06/04/43/3222446/target-timnas-voli-putri-indonesia-di-avc-womens-volleyball-nations-cup-2026-tembus-4-besar,2026-06-04 01:58:59,Okezone
1385,Kata-Kata Saddil Ramdani Jelang Bela Timnas Indonesia Lawan Oman dan Mozambik di FIFA Matchday Juni 2026,Saddil Ramdani siap memberikan yang terbaik saat dipercaya pelatih Timnas Indonesia John Herdman.,https://bola.okezone.com/read/2026/06/04/51/3222445/kata-kata-saddil-ramdani-jelang-bela-timnas-indonesia-lawan-oman-dan-mozambik-di-fifa-matchday-juni-2026,2026-06-04 01:47:09,Okezone
1386,Prabowo Ingin Program MBG Bersih dari Korupsi,"Presiden RI Prabowo Subianto menegaskan, program Makan Bergizi Gratis (MBG) harus bersih dari praktik korupsi dan penyimpangan. Komitmen itu diwujudkan melalui perombakan jajaran pimpinan Badan Gizi Nasional (BGN) sebagai langkah memperkuat transparansi dan akuntabilitas pengelolaan program strategis nasional tersebut.",https://news.okezone.com/read/2026/06/04/337/3222442/prabowo-ingin-program-mbg-bersih-dari-korupsi,2026-06-04 01:33:25,Okezone
1387,Betrand Peto Akui Ruben Onsu Kerap Direndahkan Pihak Sarwendah di Depan Anak,Konflik Ruben Onsu dan Sarwendah berkembang semakin panas setelah mantan personel Cherrybelle itu merendahkan sang presenter saat Live.,https://celebrity.okezone.com/read/2026/06/04/33/3222437/betrand-peto-akui-ruben-onsu-kerap-direndahkan-pihak-sarwendah-di-depan-anak,2026-06-04 01:30:00,Okezone
1388,"Harga Emas Antam Hari Ini 4 Juni Turun Rp15.000 Jadi Rp2.759.000 per Gram, Cek Daftarnya","Harga emas Antam logam mulia pada hari ini, Kamis 4 Juni 2026 turun Rp15.000 menjadi Rp2.759.000 per gram,",https://economy.okezone.com/read/2026/06/04/622/3222441/harga-emas-antam-hari-ini-4-juni-turun-rp15-000-jadi-rp2-759-000-per-gram-cek-daftarnya,2026-06-04 01:26:39,Okezone
1389,"Iran Bantah Serang Bandara Kuwait, Tuding Sistem Patriot AS Jadi Penyebab","Garda Revolusi Iran (IRGC) membantah bertanggung jawab atas serangan yang menghantam Bandara Internasional Kuwait, dan menewaskan satu orang serta melukai puluhan lainnya.",https://news.okezone.com/read/2026/06/04/18/3222439/iran-bantah-serang-bandara-kuwait-tuding-sistem-patriot-as-jadi-penyebab,2026-06-04 01:22:58,Okezone
1390,"Samp;amp;P Dikabarkan Turunkan Rating Utang RI, Purbaya Sebut Banyak Rumor",Samp;P Global Ratings dikabarkan menurunkan rating utang Indonesia. Menteri Keuangan Purbaya Yudhi Sadewa membantah kabar yang beredar.,https://economy.okezone.com/read/2026/06/04/320/3222438/s-p-dikabarkan-turunkan-rating-utang-ri-purbaya-sebut-banyak-rumor,2026-06-04 01:17:54,Okezone
1391,"Setting Spray vs Setting Powder, Mana yang Lebih Ampuh Bikin Makeup Tahan Lama dan Tak Geser?",Setting spray dan setting powder memiliki fungsi yang berbeda meski sama-sama bertujuan mengunci riasan agar lebih awet,https://women.okezone.com/read/2026/06/03/611/3222364/setting-spray-vs-setting-powder-mana-yang-lebih-ampuh-bikin-makeup-tahan-lama-dan-tak-geser,2026-06-04 01:05:19,Okezone
1392,"Tanggapi Investigasi AS soal Kerja Paksa, Pemerintah RI Pasang Badan",Praktik di sejumlah negara dalam mencegah impor barang yang diproduksi menggunakan praktik kerja paksa (forced labor).,https://economy.okezone.com/read/2026/06/04/320/3222436/tanggapi-investigasi-as-soal-kerja-paksa-pemerintah-ri-pasang-badan,2026-06-04 01:04:08,Okezone
1393,Prabowo Bakal Terima Surat Kepercayaan dari 17 Dubes Negara Sahabat Pekan Ini,"Menteri Luar Negeri RI, Sugiono, mengatakan bahwa Presiden Prabowo Subianto dijadwalkan menerima Surat Kepercayaan dari sejumlah duta besar negara sahabat yang bertugas di Indonesia pada pekan ini.",https://news.okezone.com/read/2026/06/04/337/3222435/prabowo-bakal-terima-surat-kepercayaan-dari-17-dubes-negara-sahabat-pekan-ini,2026-06-04 00:56:52,Okezone
1394,"Waspadai Modus Penipuan Kripto, Ini Cara Cegahnya","Ancaman siber kini semakin banyak menyasar manusia dibanding sistem teknologi. Data dari Tiger Research menunjukkan bahwa social engineering menjadi penyebab 74,7% total kerugian akibat kejahatan siber.",https://economy.okezone.com/read/2026/06/04/622/3222434/waspadai-modus-penipuan-kripto-ini-cara-cegahnya,2026-06-04 00:51:50,Okezone
1395,Hari Ini Noel Ebenezer Hadapi Vonis Kasus Dugaan Pemerasan Sertifikasi K3 Kemnaker!,"Mantan Wakil Menteri Ketenagakerjaan (Wamenaker), Immanuel Ebenezer atau Noel, dijadwalkan menjalani sidang pembacaan putusan dalam perkara dugaan pemerasan terkait pengurusan sertifikasi Keselamatan dan Kesehatan Kerja (K3), di Kementerian Ketenagakerjaan (Kemnaker), Kamis (4/6/2026).",https://news.okezone.com/read/2026/06/04/337/3222433/hari-ini-noel-ebenezer-hadapi-vonis-kasus-dugaan-pemerasan-sertifikasi-k3-kemnaker,2026-06-04 00:39:39,Okezone
1396,"IHSG Anjlok ke Level Terendah sejak 2021, Purbaya: Jangan Takut","Indeks Harga Saham Gabungan (IHSG) anjlok ke level terendah sejak 2021. Pada penutupan perdagangan Rabu, IHSG ditutup anjlok 254,36 poin atau 4,11 persen ke level 5.941.",https://economy.okezone.com/read/2026/06/04/278/3222432/ihsg-anjlok-ke-level-terendah-sejak-2021-purbaya-jangan-takut,2026-06-04 00:37:00,Okezone
1397,Reaksi Ruben Onsu Usai Diduga Direndahkan Sarwendah Pakai Kata-Kata Kasar saat Live,Ruben Onsu menanggapi dengan bijak kata-kata kasar yang sempat dilayangkan Sarwendah untuknya saat Live TikTok.,https://celebrity.okezone.com/read/2026/06/04/33/3222447/reaksi-ruben-onsu-usai-diduga-direndahkan-sarwendah-pakai-kata-kata-kasar-saat-live,2026-06-04 00:30:00,Okezone
1398,"Gempa M5,3 di Labuan Bajo NTT Tak Berpotensi Tsunami, Ini Analisis BMKG","Gempa bumi berkekuatan magnitudo 5,3 mengguncang wilayah Labuan Bajo, Nusa Tenggara Timur (NTT), pada Rabu (3/6/2026) pukul 23.55.38 WIB. Badan Meteorologi, Klimatologi, dan Geofisika (BMKG) memastikan gempa tersebut tidak berpotensi menimbulkan tsunami.",https://news.okezone.com/read/2026/06/04/337/3222431/gempa-m5-3-di-labuan-bajo-ntt-tak-berpotensi-tsunami-ini-analisis-bmkg,2026-06-04 00:29:35,Okezone
1399,Grab soal Rumor Mau Cabut dari Indonesia: Tidak Benar!,"Beredar rumor yang menyatakan Grab berencana keluar dari Indonesia. Grab menegaskan, rumor tersebut tidak benar.",https://economy.okezone.com/read/2026/06/04/320/3222430/grab-soal-rumor-mau-cabut-dari-indonesia-tidak-benar,2026-06-04 00:21:09,Okezone
1400,"Harga BBM Terbaru Pertamina, Shell, BP dan Vivo per 4 Juni 2026amp;nbsp;","Daftar harga BBM terbaru Pertamina, Shell, BP dan Vivo per Juni 2026. Harga BBM kembali disesuaikan, ada yang naik dan turun.",https://economy.okezone.com/read/2026/06/03/320/3222413/harga-bbm-terbaru-pertamina-shell-bp-dan-vivo-per-4-juni-2026,2026-06-04 00:19:55,Okezone
1401,Rekomendasi Menu Sarapan Paling Baik Sebelum Olahraga Ala Menkes Budi: Pisang dan Ubi Cilembu!,Berikut Rekomendasi Menu Sarapan Paling Baik Sebelum Olahraga Ala Menkes Budi,https://women.okezone.com/read/2026/06/03/298/3222348/rekomendasi-menu-sarapan-paling-baik-sebelum-olahraga-ala-menkes-budi-pisang-dan-ubi-cilembu,2026-06-04 00:05:42,Okezone
1402,"Silmy Karim Serahkan Diri ke KPK, Rumah Digeledah dan Mobil Mewah Disegel",Tim Komisi Pemberantasan Korupsi (KPK) melakukan penggeledahan di rumah Wakil Menteri Imigrasi dan Pemasyarakatan (Imipas) Silmy Karim.,https://news.okezone.com/read/2026/06/04/337/3222427/silmy-karim-serahkan-diri-ke-kpk-rumah-digeledah-dan-mobil-mewah-disegel,2026-06-04 00:02:30,Okezone
1403,"Setelah 18 Tahun, Dewi Lestari Kembali Rilis Album Penuh","Dewi Lestari mengaku, rencana merilis album solo baru sebenarnya sudah dibahas cukup lama, bahkan saat mendiang suaminya masih hidup.",https://celebrity.okezone.com/read/2026/06/04/205/3222428/setelah-18-tahun-dewi-lestari-kembali-rilis-album-penuh,2026-06-03 23:30:00,Okezone
1404,Kisah Tandukan Zinedine Zidane ke Marco Materazzi di Final Piala Dunia 2006,"Insiden menggemparkan itu terjadi di Olympiastadion, Berlin, pada 9 Juli 2006. Italia berhadapan dengan Prancis di final Piala Dunia.",https://bola.okezone.com/read/2026/06/03/51/3222378/kisah-tandukan-zinedine-zidane-ke-marco-materazzi-di-final-piala-dunia-2006,2026-06-03 23:10:31,Okezone
1405,Peristiwa 4 Juni: Zhang Zuolin Dibunuh Agen Jepang hingga Berakhirnya Evakuasi Dunkerque,"Sejumlah peristiwa penting tercatat dalam sejarah dunia pada 4 Juni. Mulai dari penyerahan Siprus kepada Britania Raya, pembunuhan panglima perang Tiongkok Zhang Zuolin oleh agen Jepang, hingga berakhirnya Evakuasi Dunkerque pada Perang Dunia II.",https://news.okezone.com/read/2026/06/03/337/3222374/peristiwa-4-juni-zhang-zuolin-dibunuh-agen-jepang-hingga-berakhirnya-evakuasi-dunkerque,2026-06-03 23:10:05,Okezone
1406,"Viral! Pemuda Nangis Sesenggukan Usai Terjatuh ke Sawah, Ternyata Baru Putus Cinta",Video viral di media sosial yang menunjukkan seorang pemuda menangis seseunggukan usai terjatuh ke sawah,https://women.okezone.com/read/2026/06/03/612/3222357/viral-pemuda-nangis-sesenggukan-usai-terjatuh-ke-sawah-ternyata-baru-putus-cinta,2026-06-03 23:05:39,Okezone
1407,"BLT Rp600.000 Cair di Juni 2026, Cek Rekening!amp;nbsp;",BLT cair lagi di Juni 2026. Masyarakat yang terdaftar sebagai penerima manfaat akan mendapatkan bantuan sosial (bansos) bulan ini.,https://economy.okezone.com/read/2026/06/03/320/3222281/blt-rp600-000-cair-di-juni-2026-cek-rekening,2026-06-03 23:00:24,Okezone
1408,Timnas Indonesia U-19 Menang 3-0 atas Timor Leste U-19 di Piala AFFU-19 2026 Malam Ini?,Timnas Indonesia U-19 berpotensi menang besar saat bersua Timor Leste U-19 di Piala AFF U-19 2026.,https://bola.okezone.com/read/2026/06/04/51/3222423/timnas-indonesia-u-19-menang-3-0-atas-timor-leste-u-19-di-piala-affu-19-2026-malam-ini,2026-06-03 22:49:35,Okezone
1409,"Kisah Pevoli Cantik Shella Bernadetha, Sempat Menjalin Asmara dengan Winger PS Barito Putera","Momen paling dikenang terjadi pada 26 Januari 2021, ketika Shella ikut mengantar Bagus Kahfi ke Bandara Soekarno-Hatta.",https://sports.okezone.com/read/2026/06/03/43/3222343/kisah-pevoli-cantik-shella-bernadetha-sempat-menjalin-asmara-dengan-winger-ps-barito-putera,2026-06-03 22:48:52,Okezone
1410,"Kuliah Lagi, Dewi Perssik Akui Kesulitan Mata Kuliah Bahasa Inggris",Dewi Perssik blakblakan mengaku tak mengerti apa yang diucapkan sang dosen selama 2 jam perkuliahan.,https://celebrity.okezone.com/read/2026/06/04/33/3222422/kuliah-lagi-dewi-perssik-akui-kesulitan-mata-kuliah-bahasa-inggris,2026-06-03 22:30:00,Okezone
1411,"Prakiraan Cuaca Jakarta Hari Ini: Berpotensi Hujan Ringan, Jakbar hingga Jaktim Waspada","Badan Meteorologi, Klimatologi, dan Geofisika (BMKG) memprakirakan cuaca di DKI Jakarta mengalami hujan ringan pada hari ini, Kamis (4/6/2026). Masyarakat yang beraktivitas di luar ruangan diimbau untuk menyiapkan perlengkapan antisipasi cuaca, seperti payung atau jas hujan.",https://news.okezone.com/read/2026/06/03/338/3222372/prakiraan-cuaca-jakarta-hari-ini-berpotensi-hujan-ringan-jakbar-hingga-jaktim-waspada,2026-06-03 22:10:05,Okezone
1412,"Istri Kacab Bank Menangis 3 Prajurit TNI Lolos Pembunuhan Berencana, Keluarga Minta Oditur Banding!",Iwan bahkan mengaku hukuman yang diterima tiga prajurit itu tidak sepadan dengan nyawa menantunya yang telah tiada.,https://news.okezone.com/read/2026/06/03/337/3222412/istri-kacab-bank-menangis-3-prajurit-tni-lolos-pembunuhan-berencana-keluarga-minta-oditur-banding,2026-06-03 20:00:07,Okezone
1413,"Kasus Ijazah Jokowi Segera Disidang, Roy Suryo: Polda Metro Kayaknya Didorong Termul yang Ngamuk!",Roy Suryo menyoroti pernyataan Polda Metro Jaya terkait kasus tersebut telah dinyatakan lengkap sehingga segera disidang.,https://news.okezone.com/read/2026/06/03/338/3222410/kasus-ijazah-jokowi-segera-disidang-roy-suryo-polda-metro-kayaknya-didorong-termul-yang-ngamuk,2026-06-03 19:00:11,Okezone
1414,"Israel Setujui RUU Larang Seruan Azan, Hakim Agung Palestina: Serangan Terhadap Umat Islam",RUU tersebut diajukan oleh partai sayap kanan Otzma Yehudit pimpinan Menteri Keamanan Nasional israel Itamar Ben-Gvir.,https://news.okezone.com/read/2026/06/03/18/3222342/israel-setujui-ruu-larang-seruan-azan-hakim-agung-palestina-serangan-terhadap-umat-islam,2026-06-03 18:05:15,Okezone
1415,Laporan Media: AS Tekan Oman untuk Putuskan Hubungan dengan Iran,Pemeirntahan Trump memandang sikap netral Oman sebagai tindakan yang bermusuhan dengan kepentingan AS.,https://news.okezone.com/read/2026/06/03/18/3222333/laporan-media-as-tekan-oman-untuk-putuskan-hubungan-dengan-iran,2026-06-03 17:05:33,Okezone
1416,3 Prajurit Kopassus Penculik danamp;nbsp;Pembunuh Kacab Bank Didorong Motivasi Miliki Uang Banyak,Hakim menyebut hasrat memperoleh uang itu dilakukan tanpa mempedulikan keselamatan nyawa orang lain.,https://news.okezone.com/read/2026/06/03/337/3222402/3-prajurit-kopassus-penculik-dan-pembunuh-kacab-bank-didorong-motivasi-miliki-uang-banyak,2026-06-03 16:30:37,Okezone
1417,"2 Warga Tertembak Peluru Nyasar di Kampus UNP, TNI AD: Kita Investigasi!",Donny menyebut langkah ini dilakukan di tengah kabar di mana korban terkena peluru nyasar ini bertepatan dengan kegiatan latihan Batalion Infanteri (Yonif) TP 897/Singgalang.,https://news.okezone.com/read/2026/06/03/340/3222419/2-warga-tertembak-peluru-nyasar-di-kampus-unp-tni-ad-kita-investigasi,2026-06-03 16:00:38,Okezone
1418,Kejagung Tahan Mantan Pimpinan BGN dalam Kasus Korupsi MBG,"JAKARTA - Tersangka dugaan tindak pidana korupsi tata kelola program Makan Bergizi Gratis (MBG) pada Badan Gizi Nasional (BGN) Dadan Hindayana (tengah) berjalan menuju mobil tahanan di Kejaksaan Agung, Jakarta, Rabu (3/6/2026). Kejaksaan Agung menetapkan mantan Kepala BGN Dadan Hindayana, dan dua mantan Wakil Kepala BGN yakni Sony Sanjaya dan Lodewyk Pusung sebagai tersangka dugaan tindak pidana korupsi tata kelola program MBG pada BGN tahun 2025-2026.amp;nbsp;",https://foto.okezone.com/view/2026/06/03/1/105165/kejagung-tahan-mantan-pimpinan-bgn-dalam-kasus-korupsi-mbg,2026-06-03 15:56:56,Okezone
1419,Kejagung Geledah Kantor Badan Gizi Nasional,"JAKARTA -amp;nbsp;Sejumlah petugas penyidik pidana khusus (Pidsus) Kejaksaan Agung berjalan menuju mobil usai melakukan penggeledahan di Kantor Badan Gizi Nasional (BGN), Jakarta, Rabu (3/6/2026). Dalam penggeledahan tersebut Kejagung mengamankan sejumlah barang bukti terkait kasus dugaan kasus jual-beli titik Satuan Pelayanan Pemenuhan Gizi (SPPG).amp;nbsp;",https://foto.okezone.com/view/2026/06/03/1/105163/kejagung-geledah-kantor-badan-gizi-nasional,2026-06-03 15:53:05,Okezone
1420,Komisi XIII DPR Gelar Rapat Kerja Bersama KSP,"JAKARTA - Kepala Kantor Staf Kepresidenan (KSP) Jenderal TNI (Purn) Dudung Abdurachman (kedua kiri) menyampaikan paparan saat rapat kerja dengan Komisi XIII DPR di Kompleks Parlemen, Senayan, Jakarta, Rabu (3/6/2026). Dalam rapat tersebut Dudung Abdurachman mengatakan KSP terus memperkuat perannya dalam mengawal pelaksanaan program prioritas nasional, mengelola isu strategis, memfasilitasi koordinasi lintas kementerian atau lembaga serta menyampaikan rekomendasi strategis kepada presiden.amp;nbsp;",https://foto.okezone.com/view/2026/06/03/1/105161/komisi-xiii-dpr-gelar-rapat-kerja-bersama-ksp,2026-06-03 15:45:46,Okezone
1421,Pameran IIW Indonesia 2026 Perkuat Kolaborasi Industri Internasional,"JAKARTA - Pengunjung melihat pameran International Industrial Week (IIW) Indonesia 2026 di JIExpo Kemayoran, Jakarta, Rabu (3/6/2026). amp;nbsp; Pameran industri berskala internasional yang diselenggarakan oleh PT Meorient Exhibition International tersebut menghadirkan lebih dari 1.800 peserta pameran yang menampilkan beragam teknologi, produk, dan solusi industri terkini, serta dihadiri buyer dan pengunjung profesional dari lebih dari 15 negara. amp;nbsp; President Director PT Meorient Exhibition International Larissa Zhou mengatakan IIW Indonesia bukan sekadar ajang pameran, melainkan platform yang mempertemukan pelaku industri untuk berkolaborasi, bertukar ide, mengeksplorasi teknologi terbaru, dan menciptakan peluang bisnis baru. Menurutnya, pameran ini diharapkan dapat melahirkan berbagai kemitraan strategis yang mendukung perkembangan industri di masa depan. amp;nbsp; IIW Indonesia 2026 menghadirkan berbagai sektor industri, mulai dari manufaktur, mesin industri, logistik, materi",https://foto.okezone.com/view/2026/06/03/1/105159/pameran-iiw-indonesia-2026-perkuat-kolaborasi-industri-internasional,2026-06-03 15:45:39,Okezone
1422,"KPK Tangkap 17 Orang Terkait OTT di Jakbar, Termasuk Mantan Plt Dirjen Imigrasi Safar Godam","Budi merincikan, dari 17 orang itu terdiri dari delapan penyelenggara negara/PNS dan sembilan orang lainnya pihak swasta.",https://news.okezone.com/read/2026/06/03/337/3222405/kpk-tangkap-17-orang-terkait-ott-di-jakbar-termasuk-mantan-plt-dirjen-imigrasi-safar-godam,2026-06-03 15:30:29,Okezone
1423,Transformasi Lippo Icon Cibubur Hadirkan Destinasi Lifestyle Terpadu,"JAKARTA - Pengunjung melihat suasana baru Lippo Icon Cibubur usai peresmian rebranding di Jakarta, Rabu (3/6/2026).amp;nbsp; amp;nbsp; Transformasi tersebut merupakan bagian dari strategi Lippo Malls Indonesia dalam memperkuat portofolio pusat perbelanjaan sekaligus menjawab kebutuhan gaya hidup masyarakat urban yang terus berkembang. Mengusung konsep The New Lifestyle Landmark, Lippo Icon Cibubur hadir sebagai destinasi gaya hidup modern berbasis pengalaman (experiential lifestyle destination) yang memadukan unsur belanja, kuliner, hiburan, dan interaksi sosial dalam satu kawasan. Melalui rebranding ini, Lippo Malls Indonesia berharap dapat menghadirkan pengalaman berkunjung yang lebih relevan, dinamis, dan terhubung dengan kebutuhan masyarakat masa kini.",https://foto.okezone.com/view/2026/06/03/1/105151/transformasi-lippo-icon-cibubur-hadirkan-destinasi-lifestyle-terpadu,2026-06-03 15:15:20,Okezone
1424,Inovasi Digital Permudah Akses Layanan Kesehatan Masyarakat Raih Apresiasi Nasional,"JAKARTA - Layanan WhatsApp Commerce milik VIVA Apotek meraih penghargaan Top Innovation Choice Award 2026 di Jakarta. Penghargaan tersebut diberikan sebagai apresiasi atas inovasi layanan digital yang memudahkan masyarakat mengakses informasi produk kesehatan, berkonsultasi, hingga melakukan pemesanan secara lebih praktis dan cepat. amp;nbsp; Seiring meningkatnya pemanfaatan teknologi digital dalam kehidupan sehari-hari, VIVA Apotek menghadirkan layanan berbasis WhatsApp untuk menjawab kebutuhan masyarakat akan akses layanan kesehatan yang lebih mudah dan efisien. Melalui platform tersebut, pelanggan dapat memperoleh informasi dan layanan kesehatan melalui satu kanal yang mudah dijangkau. amp;nbsp; Presiden Direktur VIVA Apotek Haryanto Winata mengatakan penghargaan tersebut menjadi bentuk apresiasi atas upaya perusahaan dalam menghadirkan inovasi yang relevan dengan kebutuhan masyarakat. Menurutnya, transformasi digital di bidang kesehatan harus mampu memberikan kemudahan akses, kecep",https://foto.okezone.com/view/2026/06/03/1/105149/inovasi-digital-permudah-akses-layanan-kesehatan-masyarakat-raih-apresiasi-nasional,2026-06-03 15:15:13,Okezone
1425,"OTT Kantor Imigrasi Jakbar: KPK Sita 22 Kendaraan, 11 Sepeda hingga Ratusan Gram Logam Mulia","Juru Bicara KPK, Budi Prasetyo mengatakan, dalam operasi senyap ini menyita puluhan kendaraan bermotor hingga sepeda yang terdiri dari MTB dan Brompton.",https://news.okezone.com/read/2026/06/03/337/3222416/ott-kantor-imigrasi-jakbar-kpk-sita-22-kendaraan-11-sepeda-hingga-ratusan-gram-logam-mulia,2026-06-03 15:06:14,Okezone
1426,Seskab Teddy Raih Penghargaan Penulis Taskap Terbaik Dikreg Seskoad 2026,"Karena itu, Maruli mengingatkan para lulusan untuk terus menjaga integritas, meningkatkan kapasitas diri, serta mengembangkan budaya belajar sepanjang hayat.",https://news.okezone.com/read/2026/06/03/337/3222414/seskab-teddy-raih-penghargaan-penulis-taskap-terbaik-dikreg-seskoad-2026,2026-06-03 15:00:14,Okezone
1427,"3 Pemain Odong-Odong Tewas Tersetrum saat Pesta Sunatan, Begini Penjelasan PLN Cikarang",Salah seorang pemain diduga tidak sengaja menyentuh kabel yang masih bertegangan listrik sehingga menyebabkan sengatan listrik yang kemudian merambat ke korban lainnya.,https://news.okezone.com/read/2026/06/03/338/3222409/3-pemain-odong-odong-tewas-tersetrum-saat-pesta-sunatan-begini-penjelasan-pln-cikarang,2026-06-03 14:35:40,Okezone
1428,"Diburu KPK, Wamen Silmy Karim Terdeteksi Berada di Jakarta","Juru Bicara KPK, Budi Prasetyo menyatakan, berdasarkan informasi yang diterima, yang bersangkutan masih berada di Jakarta.",https://news.okezone.com/read/2026/06/03/337/3222407/diburu-kpk-wamen-silmy-karim-terdeteksi-berada-di-jakarta,2026-06-03 14:18:30,Okezone
1429,Prabowo ke Petugas MBG: Terima Kasih Atas Kesetiaan Kalian,"Menurutnya, keberhasilan Program Makan Bergizi Gratis tidak terlepas dari kerja keras para petugas di lapangan.",https://news.okezone.com/read/2026/06/03/337/3222401/prabowo-ke-petugas-mbg-terima-kasih-atas-kesetiaan-kalian,2026-06-03 13:45:46,Okezone
1430,"KPK Bawa Barbuk OTT Kantor Imigrasi ke Gedung Merah Putih, Ada Baby Benz hingga Motor Triumph","Diketahui, dalam giat itu turut disita sejumlah barang bukti yang terdiri dari kendaraan, mata uang asing, hingga logam mulia.",https://news.okezone.com/read/2026/06/03/337/3222396/kpk-bawa-barbuk-ott-kantor-imigrasi-ke-gedung-merah-putih-ada-baby-benz-hingga-motor-triumph,2026-06-03 13:07:34,Okezone
1431,"Kasus Korupsi MBG, Kejagung Geledah Rumah Dadan Hindayana dan 2 Tersangka",Kejaksaan Agung (Kejagung) juga melakukan penggeledahan rumah 3 tersangka kasus dugaan korupsi tata kelola program Makan Bergizi Gratis (MBG).,https://news.okezone.com/read/2026/06/03/337/3222394/kasus-korupsi-mbg-kejagung-geledah-rumah-dadan-hindayana-dan-2-tersangka,2026-06-03 13:02:51,Okezone
1432,"Dadan Cs Jadi Tersangka, Tama Langkun Dukung Penegakan Hukum Minta MBG Fokus untuk Rakyat","Menurutnya, langkah penegakan hukum yang dilakukan penyidik harus dihormati karena merupakan bagian dari proses yang didasarkan pada alat bukti sesuai ketentuan perundang-undangan.",https://news.okezone.com/read/2026/06/03/337/3222388/dadan-cs-jadi-tersangka-tama-langkun-dukung-penegakan-hukum-minta-mbg-fokus-untuk-rakyat,2026-06-03 12:42:29,Okezone
1433,Begini Penampakan Dadan Hindayana saat Dijemput Penyidik Kejagung di Rumahnya,"Kejaksaan Agung (Kejagung) menetapkan eks Kepala Badan Gizi Nasional (BGN) Dadan Hindayana serta dua eks Wakil Kepala BGN, Sony Sonjaya dan Lodewyk Pusung, sebagai tersangka dalam kasus dugaan tindak pidana korupsi penyimpangan tata kelola program Makan Bergizi Gratis (MBG) di BGN periode 2025-2026.",https://news.okezone.com/read/2026/06/03/337/3222385/begini-penampakan-dadan-hindayana-saat-dijemput-penyidik-kejagung-di-rumahnya,2026-06-03 12:25:23,Okezone
1434,Ducati Sabar Tunggu Marc Marquez Kompetitif Lagi di MotoGP 2026: Dia Pejuang Sejati,Ducati sabar menanti kapan Marc Marquez bisa kompetitif lagi di MotoGP 2026.,https://sports.okezone.com/read/2026/06/03/38/3222309/ducati-sabar-tunggu-marc-marquez-kompetitif-lagi-di-motogp-2026-dia-pejuang-sejati,2026-06-03 20:04:05,Okezone
1435,Fabio Quartararo Bantah Jadi Penyebab Francesco Bagnaia Batal Gabung Yamaha,Fabio Quartararo angkat bicara mengenai kegagalan Francesco Bagnaia bergabung dengan tim pabrikan Yamaha di MotoGP 2027.,https://sports.okezone.com/read/2026/06/03/38/3222302/fabio-quartararo-bantah-jadi-penyebab-francesco-bagnaia-batal-gabung-yamaha,2026-06-03 18:20:51,Okezone
1436,"2 Pembalap Pengganti yang Resmi Mentas di MotoGP Hungaria 2026, Nomor 1 Rider Veteran!",Berikut dua pembalap pengganti yang resmi mentas di MotoGP Hungaria 2026.,https://sports.okezone.com/read/2026/06/03/38/3222300/2-pembalap-pengganti-yang-resmi-mentas-di-motogp-hungaria-2026-nomor-1-rider-veteran,2026-06-03 17:15:03,Okezone
1437,FIFA Goes to McD Tawarkan Merchandise dan Coaching Clinic,"JAKARTA -amp;nbsp;Associate Director of Marketing McDonaldamp;rsquo;s Indonesia Caroline Kurniadjaja (kiri) dan Co-founder Ayo Indonesia Joe Raimundus berfoto usai konferensi pers Pesta Bola Dunia di McD, Jakarta, Rabu (3/6/2026). McDonaldamp;rsquo;s Indonesia meluncurkan kampanye FIFA Goes to McD dalam menyambut penyelenggaraan FIFA World Cup 2026 dengan menghadirkan koleksi merchendise hingga kesempatan coaching klinik bersama pemain sepak bola profesional.",https://foto.okezone.com/view/2026/06/03/2/105157/fifa-goes-to-mcd-tawarkan-merchandise-dan-coaching-clinic,2026-06-03 15:45:34,Okezone
1438,"3 Pemegang Rekor Top Speed MotoGP Sepanjang Sejarah, Nomor 1 Bikin Rider Ducati dan KTM Terkejut",Berikut 3 Pemegang Rekor Top Speed MotoGP Sepanjang Sejarah.,https://sports.okezone.com/read/2026/06/03/38/3222335/3-pemegang-rekor-top-speed-motogp-sepanjang-sejarah-nomor-1-bikin-rider-ducati-dan-ktm-terkejut,2026-06-03 15:01:27,Okezone
1439,"Indonesia Open 2026: Raymond/Joaquin Sukses Balas Dendam ke Pasangan Jepang, Ini Kuncinya!",Raymond Indra/Nikolaus Joaquin sukses membalas dendam ke pasangan Kakeru Kumagai/Hiroki Nishi di babak pertama Indonesia Open 2026 Super 1000.,https://sports.okezone.com/read/2026/06/03/40/3222395/indonesia-open-2026-raymond-joaquin-sukses-balas-dendam-ke-pasangan-jepang-ini-kuncinya,2026-06-03 13:06:00,Okezone
1440,"5 Pevoli Cantik Indonesia yang Berpostur Jangkung, Nomor 1 Main di Luar Negeri!",Berikut 5 Pevoli Cantik Indonesia yang Berpostur Jangkung.,https://sports.okezone.com/read/2026/06/03/43/3222329/5-pevoli-cantik-indonesia-yang-berpostur-jangkung-nomor-1-main-di-luar-negeri,2026-06-03 12:01:59,Okezone
1441,Veda Ega Pratama Satu-satunya Pembalap di Luar Spanyol yang Masuk 5 Besar Klasemen Sementara Moto3 2026,Veda Ega Pratama menjadi satu-satunya pembalap di luar Spanyol yang masuk 5 besar klasemen Moto3 2026!,https://sports.okezone.com/read/2026/06/03/38/3222334/veda-ega-pratama-satu-satunya-pembalap-di-luar-spanyol-yang-masuk-5-besar-klasemen-sementara-moto3-2026,2026-06-03 09:14:36,Okezone
1442,"8 Klub Top yang Pernah Dibela Pevoli Cantik Yolla Yuliana, Nomor 1 Paling Membekas!",Berikut 8 Klub Top yang Pernah Dibela Pevoli Cantik Yolla Yuliana.,https://sports.okezone.com/read/2026/06/03/43/3222308/8-klub-top-yang-pernah-dibela-pevoli-cantik-yolla-yuliana-nomor-1-paling-membekas,2026-06-03 08:04:19,Okezone
1443,Indonesia Open 2026: Tiwi/Fadia Beberkan Kunci Sukses Tumbangkan Unggulan Korea Selatan,"Ganda putri Indonesia, Amallia Cahaya Pratiwi/Siti Fadia Silva Ramadhanti, sukses mencuri perhatian publik Istora Senayan!",https://sports.okezone.com/read/2026/06/03/40/3222295/indonesia-open-2026-tiwi-fadia-beberkan-kunci-sukses-tumbangkan-unggulan-korea-selatan,2026-06-03 07:36:20,Okezone
1444,"Hasil Indonesia Open 2026: Amallia/Siti Tumbangkan Raksasa Korea, 3 Wakil Merah Putih Gugur di 16 Besar","Kejutan Istora! Tiwi/Fadia Tumbangkan Raksasa Korea, Tiga Wakil Indonesia Lainnya Gugur.",https://sports.okezone.com/read/2026/06/03/40/3222268/hasil-indonesia-open-2026-amallia-siti-tumbangkan-raksasa-korea-3-wakil-merah-putih-gugur-di-16-besar,2026-06-03 06:10:45,Okezone
1445,"Jadwal dan Link Live Streaming Indonesia Open 2026, Klik di Sini!",Simak jadwal dan link live streaming Indonesia Open 2026 di Vision.,https://sports.okezone.com/read/2026/06/03/40/3222294/jadwal-dan-link-live-streaming-indonesia-open-2026-klik-di-sini,2026-06-03 05:34:56,Okezone
1446,Daftar 7 Wakil Indonesia di 16 Besar Indonesia Open 2026: Alwi Farhan vs Jonatan Christie!,Berikut daftar 7 wakil Indonesia di 16 besar Indonesia Open 2026. Jonatan Christie dan Alwi Farhan saling bentrok!,https://sports.okezone.com/read/2026/06/03/40/3222216/daftar-7-wakil-indonesia-di-16-besar-indonesia-open-2026-alwi-farhan-vs-jonatan-christie,2026-06-03 02:33:22,Okezone
1447,"Kisah Pevoli Supercantik Jakarta Livin Mandiri Yolla Yuliana, Ternyata Pernah Main Film dan Jadi Model Video Klip","Yolla Yuliana menyimpan sisi lain yang tak banyak diketahui penggemar, ya atlet cantik tersebut pernah jadi cameo.",https://sports.okezone.com/read/2026/06/02/43/3222144/kisah-pevoli-supercantik-jakarta-livin-mandiri-yolla-yuliana-ternyata-pernah-main-film-dan-jadi-model-video-klip,2026-06-02 23:00:43,Okezone
1448,Jadwal MotoGP Hungaria 2026: Marc Marquez Raih Kemenangan Perdana?,Simak jadwal MotoGP Hungaria 2026 akhir pekan ini.,https://sports.okezone.com/read/2026/06/02/38/3222087/jadwal-motogp-hungaria-2026-marc-marquez-raih-kemenangan-perdana,2026-06-02 21:43:28,Okezone
1449,"Nekat Comeback di MotoGP Italia 2026, Marc Marquez Masih Berambisi Juara Dunia?",Marc Marquez berambisi menjadi juara dunia MotoGP 2026 dengan kembali di Italia?,https://sports.okezone.com/read/2026/06/02/38/3222077/nekat-comeback-di-motogp-italia-2026-marc-marquez-masih-berambisi-juara-dunia,2026-06-02 20:54:08,Okezone
1450,Ai Ogura Akui Caranya Salip Marc Marquez di MotoGP Italia 2026 Kurang Bersih,Ai Ogura mengakui caranya menyalip Marc Marquez di MotoGP Italia 2026 kurang bersih.,https://sports.okezone.com/read/2026/06/02/38/3222076/ai-ogura-akui-caranya-salip-marc-marquez-di-motogp-italia-2026-kurang-bersih,2026-06-02 18:20:14,Okezone
1451,Megawati Hangestri Asyik Ngobrol dengan An Se-young hingga Berbagi Tawa,Megawati Hangestri Pertiwi asyik mengobrol dengan An Se-young hingga saling berbagi tawa.,https://sports.okezone.com/read/2026/06/02/43/3222104/megawati-hangestri-asyik-ngobrol-dengan-an-se-young-hingga-berbagi-tawa,2026-06-02 17:10:09,Okezone
1452,Momen Kocak Pebulutangkis Loh Kean Yew Salah Naik Podium di Singapura Open 2026,"Loh Kean Yew salah naik podium saat upacara penyerahan hadiah Singapura Open 2026, Minggu (1/6/2026).",https://sports.okezone.com/read/2026/06/02/40/3222088/momen-kocak-pebulutangkis-loh-kean-yew-salah-naik-podium-di-singapura-open-2026,2026-06-02 13:10:27,Okezone
1453,"Jonatan Christie Kejar Gelar Perdana di Indonesia Open 2026, Publik Istora Menanti!",Pebulu tangkis yang akrab disapa Jojo itu sukses melangkah ke babak 16 besar turnamen BWF Super 1000 tersebut,https://sports.okezone.com/read/2026/06/02/40/3222122/jonatan-christie-kejar-gelar-perdana-di-indonesia-open-2026-publik-istora-menanti,2026-06-02 11:15:44,Okezone
1454,"5 Calon Kuat Juara Tunggal Putra di Indonesia Open 2026, Nomor 1 sang Peringkat Satu Dunia!",Berikut 5 Calon Kuat Juara Tunggal Putra di Indonesia Open 2026.,https://sports.okezone.com/read/2026/06/02/40/3222114/5-calon-kuat-juara-tunggal-putra-di-indonesia-open-2026-nomor-1-sang-peringkat-satu-dunia,2026-06-02 10:36:50,Okezone
1455,"Rekap Hasil Indonesia Open 2026: 3 Wakil Merah Putih Lolos ke 16 Besar, Leo/Daniel Gugur","Mereka adalah Rachel Allessya Rose/Febi Setianingrum (ganda putri), Febriana Dwipuji Kusuma/Meilysa Trias Puspitasari (ganda putri), dan Amri Syahnawi/Nita Violina Marwah (ganda campuran).",https://sports.okezone.com/read/2026/06/02/40/3222082/rekap-hasil-indonesia-open-2026-3-wakil-merah-putih-lolos-ke-16-besar-leo-daniel-gugur,2026-06-02 09:07:45,Okezone
1456,"Sentuhan Mewah Sportainment di Istora, Badminton Lovers Terpukau Wajah Baru Indonesia Open 2026","Sentuhan Mewah Sportainment di Istora, Badminton Lovers Terpukau Wajah Baru Indonesia Open 2026",https://sports.okezone.com/read/2026/06/02/40/3222033/sentuhan-mewah-sportainment-di-istora-badminton-lovers-terpukau-wajah-baru-indonesia-open-2026,2026-06-02 05:47:52,Okezone
1457,Serena Williams Resmi Kembali Bertanding di Tenis Profesional pada Usia 44 Tahun,"Serena secara resmi comeback ke tenis profesional, hampir empat tahun setelah terakhir kali bertanding di US Open 2022",https://sports.okezone.com/read/2026/06/02/43/3221995/serena-williams-resmi-kembali-bertanding-di-tenis-profesional-di-usia-44-tahun,2026-06-02 03:46:36,Okezone
1458,"5 Pebulu Tangkis Indonesia yang Jadi Unggulan di Indonesia Open 2026, Nomor 1 Jonatan Christie!","Berikut 5 pebulu tangkis Indonesia yang jadi unggulan di Indonesia Open 2026, ada Jonatan Christie!",https://sports.okezone.com/read/2026/06/02/40/3221988/5-pebulu-tangkis-indonesia-yang-jadi-unggulan-di-indonesia-open-2026-nomor-1-jonatan-christie,2026-06-02 03:17:18,Okezone
1459,Jonatan Christie dan Alwi Farhan Kompak Lolos ke 16 Besar Indonesia Open 2026?,"Jonatan Christie dan Alwi Farhan kompak turun di babak 32 besar Indonesia Open 2026 hari ini, Selasa (2/6/2026).",https://sports.okezone.com/read/2026/06/02/40/3221979/jonatan-christie-dan-alwi-farhan-kompak-lolos-ke-16-besar-indonesia-open-2026,2026-06-02 01:55:45,Okezone
1460,"Kisah Simon Santoso, Pebulutangkis Tunggal Putra Terakhir yang  Juara Indonesia Open",Simon sejauh ini masih memegang rekor sebagai pebulutangkis Indonesia terakhir yang meraih juara Indonesia Open di nomor tunggal putra,https://sports.okezone.com/read/2026/06/01/40/3221962/kisah-simon-santoso-pebulutangkis-tunggal-putra-indonesia-terakhir-yang-juara-indonesia-open,2026-06-01 22:50:11,Okezone
1461,Lima Negara yang Melampaui Impian di Piala Eropa 2016,"TIMNAS Prancis dan Jerman paling dijagokan tampil sebagai juara Piala Eropa 2016, sebelum turnamen digelar.",https://bola.okezone.com/read/2016/07/15/3/1438795/lima-negara-yang-melampaui-impian-di-piala-eropa-2016,2016-07-15 09:15:44,Okezone
1462,Top Euro: Lima Pemain yang Tampil Memukau di Piala Eropa 2016,Lima pemain yang tampil memukau pada Piala Eropa edisi tahun ini.,https://bola.okezone.com/read/2016/07/14/3/1437750/top-euro-lima-pemain-yang-tampil-memukau-di-piala-eropa-2016,2016-07-14 08:02:21,Okezone
1463,Gol Zoltan Gera Terbaik di Piala Eropa 2016,"UEFA mengumumkan gol yang dilesakan pemain  Hungaria, Zoltan Gera menjadi yang terbaik dalam perhelatan Piala Eropa  2016.",https://bola.okezone.com/read/2016/07/14/3/1437746/gol-zoltan-gera-terbaik-di-piala-eropa-2016,2016-07-14 06:00:23,Okezone
1464,Prancis Bermain Lebih Baik Ketimbang Negara Lain,"Meski gagal meraih gelar juara, namun para pendukung setia Les Bleus menilai mereka telah menampilkan performa terbaiknya selama ini.",https://bola.okezone.com/read/2016/07/13/3/1437256/prancis-bermain-lebih-baik-ketimbang-negara-lain,2016-07-13 19:15:16,Okezone
1465,Jadi Tuan Rumah Piala Eropa 2016 Bukan Jaminan Menang bagi Prancis,Menjadi tuan rumah perhelatan Piala Eropa 2016 tidaklah menjamin kemenangan untuk Prancis.,https://bola.okezone.com/read/2016/07/13/3/1437247/jadi-tuan-rumah-piala-eropa-2016-bukan-jaminan-menang-bagi-prancis,2016-07-13 17:15:24,Okezone
1466,Pendukung Portugal Tak Menyangka Timnya dapat Menjuarai Piala Eropa 2016,Sejumlah pendukung Portugal mengaku tidak percaya dengan kemampuan timnya meraih gelar juara Piala Eropa 2016.,https://bola.okezone.com/read/2016/07/13/3/1437243/pendukung-portugal-tak-menyangka-timnya-dapat-menjuarai-piala-eropa-2016,2016-07-13 15:15:06,Okezone
1467,Pendukung Portugal Senang Lihat Negaranya Bertanding di Piala Eropa 2016,Mereka merayakan kemenangan Portugal di Piala Eropa 2016 dan saling memberikan komentarnya.,https://bola.okezone.com/read/2016/07/13/3/1437237/pendukung-portugal-senang-lihat-negaranya-bertanding-di-piala-eropa-2016,2016-07-13 13:15:12,Okezone
1468,Legenda Prancis Menilai Griezmann Tak Layak Jadi Pemain Terbaik Piala Eropa 2016,"Frank Leboeuf menyatakan, Antoine Griezmann kurang pantas menyandang gelar pemain terbaik Piala Eropa 2016.",https://bola.okezone.com/read/2016/07/13/3/1437232/legenda-prancis-menilai-griezmann-tak-layak-jadi-pemain-terbaik-piala-eropa-2016,2016-07-13 11:15:32,Okezone
1469,Dua Pertandingan Wales yang Memukau Fans,Performa Wales ajang Piala Eropa 2016 menuai banyak pujian.,https://bola.okezone.com/read/2016/07/13/3/1437125/dua-pertandingan-wales-yang-memukau-fans,2016-07-13 08:48:38,Okezone
1470,Penampilan Wales di Piala Eropa 2016 Melebihi Ekspektasi Fans,Wales memang tak diunggulkan dan tak diduga sebelumnya bisa melaju jauh hingga babak empat terbaik.,https://bola.okezone.com/read/2016/07/13/3/1437118/penampilan-wales-di-piala-eropa-2016-melebihi-ekspektasi-fans,2016-07-13 08:48:01,Okezone
1471,Semua Orang Bangga kepada Wales,Hasil impresif yang diraih di Piala Eropa 2016 membuat semua orang bangga terhadap negaranya.,https://bola.okezone.com/read/2016/07/13/3/1436922/semua-orang-bangga-kepada-wales,2016-07-13 06:07:53,Okezone
1472,Tidak Ada yang Berani Lagi Remehkan Wales,Tidak bisa dimungkiri jika penampilan Wales di Piala Eropa 2016 merupakan salah satu yang terbaik.,https://bola.okezone.com/read/2016/07/13/3/1436918/tidak-ada-yang-berani-lagi-remehkan-wales,2016-07-13 05:46:56,Okezone
1473,"Juara Piala Eropa 2016, Eder Kenang Masa Kecil yang Sulit",Eder berhasil menjadi bintang lapangan pada pertandingan Final Piala Eropa 2016 yang mempertemukan Portugal dengan Prancis.amp;nbsp;,https://bola.okezone.com/read/2016/07/12/3/1436567/juara-piala-eropa-2016-eder-kenang-masa-kecil-yang-sulit,2016-07-13 04:09:15,Okezone
1474,Portugal Tak Pernah Bermain Aman di Piala Eropa 2016,imnas Portugal mendapat kritik keras pada gelaran Piala Eropa 2016.,https://bola.okezone.com/read/2016/07/12/3/1436565/portugal-tak-pernah-bermain-aman-di-piala-eropa-2016,2016-07-13 03:05:56,Okezone
1475,Cedera Ronaldo seperti Pengorbanan Tuhan,Cristiano Ronaldo tak bisa menikmati final Piala Eropa 2016 dengan sempurna.,https://bola.okezone.com/read/2016/07/12/3/1436561/cedera-ronaldo-seperti-pengorbanan-tuhan,2016-07-13 02:35:32,Okezone
1476,Pepe Bangga Jadi Pemain Portugal,"Menjadi pemain Portugal membuat pemain bertahan Real Madrid, Pepe sangat bangga.",https://bola.okezone.com/read/2016/07/12/3/1436554/pepe-bangga-jadi-pemain-portugal,2016-07-13 00:01:38,Okezone
1477,Portugal Dedikasikan Gelar Juara untuk Eusebio,Portugal berhasil menjadi juara Piala Eropa 2016.,https://bola.okezone.com/read/2016/07/12/3/1436551/portugal-dedikasikan-gelar-juara-untuk-eusebio,2016-07-12 23:30:59,Okezone
1478,Lloris Raih Hal Positif dari Kegagalan Prancis Juarai Piala Eropa 2016,Skuad Timnas Prancis harus menelan kekecewaan usai dikalahkan oleh Portugal pada pertandingan final Piala Eropa 2016.,https://bola.okezone.com/read/2016/07/12/3/1436505/lloris-raih-hal-positif-dari-kegagalan-prancis-juarai-piala-eropa-2016,2016-07-12 22:04:40,Okezone
1479,"Gagal di Piala Eropa 2016, Lloris Berharap Lebih Lapar Musim Mendatang",Hugo Lloris tampaknya belum dinaungi oleh Dewi Fortuna.,https://bola.okezone.com/read/2016/07/12/3/1436502/gagal-di-piala-eropa-2016-lloris-berharap-lebih-lapar-musim-mendatang,2016-07-12 21:06:18,Okezone
1480,Pesan Quaresma untuk Kritikus Portugal,Portugal sempat mendapat kritik pedas selama gelaran Piala Eropa 2016.,https://bola.okezone.com/read/2016/07/12/3/1436500/pesan-quaresma-untuk-kritikus-portugal,2016-07-12 20:14:50,Okezone
1481,Quaresma Ingin Jual Medali Piala Eropa 2016,Ricardo Quaresma sempat bergurau.,https://bola.okezone.com/read/2016/07/12/3/1436507/quaresma-ingin-jual-medali-piala-eropa-2016,2016-07-12 19:01:45,Okezone
1482,Quaresma Bangga Bermain Bersama Cristiano Ronaldo,Ia mengaku sangat memuja kerja keras Ronaldo baik di tingkat klub maupun di timnas.,https://bola.okezone.com/read/2016/07/12/3/1436493/quaresma-bangga-bermain-bersama-cristiano-ronaldo,2016-07-12 18:33:16,Okezone
1483,"Bawa Portugal Juara Piala Eropa, Ronaldo Disebut Kapten Sejati",Cristiano Ronaldo harus melewati Final Piala Eropa 2016 di pinggir lapangan.,https://bola.okezone.com/read/2016/07/12/3/1436491/bawa-portugal-juara-piala-eropa-ronaldo-disebut-kapten-sejati,2016-07-12 17:02:05,Okezone
1484,Alan Shearer Dukung Manajer Hull City Jadi Pelatih Baru Timnas Inggris,Alan Shearer mendukung penuh Steve Bruce untuk mencalonkan diri menjadi manajer Timnas Inggris.,https://bola.okezone.com/read/2016/07/12/3/1436419/alan-shearer-dukung-manajer-hull-city-jadi-pelatih-baru-timnas-inggris,2016-07-12 15:15:00,Okezone
1485,Hal Unik Terjadi antara Suporter Portugal dan Prancis Usai Piala Eropa 2016,Seorang penonton Prancis yang menangis tampak dihibur oleh seorang pendukung muda Timnas Portugal.,https://bola.okezone.com/read/2016/07/12/3/1436497/hal-unik-terjadi-antara-suporter-portugal-dan-prancis-usai-piala-eropa-2016,2016-07-12 14:15:40,Okezone
1486,Hot Euro: Cristiano Ronaldo Menepi Lima Bulan,Cristiano Ronaldo kemungkinan besar akan absen bermain sekira empat hingga lima bulan kedepan.,https://bola.okezone.com/read/2016/07/12/3/1436509/hot-euro-cristiano-ronaldo-menepi-lima-bulan,2016-07-12 12:05:34,Okezone
1487,Hot Euro: Ronaldo dan Ferguson Miliki Kesamaan,"Sempat mengalami perawatan, Ronaldo memutuskan untuk kembali ke pinggir lapangan untuk menemani sang pelatih.",https://bola.okezone.com/read/2016/07/12/3/1436511/hot-euro-ronaldo-dan-ferguson-miliki-kesamaan,2016-07-12 12:02:00,Okezone
1488,Presiden Sepakbola Prancis Melihat Semua Pemain Prancis Bersedih,Para pemain Timnas Prancis tak kuasa menahan isak tangis di ruang ganti.,https://bola.okezone.com/read/2016/07/12/3/1436157/presiden-sepakbola-prancis-melihat-semua-pemain-prancis-bersedih,2016-07-12 12:01:39,Okezone
1489,Paul Pogba Mengaku Sedih Usai Gagal Antarkan Prancis Juara Piala Eropa 2016,Pogba mengaku akan terus belajar dari kekalahan.,https://bola.okezone.com/read/2016/07/12/3/1436158/paul-pogba-mengaku-sedih-usai-gagal-antarkan-prancis-juara-piala-eropa-2016,2016-07-12 11:03:36,Okezone
1490,Tingkah Laku Ronaldo Mengingatkan pada Sosok Ferguson,Ronaldo memutuskan untuk kembali ke pinggir lapangan untuk menemani sang pelatih.,https://bola.okezone.com/read/2016/07/12/3/1436222/tingkah-laku-ronaldo-mengingatkan-pada-sosok-ferguson,2016-07-12 08:00:12,Okezone
1491,Pendeta Buat Negara Peserta Grup  C,"Keberadaan gereja di lingkungan Stadion PGE Arena di Gdansk Polandia tidak akan disia-siakan panitia Euro 2012. Rencananya, mereka akan mendatangkan pendeta untuk mengisi aktivitas religius di gereja tersebut selama turnamen.",https://bola.okezone.com/read/2012/04/19/4/614557/pendeta-buat-negara-peserta-grup-c,2012-04-19 06:43:15,Okezone
1492,PSK Ukraina Tak Akan Mengaku Idap HIV/AIDS,Pagelaran Euro 2012 akan menyedot banyak turis berkunjung ke kota amp;ndash;kota yang menjadi tuan rumah turnamen di Polandia-Ukraina tersebut. Situasi ini dipastikan menyuburkan praktik prostitusi selama Euro 2012.,https://bola.okezone.com/read/2012/04/12/4/610430/psk-ukraina-tak-akan-mengaku-idap-hiv-aids,2012-04-12 08:51:51,Okezone
1493,Kamera Pengintai Pantau Perusuh di Fan-zone,"Pemerintah Kota Kiev akan memanjakan para suporter yang datang ke kota itu dengan fasilitas Fan-zone. Area yang akan dipenuhi sarana hiburan itu akan dibuka gratis, namun bukan berarti aspek keamanan pengunjung diabaikan.",https://bola.okezone.com/read/2012/04/03/4/604902/kamera-pengintai-pantau-perusuh-di-fan-zone,2012-04-03 08:32:51,Okezone
1494,"Tak Dapat Hotel di Kiev, Kamping Saja",Ukraina masih mencari solusi untuk memastikan para penggila bola yang akan tumplek di sejumlah kota penyelenggara Euro 2012 terlayani dengan baik.,https://bola.okezone.com/read/2012/03/30/4/602633/tak-dapat-hotel-di-kiev-kamping-saja,2012-03-30 07:22:21,Okezone
1495,Carlsberg Bangun quot;Kota Sepakbolaquot; di Polandia,Fans sepakbola yang datang menyaksikan langsung Euro 2012 di Polandia bakal dimanjakan oleh kehadiran Carlsberg FanCamp.,https://bola.okezone.com/read/2012/03/06/4/587971/carlsberg-bangun-kota-sepakbola-di-polandia,2012-03-06 05:53:14,Okezone
1496,Status Siaga AD Polandia Selama Euro,"Polandia, salah satu tuan rumah Piala Eropa 2012, berupaya keras untuk menjaga nama baik negara selama pesta sepakbola Eropa ke-14 tersebut. Pemerintah Polandia pun akan mengikutsertakan Tentara Angkatan Daratnya untuk ikut bersiaga.",https://bola.okezone.com/read/2012/02/03/4/569212/status-siaga-ad-polandia-selama-euro,2012-02-03 10:55:10,Okezone
1497,Ukraina-Polandia Tingkatkan Kerjasama Perbatasan,"Euro 2012 yang akan digelar 4 bulan mendatang, bakal dikunjungi banyak turis asing, baik yang hanya ingin berlibur maupun sebagai suporter. Untuk itu, dua negara tuan rumah, bakal menciptakan kerjasama keamanan di level dalam.",https://bola.okezone.com/read/2012/02/03/4/569199/ukraina-polandia-tingkatkan-kerjasama-perbatasan,2012-02-03 10:46:02,Okezone
1498,"Kucuran Rp.1,5 Miliar Bagi Sukarelawan Euro","Demi suksesnya penyelenggaraan Euro di Ukraina-Polandia, khusunya kota Kharkiv di Ukraina, pemerintah Kota Kharkiv menyediakan dana untuk para sukarelawan yang akan bertempat di Kharkiv selama Euro.",https://bola.okezone.com/read/2012/02/03/4/569092/kucuran-rp-1-5-miliar-bagi-sukarelawan-euro,2012-02-03 09:11:00,Okezone
1499,Euro 2008 Minus Doping,"Perhelatan Euro 2008 patut diacungi jempol. Bagaimana tidak hingga hari terakhir turnamen, dari 300 contoh darah para pemain tidak ditemukan adanya pemakaian zat terlarang atau doping.",https://bola.okezone.com/read/2008/07/02/4/123929/euro-2008-minus-doping,2008-07-02 03:09:35,Okezone
1500,Pengamanan Laga Final Diperketat,"Final Euro 2008 sudah didepan mata. Selaku tuan rumah, Austria terus melakukan pembenahan dari segi keamanan. Dalam partai itu Pengamanan baik di dalam atau di luar stadion diperketat.",https://bola.okezone.com/read/2008/06/29/4/123062/pengamanan-laga-final-diperketat,2008-06-28 20:16:58,Okezone
1501,Persaingan Adidas amp; Nike,"Rivalitas antara Adidas dan Nike sudah tidak perlu dipertanyakan lagi. Keduanya tercatat sebagai produsen alat olahraga terbesar di dunia. Di Euro 2008, ada rivalitas tersendiri di antara keduanya.",https://bola.okezone.com/read/2008/06/24/4/121721/persaingan-adidas-nike,2008-06-24 07:18:11,Okezone
1502,Fans Wanita Paling Royal,"Sepakbola kini bukan hanya milik kaum adam, tapi kaum hawa pun turut menikmati permainan si kulit bundar. Survei yang dilalukan MasterCard menunjukkan, fans perempuan jadi penyumbang terbesar pendapatan tuan rumah.",https://bola.okezone.com/read/2008/06/23/4/121359/fans-wanita-paling-royal,2008-06-23 07:34:07,Okezone
1503,Teror Fans De Oranje kepada Hiddink,"Kota Basel, Swiss seperti rumah kedua bagi para pendukung Timnas Belanda. Betapa tidak, jalan-jalan di Basel kembali disesaki para pendukung De Oranje, yang ingin menyaksikkan partai Belanda menghadapi Rusia di perempatfinal Euro 2008.",https://bola.okezone.com/read/2008/06/21/4/120888/teror-fans-de-oranje-kepada-hiddink,2008-06-21 14:55:50,Okezone
1504,Bentrok Muslim Bosnia amp; Fans Kroasia,"Lusinan orang dibawa ke rumah sakit pasca bentrokan yang melibatkan muslim Bosnia dan pendukung timnas Kroasia di Bosnia. Bentrokan ini merujuk pada kekalahan 3-1 (1-1) yang dialami Kroasia atas Turki di babak perempat final Euro 2008, di Stadion Ernst Happel, Sabtu (21/6/2008) dinihari.",https://bola.okezone.com/read/2008/06/21/4/120753/bentrok-muslim-bosnia-fans-kroasia,2008-06-21 05:26:32,Okezone
1505,"Ronaldo, Terbaik Sepanjang Masa","Menjelang pertandingan Portugal menghadapi Jerman, nama Cristiano Ronaldo terus menjadi buah bibir publik. Tidak hanya dari sang pelatih, pemain legendaris Portugal, Eusebio Ferreira pun ikut angkat bicara.",https://bola.okezone.com/read/2008/06/19/4/120171/ronaldo-terbaik-sepanjang-masa,2008-06-19 06:51:20,Okezone
1506,Beckham Sakit Jiwa Nonton Euro,David Beckham mengaku dirinya merasa seperti sakit jiwa setiap menyaksikan pertandingan Euro 2008.,https://bola.okezone.com/read/2008/06/18/4/119877/beckham-sakit-jiwa-nonton-euro,2008-06-18 08:01:02,Okezone
1507,Lapangan untuk Perempatfinal Direhab,"UEFA terpaksa mengganti permukaan lapangan di Stadion St Jakob Park, Basel, dengan rumput baru yang didatangkan dari Belanda guna persiapan pertandingan perempat final. UEFA sendiri telah menyiapkan anggaran dana sebesar USD306.720 untuk perbaikan rumput itu.",https://bola.okezone.com/read/2008/06/17/4/119297/lapangan-untuk-perempatfinal-direhab,2008-06-16 19:10:49,Okezone
1508,Austria Kalahkan Jerman 10-5,"Jika anda melihat judul di atas, tentu anda bakal tercengang. Namun jangan kaget dulu, skor di atas bukanlah skor yang terjadi di Euro 2008. Melainkan, skor yang terjadi saat tim wanita Austria bentrok dengan tim wanita Jerman.",https://bola.okezone.com/read/2008/06/16/4/119276/austria-kalahkan-jerman-10-5,2008-06-16 15:07:49,Okezone
1509,Belanda Mengulang Siklus 20 Tahun,"Antusiasme pendukung Belanda tidak hanya bertebaran di Austria-Swiss, di mana Euro 2008 berlangsung. Di kota pempek Palembang, harapan tinggi kepada Tim Oranye juga mencuat.",https://bola.okezone.com/read/2008/06/13/4/118521/belanda-mengulang-siklus-20-tahun,2008-06-13 13:24:18,Okezone
1510,Boruc Homesick,"Kiper utama Polandia Artur Boruc, ternyata tidak bisa jauh dari telepon selulernya. Di setiap senggang, Boruc selalu menyempatkan diri menghubungi rumahnya di Warsawa. Kangen rumahkah?",https://bola.okezone.com/read/2008/06/12/4/118116/boruc-homesick,2008-06-12 10:08:05,Okezone
1511,Penonton Euro 2008 Melonjak,Penonton Euro 2008 yang menggunakan media televisi melonjak tajam. Hal ini dilontarkan langsung oleh UEFA.,https://bola.okezone.com/read/2008/06/11/4/117830/penonton-euro-2008-melonjak,2008-06-11 12:51:12,Okezone
1512,"CR7, Pemain Terpanas Euro","Punya tampang keren, berkantong tebal, dan jago main bola membuat pesona Cristiano Ronaldo semakin menanjak. Ya, menurut survei yang dilakukan The Asian Age, CR7 menjadi pemain terpanas di mata wanita khususnya di pentas Euro 2008.",https://bola.okezone.com/read/2008/06/11/4/117715/cr7-pemain-terpanas-euro,2008-06-11 08:21:16,Okezone
1513,Sampah Menumpuk di Basel,"Kekhawatiran warga Swiss akhirnya muncul juga. Tumpukan sampah mengotori sudut-sudut kota Basel. Padahal, baru laga pembuka yang dimainkan di Basel.",https://bola.okezone.com/read/2008/06/11/4/117682/sampah-menumpuk-di-basel,2008-06-11 06:55:39,Okezone
1514,Ramai-ramai Dukung Ronaldo,"Cristiano Ronaldo menampilkan permainan luar biasa pada musim lalu. Jadi tak heran, banyak kalangan yang menilai bintang Manchester United akan sukses di Euro 2008 nanti.",https://bola.okezone.com/read/2008/06/10/4/117218/ramai-ramai-dukung-ronaldo,2008-06-10 01:13:53,Okezone
1515,Fans Belanda Orange-kan Berne,"Partai klasik Italia menghadapi Belanda di laga pembuka grup C yang akan digelar di stade de Suisse, Berne, Selasa (10/6/2008) dinihari nanti, bakal dipastikan bakal seru.",https://bola.okezone.com/read/2008/06/09/4/117021/fans-belanda-orange-kan-berne,2008-06-09 08:15:35,Okezone
1516,Hotel Mulia Gelar Nobar Euro 2008,"Hotel Mulia Senayan menggelar nonton bareng (nobar) Euro 2008 dengan tema The Kick Off. Acara ini digelar di area kolam renang di lantai 5, Sabtu (7/6/2008) malam WIB.",https://bola.okezone.com/read/2008/06/08/4/116592/hotel-mulia-gelar-nobar-euro-2008,2008-06-07 18:10:53,Okezone
1517,Fans Portugal amp; Turki Banjiri Jenewa,"Menjelang laga antara Portugal melawan Turki di pertandingan pertama babak penyisihan Grup A, ribuan suporter Portugal dan Turki sudah memadati kota Jenewa.",https://bola.okezone.com/read/2008/06/07/4/116579/fans-portugal-turki-banjiri-jenewa,2008-06-07 16:02:39,Okezone
1518,Adidas Rilis Sepatu Peserta Euro,Adidas mengeluarkan desain terbaru sepatu sepakbola. Sepatu yang diberi nama F 50 TUNiT 16 dibuat khusus untuk 16 Negara peserta Euro 2008 di Austria-Swiss nanti.,https://bola.okezone.com/read/2008/06/07/4/116514/adidas-rilis-sepatu-peserta-euro,2008-06-07 09:02:04,Okezone
1519,Fans Inggris Alihkan Dukungan,"Meski tim kesayangannya tidak ikut berpartisipasi di Euro 2008, namun itu tak menghalangi para fansnya manyaksikan turnamen empat tahunan ini. Mereka bahkan telah memiliki tim unggulannya masing-masing.",https://bola.okezone.com/read/2008/06/06/4/116349/fans-inggris-alihkan-dukungan,2008-06-06 12:09:32,Okezone
1520,Polisi Swiss Kirim Surat ke Hooligans,"Sebagai antisipasi datangnya para pembuat rusuh (Hooligans) di Euro 2008, pihak kepolisian Swiss telah mengirimkan surat khusus. Tujuannya jelas, untuk mencegah terjadinya kerusuhan di Austria-Swiss.",https://bola.okezone.com/read/2008/06/06/4/116190/polisi-swiss-kirim-surat-ke-hooligans,2008-06-06 06:11:29,Okezone
1521,Rifaldy Fajar Akui Catut Nama Kampus UMB untuk Riset Palsu,"Menurut pengakuannya, terdapat 51 abstrak yang mencantumkan nama ibunya, Elfiany Syafruddin, dengan afiliasi Universitas Muhammadiyah Bulukumba tanpa",https://nasional.tempo.co/read/2106726/rifaldy-fajar-akui-catut-nama-kampus-umb-untuk-riset-palsu,2026-06-04 01:25:01,Tempo
1522,Relawan Lain Siap Kawal Agenda Keliling Daerah Jokowi,Para relawan menanyakan kesiapan kesehatan dan kebugaran Jokowi untuk menjalani agenda tersebut.,https://nasional.tempo.co/read/2106723/relawan-lain-siap-kawal-agenda-keliling-daerah-jokowi,2026-06-04 01:07:00,Tempo
1523,"Prabowo soal Dadan Dkk: Saya Sedih, Mengganti Orang-orang yang Saya Percaya","Kepala Negara mengaku sudah menerima laporan perihal sejumlah persoalan di level pimpinan pada pelaksanaan proyek MBG, sebelum memutuskan mengubah struktur petinggi BGN.",https://nasional.tempo.co/read/2106718/prabowo-soal-dadan-dkk-saya-sedih-mengganti-orang-orang-yang-saya-percaya,2026-06-04 00:09:39,Tempo
1524,Mahfud Md: Pencopotan Dadan Hindayana Sudah Tepat,"Mahfud mengatakan Dadan Hindayana terlihat hanya mengerti keilmuannya yaitu tentang serangga, tapi tak mengerti birokrasi dan hukum anggaran.",https://nasional.tempo.co/read/2106684/mahfud-md-pencopotan-dadan-hindayana-sudah-tepat,2026-06-03 14:11:12,Tempo
1525,Teddy Indra Wijaya Jadi Penulis Karya Terbaik Seskoad 2026,KSAD Jenderal Maruli Simanjuntak menetapkan Letkol Teddy Indra Wijaya sebagai penulis kertas karya perseorangan terbaik di pendidikan Seskoad 2026.,https://nasional.tempo.co/read/2106666/teddy-indra-wijaya-jadi-penulis-karya-terbaik-seskoad-2026,2026-06-03 12:30:14,Tempo
1526,"KSP Usul Pisah Anggaran dari Kemensetneg, Ini Alasannya",Pemisahan anggaran diperlukan untuk meningkatkan optimalisasi kerja serta memperkuat independensi KSP,https://nasional.tempo.co/read/2106644/ksp-usul-pisah-anggaran-dari-kemensetneg-ini-alasannya,2026-06-03 10:58:20,Tempo
1527,TNI AU Pastikan Pesawat Amerika di Padang Sesuai Prosedur,Pesawat Amerika mengalami gangguan pada mesin sehingga harus dialihkan untuk mendarat di bandara terdekat.,https://nasional.tempo.co/read/2106637/tni-au-pastikan-pesawat-amerika-di-padang-sesuai-prosedur,2026-06-03 10:15:38,Tempo
1528,Respons Istana soal Jaksa Geledah BGN Setelah Dadan Dicopot,"Hari ini, penyidik Kejaksaan Agung menggeledah kantor BGN. Semalam Dadan Hindayana dicopot sebagai kepala BGN.",https://nasional.tempo.co/read/2106632/respons-istana-soal-jaksa-geledah-bgn-setelah-dadan-dicopot,2026-06-03 09:57:00,Tempo
1529,Dasco: Seluruh Fraksi DPR Siap Bahas Revisi UU Pemilu,"Dasco menegaskan, proses pembahasan perlu dilakukan hati-hati agar produk legislasi tidak digugat ke Mahkamah Konstitusi.",https://nasional.tempo.co/read/2106628/dasco-seluruh-fraksi-dpr-siap-bahas-revisi-uu-pemilu,2026-06-03 09:48:10,Tempo
1530,"Taspen Gerak Cepat, 99 Persen Peserta Pensiun Terima Gaji ke-13 di Hari Pertama Penyaluran","Penyaluran ini dilaksanakan sesuai dengan Peraturan Pemerintah (PP) Nomor 9 Tahun 2026 tentang Pemberian Tunjangan Hari Raya dan Gaji ke-13 kepada Aparatur Negara, Pensiunan, Penerima Pensiun, dan Penerima Tunjangan Tahun 2026.",https://nasional.tempo.co/read/2106627/taspen-gerak-cepat-99-persen-peserta-pensiun-terima-gaji-ke-13-di-hari-pertama-penyaluran,2026-06-03 09:45:01,Tempo
1531,"Tanggapi Pleidoi Nadiem, Jokowi: Pak Menteri Orang Baik",Jokowi memberi respons singkat soal penyebutan namanya oleh Nadiem Makarim di sidang perkara korupsi Chromebook.,https://nasional.tempo.co/read/2106622/tanggapi-pleidoi-nadiem-jokowi-pak-menteri-orang-baik,2026-06-03 09:36:32,Tempo
1532,Dudung KSP: Ada Dugaan Jual Beli Titik Dapur MBG,Dudung Abdurachman mengatakan penggantian pimpinan BGN dilakukan Prabowo dengan banyak faktor pertimbangan.,https://nasional.tempo.co/read/2106615/dudung-ksp-ada-dugaan-jual-beli-titik-dapur-mbg,2026-06-03 09:09:59,Tempo
1533,"Bukan di Istana, Prabowo Bertemu Menlu Turki di Hambalang",Prabowo bertemu Menlu Turki Hakan Fidan di Hambalang. Presiden ucapkan terima kasih soal bantuan pemulangan relawan Global Sumud Flotilla.,https://nasional.tempo.co/read/2106607/bukan-di-istana-prabowo-bertemu-menlu-turki-di-hambalang,2026-06-03 08:43:05,Tempo
1534,Jual Beli Titik Dapur MBG Salah Satu Faktor Dicopotnya Dadan,"Kepala Staf Presiden Dudung Abdurachman mengatakan, dugaan jual beli titik dapur MBG jadi salah satu faktor dilakukannya perombakan pada jajaran pimpinan BGN.",https://nasional.tempo.co/read/2106601/jual-beli-titik-dapur-mbg-salah-satu-faktor-dicopotnya-dadan,2026-06-03 08:09:08,Tempo
1535,Bupati Bogor Tegaskan Pentingnya Persatuan Bangsa di Hari Lahir Pancasila,Generasi muda diminta untuk menjadikan Pancasila sebagai pedoman dalam mencintai tanah air dan menghargai jasa para pahlawan.,https://nasional.tempo.co/read/2106598/bupati-bogor-tegaskan-pentingnya-persatuan-bangsa-di-hari-lahir-pancasila,2026-06-03 08:00:17,Tempo
1536,Pegadaian Timor Leste Catatkan Kinerja Gemilang,"Dalam kurun waktu dua bulan sejak resmi beroperasi, Pegadaian Timor Leste menunjukkan tren pertumbuhan yang positif dan mendapatkan respons yang luar biasa dari masyarakat Kota Dili.",https://nasional.tempo.co/read/2106597/pegadaian-timor-leste-catatkan-kinerja-gemilang,2026-06-03 07:58:51,Tempo
1537,"BGN Digeledah Jaksa, Dasco: Serahkan ke Aparat Hukum",Penggeledahan ini menjadi sorotan karena terjadi sehari setelah Presiden Prabowo melakukan pergantian pucuk pimpinan BGN.,https://nasional.tempo.co/read/2106596/bgn-digeledah-jaksa-dasco-serahkan-ke-aparat-hukum,2026-06-03 07:48:52,Tempo
1538,Universitas Indonesia Tekankan Pancasila Sebagai Ideologi Hidup,UI menempatkan diri sebagai universitas yang konsisten menjaga marwah akademik sekaligus berkontribusi nyata dalam menjawab tantangan globalisasi dan dinamika kebangsaan,https://nasional.tempo.co/read/2106590/universitas-indonesia-tekankan-pancasila-sebagai-ideologi-hidup,2026-06-03 07:33:20,Tempo
1539,"Pemprov DKI Beri Diskon PBB-P2 hingga 7,5 Persen",Pemerintah Provinsi DKI Jakarta kembali memberikan insentif Pajak Bumi dan Bangunan Perdesaan dan Perkotaan (PBB-P2) tahun 2026.,https://nasional.tempo.co/read/2106585/pemprov-dki-beri-diskon-pbb-p2-hingga-75-persen,2026-06-03 07:06:32,Tempo
1540,JPPI Sebut Pencopotan Kepala BGN Tak Selesaikan Masalah MBG,"JPPI mengatakan langkah tersebut hanya menjawab persoalan individu, masalah tata kelola dan desain program MBG dinilai belum tersentuh.",https://nasional.tempo.co/read/2106582/jppi-sebut-pencopotan-kepala-bgn-tak-selesaikan-masalah-mbg,2026-06-03 06:57:02,Tempo
1541,Pemerintah Kota Batam Pastikan Siswa yang Belum Memiliki KIA Bisa Daftar SPMB 2026,"Kepala Dinas Komunikasi dan Informatika (Kominfo) Kota Batam, Rudi Panjaitan, mengatakan masyarakat tidak perlu khawatir apabila anaknya belum memiliki KIA saat proses pendaftaran berlangsung.",https://nasional.tempo.co/read/2106578/pemerintah-kota-batam-pastikan-siswa-yang-belum-memiliki-kia-bisa-daftar-spmb-2026,2026-06-03 06:22:26,Tempo
1542,"Produktivitas Jagung Meningkat, Megawati Apresiasi Kinerja GNTI",Megawati mengapresiasi kinerja GNTI yang telah menghasilkan hasil panen jagung dengan produktivitas lebih tinggi.,https://nasional.tempo.co/read/2106576/produktivitas-jagung-meningkat-megawati-apresiasi-kinerja-gnti,2026-06-03 06:07:58,Tempo
1543,Komisi IX DPR Beri Tiga Catatan Penting ke Kepala BGN Baru,Wakil Ketua Komisi IX DPR Yahya Zaini berharap kepemimpinan BGN di bawah Nanik S. Deyang bisa melakukan berbagai perbaikan.,https://nasional.tempo.co/read/2106573/komisi-ix-dpr-beri-tiga-catatan-penting-ke-kepala-bgn-baru,2026-06-03 05:45:14,Tempo
1544,Istana soal Dugaan Jual-Beli Titik Dapur MBG: Sedang Diaudit,Istana Kepresidenan mengklaim pergantian pucuk pimpinan BGN dilakukan untuk memperkuat kinerja organisasi sekaligus mempercepat pelaksanaan berbagai program prioritas yang dijalankan BGN.,https://nasional.tempo.co/read/2106567/istana-soal-dugaan-jual-beli-titik-dapur-mbg-sedang-diaudit,2026-06-03 05:18:09,Tempo
1545,Cerita Pegawai BGN Kantornya Digeledah Jaksa,Salah satu ruang yang masih digeledah berada di lantai 2 kantor BGN.,https://nasional.tempo.co/read/2106564/cerita-pegawai-bgn-kantornya-digeledah-jaksa,2026-06-03 05:07:30,Tempo
1546,Karangan Bunga Hiasi Halaman Depan Kantor BGN,Karangan bunga berjejer di depan kantor BGN. Di saat yang bersamaan kantor BGN digeledah tim dari kejaksaan.,https://nasional.tempo.co/read/2106561/karangan-bunga-hiasi-halaman-depan-kantor-bgn,2026-06-03 05:00:47,Tempo
1547,"Soal Pelantikan Kepala BGN, Mensesneg: Nanti Kami Umumkan","Mensesneg Prasetyo Hadi mengatakan pelantikan Kepala BGN yang baru, Nanik S Deyang nanti akan diumumkan Istana. Pimpinan baru bisa langsung bekerja.",https://nasional.tempo.co/read/2106553/soal-pelantikan-kepala-bgn-mensesneg-nanti-kami-umumkan,2026-06-03 04:33:01,Tempo
1548,"Sawah Sumatra Makin Pulih, Luas Tanam Naik 44 Persen dalam 20 Hari",Percepatan rehabilitasi sawah pascabanjir di Sumatra terus menunjukkan kemajuan dengan 3.256 hektare lahan telah kembali memasuki masa tanam sebagai bagian dari upaya mengejar target sebelum puncak kemarau pada Agustus.,https://nasional.tempo.co/read/2106552/sawah-sumatra-makin-pulih-luas-tanam-naik-44-persen-dalam-20-hari,2026-06-03 04:16:01,Tempo
1549,Anies Baswedan: Dino Patti Djalal Bukan Diplomat Karbitan,Anies Baswedan mengatakan rekam jejak Dino Patti Djalal dalam dunia hubungan internasional terentang panjang sejak puluhan tahun lalu.,https://nasional.tempo.co/read/2106548/anies-baswedan-dino-patti-djalal-bukan-diplomat-karbitan,2026-06-03 04:04:47,Tempo
1550,KPAI Desak Perbaikan Tata Kelola MBG Usai Kepala BGN Dicopot,KPAI mengatakan pergantian pimpinan BGN jadi momentum untuk membenahi tata kelola program MBG secara menyeluruh.,https://nasional.tempo.co/read/2106540/kpai-desak-perbaikan-tata-kelola-mbg-usai-kepala-bgn-dicopot,2026-06-03 03:42:11,Tempo
1551,Kala Istana-DPR Bantah Kritik Dino soal Lawatan Prabowo,Istana bantah narasi soal kunjungan tak efisien Prabowo.,https://nasional.tempo.co/read/2106535/kala-istana-dpr-bantah-kritik-dino-soal-lawatan-prabowo,2026-06-03 03:26:29,Tempo
1552,Paket Staycation PET Scan Tzu Chi Hospital untuk Pasien Luar Kota,"Biaya PET scan di Indonesia bisa mencapai puluhan juta. Temukan kisaran harga, faktor penentu biaya & promo PET CT Scan terbaru di Tzu Chi Hospital.",https://nasional.tempo.co/read/2106533/paket-staycation-pet-scan-tzu-chi-hospital-untuk-pasien-luar-kota,2026-06-03 03:22:23,Tempo
1553,BEM UI Desak Evaluasi Total Proyek MBG Usai Dadan Dicopot,Badan Eksekutif Mahasiswa Universitas Indonesia atau BEM UI mendesak agar tata kelola proyek MBG dievaluasi.,https://nasional.tempo.co/read/2106528/bem-ui-desak-evaluasi-total-proyek-mbg-usai-dadan-dicopot,2026-06-03 03:08:39,Tempo
1554,Istana Jamin Perombakan BGN Tak Ganggu Pelaksanaan MBG,"Berdasarkan keputusan Prabowo, jabatan Kepala BGN kini dipegang oleh Nanik Sudaryati Deyang, dengan didampingi oleh dua orang wakil, yakni Agustina Arumsari serta Mayor Jenderal TNI Trenggono.",https://nasional.tempo.co/read/2106515/istana-jamin-perombakan-bgn-tak-ganggu-pelaksanaan-mbg,2026-06-03 01:25:40,Tempo
1555,Kontroversi Dadan Hindayana Selama Jadi Kepala BGN,Menteri Sekretaris Negara Prasetyo Hadi mengatakan pencopotan Dadan dilakukan setelah Presiden memantau kinerjanya .,https://nasional.tempo.co/read/2106514/kontroversi-dadan-hindayana-selama-jadi-kepala-bgn,2026-06-03 01:16:46,Tempo
1556,"Profil Agustina dan Mayjen Trenggono, Wakil BGN yang Baru",Pengangkatan Agustina Arumsari serta Mayor Jenderal TNI Trenggono menjadi bagian dari perombakan susunan pimpinan Badan Gizi Nasional.,https://nasional.tempo.co/read/2106512/profil-agustina-dan-mayjen-trenggono-wakil-bgn-yang-baru,2026-06-03 00:09:05,Tempo
1557,"Pimpinan BGN Dirombak, Istana Minta Nanik Segera Konsolidasi",BGN diminta memperkuat koordinasi dengan pemerintah daerah hingga memastikan seluruh programnya berjalan lancar.,https://nasional.tempo.co/read/2106491/pimpinan-bgn-dirombak-istana-minta-nanik-segera-konsolidasi,2026-06-02 16:03:41,Tempo
1558,"Istana: Pencopotan Dadan Hindayana Setelah Monitoring Selama 1,5 Tahun","Prabowo melakukan pergantian posisi pimpinan pada lembaga yang mengurus proyek andalannya, makan bergizi gratis alias MBG, pada Selasa, 2 Juni 2026.",https://nasional.tempo.co/read/2106490/istana-pencopotan-dadan-hindayana-setelah-monitoring-selama-15-tahun,2026-06-02 15:51:32,Tempo
1559,Dasco: DPR Dukung Prabowo Pilih Nanik Deyang Jadi Kepala BGN,"Dasco mengatakan, DPR telah memantau hasil kerja Nanik S Deyang selama menjadi Wakil Kepala BGN. Tegas lakukan penutupan SPPG bermasalah.",https://nasional.tempo.co/read/2106485/dasco-dpr-dukung-prabowo-pilih-nanik-deyang-jadi-kepala-bgn,2026-06-02 14:47:40,Tempo
1560,Kepala BGN Nanik S. Deyang Punya Kedekatan dengan Prabowo,Nanik S Deyang menjabat sebagai Wakil Ketua Badan Kemenangan Nasional Koalisi Adil Makmur-koalisi partai politik yang mendukung Prabowo-Sandiaga.,https://nasional.tempo.co/read/2106484/kepala-bgn-nanik-s-deyang-punya-kedekatan-dengan-prabowo,2026-06-02 14:47:18,Tempo
1561,Gubernur Sumut Ajak BNNP Kolaborasi Berantas Narkoba,Pemerintah Provinsi Sumut pun menyatakan siap mendukung dari sisi anggaran agar penanganan narkoba dapat dilakukan secara serius dan tuntas.,https://nasional.tempo.co/read/2106479/gubernur-sumut-ajak-bnnp-kolaborasi-berantas-narkoba,2026-06-02 14:15:27,Tempo
1562,Prabowo Copot Dadan Hindayana dari Posisi Kepala BGN,"Prasetyo Hadi mengatakan, Presiden Prabowo memutuskan mengangkat Nanik Sudaryati Deyang sebagai pengganti Dadan.",https://nasional.tempo.co/read/2106478/prabowo-copot-dadan-hindayana-dari-posisi-kepala-bgn,2026-06-02 14:12:30,Tempo
1563,Habiburokhman Balik Kritik Dino Patti Djalal soal Lawatan Prabowo,"Habiburokhman mengatakan, model komunikasi yang dilakukan Dino tak tepat karena memancing publik untuk membandingkan periode pemerintahan.",https://nasional.tempo.co/read/2106473/habiburokhman-balik-kritik-dino-patti-djalal-soal-lawatan-prabowo,2026-06-02 13:56:20,Tempo
1564,RE3 For-E PNM Menggerakkan Rantai Manfaat bagi Nasabah Laundry,PNM menghubungkan kepedulian lingkungan dengan pemberdayaan ekonomi.,https://nasional.tempo.co/read/2106471/re3-for-e-pnm-menggerakkan-rantai-manfaat-bagi-nasabah-laundry,2026-06-02 13:36:59,Tempo
1565,"Prabowo Gandeng Megawati, Legislator PDIP: Bukan Hal yang Luar Biasa","PDIP menilai momen gandengan tangan Megawati-Prabowo bukan hal yang luar biasa, mengingat relasi keduanya terjalin harmonis sejak lama.",https://nasional.tempo.co/read/2106466/prabowo-gandeng-megawati-legislator-pdip-bukan-hal-yang-luar-biasa,2026-06-02 12:59:08,Tempo
1566,Dadan Ungkap Rencana Bagikan MBG untuk Anak Sekolah Indonesia-Jeddah,"Dadan mengatakan, aspirasi dari warga sekolah itulah yang kemudian menjadi titik awal munculnya usulan agar layanan MBG dapat menjangkau sekolah Indonesia di luar negeri",https://nasional.tempo.co/read/2106455/dadan-ungkap-rencana-bagikan-mbg-untuk-anak-sekolah-indonesia-jeddah,2026-06-02 11:47:30,Tempo
1567,"Debarkasi Haji Sumsel Dimulai, 6.992 Jamaah akan Pulang Bertahap",Debarkasi Palembang dijadwalkan melayani kepulangan sebanyak 6.992 jamaah haji yang terbagi dalam 16 kloter. Seluruh jamaah akan tiba secara bertahap 2 hingga 24 Juni 2026.,https://nasional.tempo.co/read/2106452/debarkasi-haji-sumsel-dimulai-6-992-jamaah-akan-pulang-bertahap,2026-06-02 11:40:11,Tempo
1568,"Perjuangan Ila Bersama PNM Mekaar, Merajut Kehidupan dari Titik Terendah","Melalui PNM Mekaar, dia mendapatkan akses permodalan untuk membeli mesin jahit sebagai langkah awal membangun usaha dari rumah.",https://nasional.tempo.co/read/2106451/perjuangan-ila-bersama-pnm-mekaar-merajut-kehidupan-dari-titik-terendah,2026-06-02 11:38:23,Tempo
1569,PDIP Soroti Dana Pribadi Prabowo dalam Kunjungan Luar Negeri,PDIP mengingatkan kunjungan ke luar negeri yang dilakukan Prabowo berada dalam konteks kunjungan kenegaraan.,https://nasional.tempo.co/read/2106450/pdip-soroti-dana-pribadi-prabowo-dalam-kunjungan-luar-negeri,2026-06-02 11:34:27,Tempo
1570,Mendikti Bentuk Tim Usut Dugaan Pemalsuan Riset demi Travel Grant,Tim tersebut melibatkan pimpinan UNY karena seluruh terduga pelaku merupakan lulusan perguruan tinggi tersebut.,https://nasional.tempo.co/read/2106449/mendikti-bentuk-tim-usut-dugaan-pemalsuan-riset-demi-travel-grant,2026-06-02 11:30:35,Tempo
1571,Pemerintah-DPR Sepakat RUU P2SK Dibawa ke Paripurna,Ada 17 pokok materi yang disetujui dalam RUU P2SK.,https://bisnis.tempo.co/read/2106677/pemerintah-dpr-sepakat-ruu-p2sk-dibawa-ke-paripurna,2026-06-03 13:30:23,Tempo
1572,Astra Buana Prediksi Klaim Asuransi Kesehatan Naik,"Pelemahan rupiah mengakibatkan klaim asuransi kesehatan meningkat. Masih banyak kebutuhan medis, seperti obat, yang diimpor.",https://bisnis.tempo.co/read/2106674/astra-buana-prediksi-klaim-asuransi-kesehatan-naik,2026-06-03 13:19:11,Tempo
1573,"IHSG Turun ke 5.941,07, Pasar Pertanyakan Kredibilitas RI","Indeks Harga Saham Gabungan (IHSG) Bursa Efek Indonesia pada Rabu sore ditutup melemah ke ke posisi 5.941,07.",https://bisnis.tempo.co/read/2106653/ihsg-turun-ke-5-94107-pasar-pertanyakan-kredibilitas-ri,2026-06-03 11:33:03,Tempo
1574,"Rupiah Ditutup Melemah 0,71 Persen ke Rp 17.966 per Dolar AS","Nilai tukar rupiah ditutup melemah 127,5 poin atau 0,71 persen menjadi Rp17.966 per dolar AS pada perdagangan Rabu sore.",https://bisnis.tempo.co/read/2106641/rupiah-ditutup-melemah-071-persen-ke-rp-17-966-per-dolar-as,2026-06-03 10:45:58,Tempo
1575,Bukit Asam Akan Mitigasi Kebijakan Ekspor Lewat DSI,Manajemen Bukit Asam masih menanti aturan tentang ekspor mineral satu pintu yang akan diawasi PT Danantara Sumberdaya Indonesia (DSI).,https://bisnis.tempo.co/read/2106634/bukit-asam-akan-mitigasi-kebijakan-ekspor-lewat-dsi,2026-06-03 10:30:00,Tempo
1576,Prabowo Siapkan Rp 600 Miliar untuk Pengusaha Mikro Sumatera,"Anggaran total Bantuan Presiden (Banpres) pengusaha mikro korban bencana Sumatera Rp 1,2 triliun sampai 2027.",https://bisnis.tempo.co/read/2106626/prabowo-siapkan-rp-600-miliar-untuk-pengusaha-mikro-sumatera,2026-06-03 09:43:32,Tempo
1577,Usaha Mikro Korban Bencana Sumatera Dapat Banpres Rp 3 Juta,Pengusaha mikro korban banjir Sumatera akan mendapat Banpres sebesar Rp 3 juta. Apa syaratnya?,https://bisnis.tempo.co/read/2106624/usaha-mikro-korban-bencana-sumatera-dapat-banpres-rp-3-juta,2026-06-03 09:37:19,Tempo
1578,"Pendapatan Hartadinata Abadi Melonjak 196,96 Persen","Laba bersih PT Hartadinata Abadi turut meningkat signifikan sebesar 189,48 persen menjadi Rp 433,49 miliar.",https://bisnis.tempo.co/read/2106620/pendapatan-hartadinata-abadi-melonjak-19696-persen,2026-06-03 09:26:49,Tempo
1579,"Penyebab Harga TBS Sawit Riau Anjlok jadi Rp 3.271,91 per Kg",Harga TBS sawit tersebut berlaku untuk satu pekan ke depan yakni periode 3-9 Juni 2026.,https://bisnis.tempo.co/read/2106604/penyebab-harga-tbs-sawit-riau-anjlok-jadi-rp-3-27191-per-kg,2026-06-03 08:34:21,Tempo
1580,"Aset BPR Tumbuh 3,7 Persen Menjadi Rp 236 Triliun","Penyaluran kredit atau pembiayaan Bank Perekonomian Rakyat (BPR) tumbuh 2,83 persen menjadi Rp 176,96 triliun.",https://bisnis.tempo.co/read/2106591/aset-bpr-tumbuh-37-persen-menjadi-rp-236-triliun,2026-06-03 07:36:53,Tempo
1581,Respons BI Rupiah Kian Mendekati 18 Ribu Per Dolar AS,Bank Indonesia buka suara perihal nilai tukar rupiah yang makin mendekati 18 ribu per dolar Amerika Serikat.,https://bisnis.tempo.co/read/2106587/respons-bi-rupiah-kian-mendekati-18-ribu-per-dolar-as,2026-06-03 07:23:20,Tempo
1582,"IHSG Anjlok 5 Persen, Rupiah Tembus Rp 17.930 per Dolar AS",IHSG bergerak turun hingga 5 persen pada perdagangan sesi pertama hari ini dan nilai tukar rupiah melemah hingga ke level Rp 17.930 per dolar AS.,https://bisnis.tempo.co/read/2106569/ihsg-anjlok-5-persen-rupiah-tembus-rp-17-930-per-dolar-as,2026-06-03 05:24:52,Tempo
1583,Pendapatan Industri Asuransi Jiwa Turun 6 Persen,"Asosiasi Asuransi Jiwa Indonesia mencatat total pendapatan industri asuransi jiwa pada kuartal I 2026 sebesar Rp 47,63 triliun.",https://bisnis.tempo.co/read/2106546/pendapatan-industri-asuransi-jiwa-turun-6-persen,2026-06-03 04:01:10,Tempo
1584,PLN Jawab Keluhan Sebagian Masyarakat soal Tagihan Listrik,PLN memastikan tidak ada kenaikan tarif listrik untuk periode April-Juni 2026.,https://bisnis.tempo.co/read/2106534/pln-jawab-keluhan-sebagian-masyarakat-soal-tagihan-listrik,2026-06-03 03:25:15,Tempo
1585,Profil Nanik S Deyang yang Diangkat Jadi Kepala Badan Gizi,PRESIDEN Prabowo Subianto mengangkat Nanik S Deyang menjadi Kepala Badan Gizi Nasional. Seperti apa rekam jejak Nanik S Deyang.,https://bisnis.tempo.co/read/2106483/profil-nanik-s-deyang-yang-diangkat-jadi-kepala-badan-gizi,2026-06-02 14:34:47,Tempo
1586,Prabowo Mengangkat Nanik S Deyang Sebagai Kepala BGN,PRESIDEN Prabowo Subianto mengangkat Nanik S. Deyang sebagai Kepala Badan Gizi Nasional.,https://bisnis.tempo.co/read/2106480/prabowo-mengangkat-nanik-s-deyang-sebagai-kepala-bgn,2026-06-02 14:23:29,Tempo
1587,"Pajak Google hingga Meta Kabur ke Singapura, Ini Kata Celios",Celios menyatakan penerimaan pajak dari industri over the top (OTT) global tidak sebanding dengan pendapatan yang mencapai triliunan rupiah.,https://bisnis.tempo.co/read/2106469/pajak-google-hingga-meta-kabur-ke-singapura-ini-kata-celios,2026-06-02 13:29:14,Tempo
1588,"IHSG Menguat ke 6.195,4, Bagaimana Proyeksinya Sepekan?",Stabilitas nilai tukar rupiah akan menjadi faktor krusial yang menentukan arah IHSG sepekan.,https://bisnis.tempo.co/read/2106467/ihsg-menguat-ke-6-1954-bagaimana-proyeksinya-sepekan,2026-06-02 13:06:17,Tempo
1589,"Rupiah Tercatat 17.839, Diprediksi Lanjut Melemah Besok",Mata uang rupiah melemah ke level 17.839 atau merosot 34 poin dibandingkan perdagangan hari sebelumnya.,https://bisnis.tempo.co/read/2106464/rupiah-tercatat-17-839-diprediksi-lanjut-melemah-besok,2026-06-02 12:54:21,Tempo
1590,"IHSG Ditutup Menguat, Dipimpin Saham Sektor Energi",IHSG pada Selasa sore ditutup naik dipimpin oleh penguatan saham-saham sektor energi.,https://bisnis.tempo.co/read/2106457/ihsg-ditutup-menguat-dipimpin-saham-sektor-energi,2026-06-02 11:56:53,Tempo
1591,"Mengapa Impor Migas April 2026 Melonjak 82,52 Persen","Impor migas pada April 2026 melonjak atau 82,52 persen dibandingkan dengan April tahun lalu. Total nilai impor migas per April US$ 4,59 miliar.",https://bisnis.tempo.co/read/2106456/mengapa-impor-migas-april-2026-melonjak-8252-persen,2026-06-02 11:50:12,Tempo
1592,Cara Cek Penggunaan Listrik melalui Aplikasi PLN Mobile,"PT PLN (Persero) menyatakan tarif listrik periode Juni tidak mengalami kenaikan, mengacu pada keputusan Kementerian ESDM.",https://bisnis.tempo.co/read/2106454/cara-cek-penggunaan-listrik-melalui-aplikasi-pln-mobile,2026-06-02 11:43:30,Tempo
1593,Rupiah Selasa Sore Ditutup Melemah di Level Rp 17.839,"Nilai tukar rupiah terhadap dolar Amerika Serikat pada Selasa sore ditutup melemah 34 poin atau 0,19 persen di level Rp 17.839 per dolar AS.",https://bisnis.tempo.co/read/2106440/rupiah-selasa-sore-ditutup-melemah-di-level-rp-17-839,2026-06-02 10:57:12,Tempo
1594,"Kunjungan Wisatawan Mancanegara Meningkat 14,75 Persen",Jumlah kunjungan wisatawan mancanegara ke Indonesia mengalami peningkatan per April 2026.,https://bisnis.tempo.co/read/2106437/kunjungan-wisatawan-mancanegara-meningkat-1475-persen,2026-06-02 10:47:06,Tempo
1595,"Data BPS: Kunjungan WNI ke Luar Negeri Turun 18,85 Persen","Jumlah WNI yang plesiran ke luar negeri berkurang. Malaysia, Singapura dan Arab Saudi masih jadi tujuan utama.",https://bisnis.tempo.co/read/2106419/data-bps-kunjungan-wni-ke-luar-negeri-turun-1885-persen,2026-06-02 09:22:46,Tempo
1596,PLN Sampaikan Tak Ada Kenaikan Tarif Listrik,PT PLN mengatakan untuk periode April-Juni 2026 tarif listrik tetap. Hal ini merespons keluhan pelanggan di media sosial.,https://bisnis.tempo.co/read/2106412/pln-sampaikan-tak-ada-kenaikan-tarif-listrik,2026-06-02 09:05:00,Tempo
1597,"Pemerintah Revisi Aturan PPh Final 0,5 Persen untuk UMKM","Pemerintah resmi merevisi ketentuan Pajak Penghasilan (PPh) Final sebesar 0,5 persen bagi pelaku usaha mikro, kecil, dan menengah (UMKM)",https://bisnis.tempo.co/read/2106409/pemerintah-revisi-aturan-pph-final-05-persen-untuk-umkm,2026-06-02 08:42:36,Tempo
1598,Surplus Neraca Perdagangan April 2026 Terendah dalam 6 Tahun,Surplus neraca perdagangan menyusut dan menjadi yang terendah dalam 72 bulan atau 6 tahun.,https://bisnis.tempo.co/read/2106387/surplus-neraca-perdagangan-april-2026-terendah-dalam-6-tahun,2026-06-02 07:08:48,Tempo
1599,Penumpang Kereta Yogyakarta Melonjak saat Libur Panjang,PT KAI Daerah Operasi 6 Yogyakarta mencatat ada kenaikan jumlah penumpang sebesar 45 persen selama libur panjang Mei 2026.,https://bisnis.tempo.co/read/2106381/penumpang-kereta-yogyakarta-melonjak-saat-libur-panjang,2026-06-02 06:32:00,Tempo
1600,"BPS: Inflasi Mei 2026 Sebesar 3,08 Persen","BPS mencatat inflasi bulanan pada Mei 2026 naik menjadi 0,28 persen. Secara tahunan terjadi inflasi 3,08 persen.",https://bisnis.tempo.co/read/2106376/bps-inflasi-mei-2026-sebesar-308-persen,2026-06-02 05:41:18,Tempo
1601,Surcharge Tiket Pesawat Tak Berubah Meski Harga Avtur Turun,"Meski harga avtur turun, Kemenhub tetap mempertahankan batas maksimal biaya tambahan sebesar 50 persen dari tarif batas atas tiket pesawat.",https://bisnis.tempo.co/read/2106369/surcharge-tiket-pesawat-tak-berubah-meski-harga-avtur-turun,2026-06-02 04:51:30,Tempo
1602,"Bantu Petani Tebu, Bulog Usul Pergantian Manajemen PT GMM",Perum Bulog akan memperbaiki tata kelola dan meningkatkan kinerja operasional PT Gendhis Multi Manis (GMM) agar mampu menyerap tebu petani.,https://bisnis.tempo.co/read/2106357/bantu-petani-tebu-bulog-usul-pergantian-manajemen-pt-gmm,2026-06-02 04:02:57,Tempo
1603,Harga Emas Antam Anjlok Rp 25 Ribu per Gram,Harga emas Antam hari ini turun jadi Rp 2.774.000 per gram.,https://bisnis.tempo.co/read/2106348/harga-emas-antam-anjlok-rp-25-ribu-per-gram,2026-06-02 03:18:50,Tempo
1604,Kinerja Manufaktur RI Kembali Masuk Zona Ekspansi,"Meskipun masih ada permintaan, kinerja industri manufaktur tertekan oleh kenaikan harga bahan baku yang membebani produksi perusahaan.",https://bisnis.tempo.co/read/2106341/kinerja-manufaktur-ri-kembali-masuk-zona-ekspansi,2026-06-02 02:46:07,Tempo
1605,"Harga Telur Anjlok, Peternak Minta Perlindungan Pemerintah",Penurunan harga telur diiringi dengan makin mahalnya harga pakan.,https://bisnis.tempo.co/read/2106326/harga-telur-anjlok-peternak-minta-perlindungan-pemerintah,2026-06-02 01:26:31,Tempo
1606,Yogyakarta Bakal Terapkan Hunian Vertikal Tata Kawasan Kumuh,Dia menuturkan konsep hunian vertikal atau rumah panggung modern cocok diterapkan di pinggir sungai.,https://bisnis.tempo.co/read/2106314/yogyakarta-bakal-terapkan-hunian-vertikal-tata-kawasan-kumuh,2026-06-01 23:37:15,Tempo
1607,Antam Tanggapi Ekspor Satu Pintu via DSI,PT Aneka Tambang Tbk. (Antam) menanggapi kebijakan ekspor satu pintu melalui PT Danantara Sumberdaya Indonesia (DSI).,https://bisnis.tempo.co/read/2106289/antam-tanggapi-ekspor-satu-pintu-via-dsi,2026-06-01 12:08:00,Tempo
1608,"Harga Solar di SPBU Pertamina, BP, dan Shell Turun","PT Pertamina (Persero) mengumumkan harga bahan bakar minyak (BBM) nonsubsidi jenis solar, seperti Pertamina Dex dan Dexlite, turun mulai 1 Juni 2026.",https://bisnis.tempo.co/read/2106283/harga-solar-di-spbu-pertamina-bp-dan-shell-turun,2026-06-01 11:13:23,Tempo
1609,70 Ribu Kendaraan Kembali ke Jabodetabek pada Libur Waisak,"Jumlah kendaraan pada hari libur Waisak ini naik 18,55 persen dibandingkan dengan hari normal.",https://bisnis.tempo.co/read/2106281/70-ribu-kendaraan-kembali-ke-jabodetabek-pada-libur-waisak,2026-06-01 10:42:02,Tempo
1610,Kemendag: Harga Emas Turun Seiring Pergeseran Minat Investor,Kemendag menyebutkan penurunan harga patokan ekspor (HPE) dan harga referensi komoditas emas pada periode pertama Juni 2026.,https://bisnis.tempo.co/read/2106268/kemendag-harga-emas-turun-seiring-pergeseran-minat-investor,2026-06-01 08:44:29,Tempo
1611,Purbaya Teken Aturan Bea Masuk Benang Sintetik,"Bea masuk tindakan pengamanan (BMPT) pernah diatur melalui PMK Nomor 46 Tahun 2023, namun masa berlakunya telah berakhir.",https://bisnis.tempo.co/read/2106265/purbaya-teken-aturan-bea-masuk-benang-sintetik,2026-06-01 08:19:18,Tempo
1612,ASDP Sterilisasi Pelabuhan Merak-Bakauheni Bertahap,PT ASDP Indonesia Ferry (Persero) mulai memberlakukan uji coba sterilisasi kawasan di Pelabuhan Merak dan Bakauheni secara bertahap.,https://bisnis.tempo.co/read/2106263/asdp-sterilisasi-pelabuhan-merak-bakauheni-bertahap,2026-06-01 08:13:43,Tempo
1613,KCIC Tambah Enam Perjalanan saat Arus Balik Libur Panjang,KCIC menambah enam perjalanan kereta Whoosh untuk mengantisipasi puncak arus balik libur panjang.,https://bisnis.tempo.co/read/2106260/kcic-tambah-enam-perjalanan-saat-arus-balik-libur-panjang,2026-06-01 07:53:11,Tempo
1614,"Inflasi Tahunan Diperkirakan Naik pada Mei Jadi 3,21 Persen","Menurut tim ekonom Bank Mandiri, inflasi itu disebabkan oleh kenaikan sejumlah harga bahan pangan.",https://bisnis.tempo.co/read/2106249/inflasi-tahunan-diperkirakan-naik-pada-mei-jadi-321-persen,2026-06-01 06:54:30,Tempo
1615,"13,59 Juta Wajib Pajak Lapor SPT Tahunan 2025",Direktorat Jenderal Pajak mencatat jumlah pelaporan Surat Pemberitahuan (SPT) Tahunan Pajak Penghasilan (PPh) Tahun Pajak 2025 mencapai 13.593.754.,https://bisnis.tempo.co/read/2106240/1359-juta-wajib-pajak-lapor-spt-tahunan-2025,2026-06-01 06:09:38,Tempo
1616,Pengusaha Minta Ekspor Satu Pintu Dilakukan Bertahap,"Ekspor satu pintu diminta dilakukan secara bertahap, transparan, dan akuntabel, dengan mempertimbangkan keunikan masing-masing sektor.",https://bisnis.tempo.co/read/2106224/pengusaha-minta-ekspor-satu-pintu-dilakukan-bertahap,2026-06-01 04:08:13,Tempo
1617,Pertamina Turunkan Harga Avtur 10 Persen,Penurunan harga avtur diharapkan dapat membantu menekan biaya operasional maskapai dan mendongkrak penerbangan domestik.,https://bisnis.tempo.co/read/2106213/pertamina-turunkan-harga-avtur-10-persen,2026-06-01 03:00:56,Tempo
1618,"Harga BBM Nonsubsidi Dex Series Turun, Pertamax Turbo Naik",Pertamina menurunkan harga BBM jenis solar nonsubsidi.,https://bisnis.tempo.co/read/2106212/harga-bbm-nonsubsidi-dex-series-turun-pertamax-turbo-naik,2026-06-01 02:54:49,Tempo
1619,KKP: Cina Izinkan Ekspor 638 Unit Pengolahan Ikan Indonesia,Kementerian Kelautan dan Perikanan: Cina memberikan izin ekspor produk perikanan terhadap delapan unit pengolahan ikan pada 11 Mei 2026.,https://bisnis.tempo.co/read/2106209/kkp-cina-izinkan-ekspor-638-unit-pengolahan-ikan-indonesia,2026-06-01 02:42:58,Tempo
1620,Menlu: Belasan Dubes akan Serahkan Kredensial ke Prabowo,Menlu Sugiono memastikan bahwa belasan dubes asing dijadwalkan menyerahkan kredensial mereka kepada Presiden RI Prabowo Subianto pekan ini,https://dunia.tempo.co/read/2106698/menlu-belasan-dubes-akan-serahkan-kredensial-ke-prabowo,2026-06-03 15:22:16,Tempo
1621,Iran Kutuk Serangan AS dari Pangakalan di Kuwait dan Bahrain,Kementerian Luar Negeri Iran mengutuk keras tindakan agresif AS dan menuduh Washington menggunakan fasilitas militer di Kawasan Teluk.,https://dunia.tempo.co/read/2106693/iran-kutuk-serangan-as-dari-pangakalan-di-kuwait-dan-bahrain,2026-06-03 15:04:14,Tempo
1622,"Trump ""Khawatir"" dengan Permusuhan Netanyahu dan Libanon","Presiden AS Trump menegaskan, ""Jika bukan karena saya, tidak akan ada Israel saat ini.""",https://dunia.tempo.co/read/2106690/trump-khawatir-dengan-permusuhan-netanyahu-dan-libanon,2026-06-03 14:51:22,Tempo
1623,Krisis Bolivia: Pemerintah Kabur dari Ibu Kota,Unjuk rasa yang dilakukan kelompok antipemerintah mendesak Presiden Bolivia mengundurkan diri dari jabatannya akibat krisis yang berkepanjangan.,https://dunia.tempo.co/read/2106682/krisis-bolivia-pemerintah-kabur-dari-ibu-kota,2026-06-03 14:03:40,Tempo
1624,Pejabat Israel Gagal Pidato di Sidang ILO karena Diprotes,Diplomat Israel Waleed Gadban gagap berpidato dalam konferensi ILO di Jenewa karena diprotes peserta lain soal Palestina,https://dunia.tempo.co/read/2106659/pejabat-israel-gagal-pidato-di-sidang-ilo-karena-diprotes,2026-06-03 11:50:17,Tempo
1625,Kebakaran Hotel New Delhi India Tewaskan 21 Orang,Sejumlah korban tewas dalam kebakaran di ibu kota India itu adalah pengunjung dari negara-negara Afrika yang datang untuk perawatan medis.,https://dunia.tempo.co/read/2106657/kebakaran-hotel-new-delhi-india-tewaskan-21-orang,2026-06-03 11:41:15,Tempo
1626,Menlu Iran-Turki Bahas Konflik dan Negosiasi dengan AS,Menlu Turki dan Iran membahas perkembangan kawasan serta negosiasi Iran-AS lewat sambungan telepon.,https://dunia.tempo.co/read/2106465/menlu-iran-turki-bahas-konflik-dan-negosiasi-dengan-as,2026-06-02 12:54:57,Tempo
1627,Trump Klaim Israel dan Hizbullah Sepakat Setop Serangan,"Trump mengklaim pada Senin 1 Juni 2026 bahwa Israel dan kelompok pejuang Libanon, Hizbullah, telah sepakat untuk menghentikan serangan satu sama lain.",https://dunia.tempo.co/read/2106342/trump-klaim-israel-dan-hizbullah-sepakat-setop-serangan,2026-06-02 04:00:00,Tempo
1628,"Iran Setop Negosiasi dengan AS, Ini Kata Trump",Trump mengatakan bahwa ia akan memilih diam jika Iran menangguhkan pembicaraan damai tidak langsung dengan AS.,https://dunia.tempo.co/read/2106332/iran-setop-negosiasi-dengan-as-ini-kata-trump,2026-06-02 03:00:00,Tempo
1629,"Ledakan di Myanmar Tewaskan Sedikitnya 55 Orang, 70 Terluka",Sedikitnya 55 orang dilaporkan tewas dalam ledakan di sebuah fasilitas penyimpanan bahan peledak pertambangan di timur laut Myanmar.,https://dunia.tempo.co/read/2106336/ledakan-di-myanmar-tewaskan-sedikitnya-55-orang-70-terluka,2026-06-02 02:30:00,Tempo
1630,Presiden Kenya Setujui Karantina Ebola atas Permintaan Trump,Komentar Presiden Kenya adalah pertama kalinya ia secara terbuka mengkonfirmasi bahwa Trump mengajukan permintaan untuk fasilitas tersebut,https://dunia.tempo.co/read/2106329/presiden-kenya-setujui-karantina-ebola-atas-permintaan-trump,2026-06-02 02:00:00,Tempo
1631,Iran Ancam Setop Negosiasi Jika Israel Terus Serang Libanon,Ketua Parlemen Iran Mohammad Bagher Qalibaf memperingatkan bahwa pembicaraan dengan AS dapat dihentikan jika serangan Israel ke Libanon terus terjadi,https://dunia.tempo.co/read/2106324/iran-ancam-setop-negosiasi-jika-israel-terus-serang-libanon,2026-06-02 01:20:24,Tempo
1632,Prancis: Operasi Militer Israel di Libanon Mengkhawatirkan,"Menteri Luar Negeri Prancis Jean-Noel Barrot menyebut operasi militer Israel di Lebanon ""sangat mengkhawatirkan.""",https://dunia.tempo.co/read/2106170/prancis-operasi-militer-israel-di-libanon-mengkhawatirkan,2026-05-31 14:28:12,Tempo
1633,Israel Luncurkan Registrasi Tanah Digital di Tepi Barat,Israel meluncurkan sistem registrasi tanah digital di Tepi Barat yang diduduki. Palestina yang menyebutnya sebagai upaya memperluas kontrol atas lahan pendudukan.,https://dunia.tempo.co/read/2106168/israel-luncurkan-registrasi-tanah-digital-di-tepi-barat,2026-05-31 14:20:57,Tempo
1634,Prancis Laporkan Kekerasan terhadap Aktivis Flotilla Gaza,"Pemerintah Prancis menyerahkan dugaan kekerasan seksual, pemukulan, dan penghinaan terhadap aktivis Global Sumud Flotilla yang ditahan Israel kepada jaksa.",https://dunia.tempo.co/read/2106167/prancis-laporkan-kekerasan-terhadap-aktivis-flotilla-gaza,2026-05-31 14:15:08,Tempo
1635,"2025, Kanada Ekspor Barang Militer US$14,7 Juta ke Israel","Di tengah kebijakan pembekuan izin baru, Kanada tercatat mengekspor barang dan teknologi militer senilai US$14,7 juta ke Israel sepanjang 2025.",https://dunia.tempo.co/read/2106164/2025-kanada-ekspor-barang-militer-us147-juta-ke-israel,2026-05-31 13:45:31,Tempo
1636,Israel Caplok Kastil Beaufort di Libanon,Israel mencaplok Kastil Beaufort di Libanon selatan. Kastil ini merupakan benteng peninggalan era Perang Salib yang berada di puncak bukit strategis,https://dunia.tempo.co/read/2106163/israel-caplok-kastil-beaufort-di-libanon,2026-05-31 13:38:48,Tempo
1637,"Trump Kirim Revisi Proposal ke Iran, Syarat Lebih Berat",Presiden AS Donald Trump mengirim revisi proposal damai kepada Iran dengan syarat yang lebih berat di tengah negosiasi untuk mengakhiri perang.,https://dunia.tempo.co/read/2106136/trump-kirim-revisi-proposal-ke-iran-syarat-lebih-berat,2026-05-31 11:45:23,Tempo
1638,AS Tegaskan Blokade Selat Hormuz Masih Berlaku,Menteri Pertahanan AS Pete Hegseth menegaskan blokade Amerika Serikat di Selat Hormuz masih berlaku.,https://dunia.tempo.co/read/2106132/as-tegaskan-blokade-selat-hormuz-masih-berlaku,2026-05-31 11:18:22,Tempo
1639,Netanyahu: Israel akan Kuasai 70 Persen Wilayah Gaza,Netanyahu mengatakan bahwa Israel saat ini mengendalikan 60 persen Jalur Gaza. Ia pun bertekad akan menambah kekuasaan di Gaza,https://dunia.tempo.co/read/2106015/netanyahu-israel-akan-kuasai-70-persen-wilayah-gaza,2026-05-30 09:36:00,Tempo
1640,PBB Kecam Rencana Israel Perluas Kendali Wilayah Gaza,PBB mengecam rencana Israel memperluas wilayah yang dikuasainya di Jalur Gaza hingga 70 persen.,https://dunia.tempo.co/read/2106019/pbb-kecam-rencana-israel-perluas-kendali-wilayah-gaza,2026-05-30 09:23:28,Tempo
1641,"Klaim Trump soal Selat Hormuz, Iran: Belum Ada Kesepakatan","Trump mengklaim blokade Selat Hormuz akan dicabut, tapi Iran menegaskan belum ada kesepakatan akhir dengan Amerika Serikat.",https://dunia.tempo.co/read/2106012/klaim-trump-soal-selat-hormuz-iran-belum-ada-kesepakatan,2026-05-30 09:05:00,Tempo
1642,Israel Masuk Daftar Hitam PBB Kekerasan Seksual Zona Konflik,"Perserikatan Bangsa-Bangsa menambahkan sejumlah entitas Israel ke daftar hitam, karena menggunakan kekerasan seksual sebagai alat penindasan terhadap warga Palestina.",https://dunia.tempo.co/read/2106008/israel-masuk-daftar-hitam-pbb-kekerasan-seksual-zona-konflik,2026-05-30 08:33:41,Tempo
1643,Israel Mengklaim Tewaskan Komandan Senior Hamas di Gaza,"Israel mengklaim menewaskan komandan senior Hamas, Imad Hassan Hussein Aslim, dalam serangan udara di Gaza.",https://dunia.tempo.co/read/2106005/israel-mengklaim-tewaskan-komandan-senior-hamas-di-gaza,2026-05-30 08:15:20,Tempo
1644,Iran Tolak Pindahkan Uranium Diperkaya ke Negara Lain,Iran dilaporkan tidak memiliki rencana untuk membawa uranium pengayaan tinggi ke luar negeri.,https://dunia.tempo.co/read/2105945/iran-tolak-pindahkan-uranium-diperkaya-ke-negara-lain,2026-05-29 16:21:41,Tempo
1645,Media: Sumber Iran Bantah Ada Kesepakatan dengan AS,Sumber Iran membantah bahwa teks usulan nota kesepahaman (MoU) antara Iran dan Amerika Serikat telah difinalisasi.,https://dunia.tempo.co/read/2105944/media-sumber-iran-bantah-ada-kesepakatan-dengan-as,2026-05-29 16:10:58,Tempo
1646,Rumania Tutup Konsulat Rusia setelah Insiden Drone,Presiden Rumania Nicuor Dan mengumumkan bahwa konsulat jenderal Rusia di Constana akan ditutup dan konsul Rusia akan diusir.,https://dunia.tempo.co/read/2105941/rumania-tutup-konsulat-rusia-setelah-insiden-drone,2026-05-29 15:55:57,Tempo
1647,PBB: Serangan Israel ke Libanon pada April Mencatatkan Rekor,Juru bicara PBB mendesak Israel menghentikan serangan ke Libanon dan menghormati gencatan senjata.,https://dunia.tempo.co/read/2105940/pbb-serangan-israel-ke-libanon-pada-april-mencatatkan-rekor,2026-05-29 15:45:47,Tempo
1648,Perunding AS-Iran Sepakat Gencatan Senjata 60 Hari,Tim perunding dari Amerika Serikat dan Iran mencapai kesepakatan awal untuk perpanjangan gencatan senjata selama 60 hari.,https://dunia.tempo.co/read/2105919/perunding-as-iran-sepakat-gencatan-senjata-60-hari,2026-05-29 13:26:04,Tempo
1649,"Drone Rusia Hantam Apartemen di Rumania, 2 Orang Luka",Insiden drone Rusia di Rumania tersebut memicu gelombang kekhawatiran dan kecaman dari kekuatan Eropa dan NATO.,https://dunia.tempo.co/read/2105914/drone-rusia-hantam-apartemen-di-rumania-2-orang-luka,2026-05-29 13:02:38,Tempo
1650,Uni Eropa Jatuhkan Sanksi untuk Pemukim Israel di Tepi Barat,Uni Eropa memberikan sanksi kepada empat lembaga Israel dan tiga individu atas kekerasan dan perluasan pemukiman ilegal di Tepi Barat.,https://dunia.tempo.co/read/2105862/uni-eropa-jatuhkan-sanksi-untuk-pemukim-israel-di-tepi-barat,2026-05-29 08:00:00,Tempo
1651,Iran Kutuk Serangan Amerika di Saat Gencatan Senjata,Kementerian Luar Negeri Iran menegaskan serangan militer AS merupakan pelanggaran terhadap hukum internasional.,https://dunia.tempo.co/read/2105865/iran-kutuk-serangan-amerika-di-saat-gencatan-senjata,2026-05-29 07:33:46,Tempo
1652,Korsel Terapkan Bebas Visa Sementara bagi Turis Indonesia,Korsel mengumumkan program pembebasan visa sementara bagi wisatawan kelompok asal Indonesia mulai 28 Mei hingga akhir Desember 2026,https://dunia.tempo.co/read/2105857/korsel-terapkan-bebas-visa-sementara-bagi-turis-indonesia,2026-05-29 06:57:37,Tempo
1653,Trump Ancam Serang 15 Negara selama Jadi Presiden AS,"Trump mengancam, membuka kemungkinan menyerang, atau benar-benar menyerang 15 negara selama dua masa jabatannya sebagai Presiden AS",https://dunia.tempo.co/read/2105855/trump-ancam-serang-15-negara-selama-jadi-presiden-as,2026-05-29 06:40:08,Tempo
1654,WHO: Ada 900 Kasus Suspek Ebola di Kongo,"Kekerasan membuat warga, tenaga kesehatan, dan pekerja kemanusiaan terpaksa meninggalkan wilayah terdampak kasus ebola.",https://dunia.tempo.co/read/2105394/who-ada-900-kasus-suspek-ebola-di-kongo,2026-05-25 13:38:41,Tempo
1655,AS Khawatir Operasi Intelijen Rusia-Cina di Kuba,"Washington khawatir penempatan fasilitas intelijen tersebut bertujuan untuk memantau aktivitas militer AS di dekat perbatasan Havana, Kuba.",https://dunia.tempo.co/read/2105208/as-khawatir-operasi-intelijen-rusia-cina-di-kuba,2026-05-24 12:33:25,Tempo
1656,Iran: Kesepakatan Damai dengan AS Termasuk Akhiri Perang,Potensi perjanjian damai antara Iran dan Amerika Serikat mungkin mencakup penghentian perang di semua lini,https://dunia.tempo.co/read/2105205/iran-kesepakatan-damai-dengan-as-termasuk-akhiri-perang,2026-05-24 12:21:59,Tempo
1657,Prancis Larang Menteri Israel Ben-Gvir Masuk Wilayahnya,Prancis melarang Menteri Israel Itamar Ben-Gvir masuk ke wilayahnya setelah kontroversi perlakuan terhadap aktivis Global Sumud Flotilla.,https://dunia.tempo.co/read/2105180/prancis-larang-menteri-israel-ben-gvir-masuk-wilayahnya,2026-05-24 09:00:00,Tempo
1658,Iran Tutup Wilayah Udara di Tengah Ancaman Serangan AS,Iran menutup wilayah udara bagian barat usai muncul laporan Amerika Serikat menyiapkan kemungkinan serangan baru terhadap Teheran.,https://dunia.tempo.co/read/2105178/iran-tutup-wilayah-udara-di-tengah-ancaman-serangan-as,2026-05-24 08:30:00,Tempo
1659,Media NYT: AS Abaikan Israel dari Perundingan Iran,Amerika Serikat dilaporkan mengesampingkan Israel dari perundingan mengenai Iran.,https://dunia.tempo.co/read/2105174/media-nyt-as-abaikan-israel-dari-perundingan-iran,2026-05-24 08:00:00,Tempo
1660,Trump: Kesepakatan dengan Iran Hampir Rampung,Presiden Amerika Serikat Donald Trump menyebut kesepakatan dengan Iran hampir rampung dan tinggal menunggu penyelesaian akhir.,https://dunia.tempo.co/read/2105169/trump-kesepakatan-dengan-iran-hampir-rampung,2026-05-24 07:00:00,Tempo
1661,Bos Intelijen AS Tulsi Gabbard Mengundurkan Diri,"Diagnosis kanker suami, bukan perbedaan pendapat dengan Trump, disebut sebagai alasan keputusan  mundurnya Tulsi Gabbard",https://dunia.tempo.co/read/2105167/bos-intelijen-as-tulsi-gabbard-mengundurkan-diri,2026-05-24 06:11:12,Tempo
1662,Pelaku Penembakan Gedung Putih Disebut Kerap Berusaha Masuk,Pelaku penembakan di Gedung Putih beberapa kali berhadapan dengan Dinas Rahasia (Secret Service) karena berusaha masuk di berbagai pintu gerbang,https://dunia.tempo.co/read/2105157/pelaku-penembakan-gedung-putih-disebut-kerap-berusaha-masuk,2026-05-24 03:46:37,Tempo
1663,Ini Kronologi Penembakan di Dekat White House,"Sebuah insiden baku tembak terjadi di pos pemeriksaan keamanan dekat White House pada Sabtu sore, 23 Mei 2026. Ini kronologinya.",https://dunia.tempo.co/read/2105150/ini-kronologi-penembakan-di-dekat-white-house,2026-05-24 03:17:49,Tempo
1664,Pelaku Penembakan White House Tewas,Dinas Rahasia alias Secret Service Amerika Serikat menembak mati seorang pria yang diduga pelaku insiden penembakan di dekat White House,https://dunia.tempo.co/read/2105147/pelaku-penembakan-white-house-tewas,2026-05-24 02:57:37,Tempo
1665,Zelenskyy Desak Uni Eropa Mulai Proses Penerimaan Ukraina,Presiden Ukraina Volodymyr Zelenskyy mendesak para pemimpin Uni Eropa segera memulai proses penerimaan negaranya sebagai anggota penuh.,https://dunia.tempo.co/read/2105109/zelenskyy-desak-uni-eropa-mulai-proses-penerimaan-ukraina,2026-05-23 12:50:15,Tempo
1666,Israel Kembali Serang Wilayah Libanon Selatan Dekat Suriah,"Israel kembali melancarkan serangan udara ke wilayah Libanon selatan dan daerah dekat perbatasan Suriah pada Sabtu, 23 Mei 2026.",https://dunia.tempo.co/read/2105098/israel-kembali-serang-wilayah-libanon-selatan-dekat-suriah,2026-05-23 11:52:23,Tempo
1667,Arab Saudi Perketat Lalu Lintas di Mekah,Direktorat Jenderal Paspor Arab Saudi mencatat sebanyak 1.518.153 anggota jemaah haji internasional tiba di Arab Saudi.,https://dunia.tempo.co/read/2105095/arab-saudi-perketat-lalu-lintas-di-mekah,2026-05-23 11:14:39,Tempo
1668,Kemlu Tak Berkomunikasi dengan Israel soal Aktivis Flotilla,Alasan Indonesia tidak berkomunikasi dua arah secara langsung dengan otoritas Israel perihal pemulangan Warga Negara Indonesia relawan Sumud Flotilla,https://dunia.tempo.co/read/2104977/kemlu-tak-berkomunikasi-dengan-israel-soal-aktivis-flotilla,2026-05-22 12:16:29,Tempo
1669,Uzbekistan Bergabung dengan Bank Pembangunan BRICS,"Uzbekistan resmi bergabung dengan New Development Bank (NDB), bank pembangunan yang dibentuk negara-negara BRICS",https://dunia.tempo.co/read/2104971/uzbekistan-bergabung-dengan-bank-pembangunan-brics,2026-05-22 11:49:49,Tempo
1670,BYD Tampilkan Inovasi Teknologi untuk Perkuat Mobilitas Otomotif Berkelanjutan,BYD menegaskan komitmennya mendorong kemajuan industri otomotif nasional melalui terobosan teknologi kendaraan listrik yang ditampilkan di pameran lalu,https://otomotif.tempo.co/read/2105354/byd-tampilkan-inovasi-teknologi-untuk-perkuat-mobilitas-otomotif-berkelanjutan,2026-05-25 10:13:11,Tempo
1671,BYD Hadirkan ATTO 3 Advanced Plus,BYD meluncurkan ATTO 3 Advanced Plus dengan berbagai keunggulan di beberapa  untuk menjawab kebutuhan masyarakat Indonesia yang beragam.,https://otomotif.tempo.co/read/2105353/byd-hadirkan-atto-3-advanced-plus,2026-05-25 10:10:54,Tempo
1672,Beyond Community Perkuat Peran BYD dalam Membangun Ekosistem EV di Indonesia,BYD berkomitmen dalam membangun ekosistem kendaraan listrik yang tumbuh bersama para penggunanya.,https://otomotif.tempo.co/read/2105352/beyond-community-perkuat-peran-byd-dalam-membangun-ekosistem-ev-di-indonesia,2026-05-25 10:08:36,Tempo
1673,"e-Platform Terus Berevolusi, Landasan Berbagai Terobosan Kendaraan Listrik BYD","DNA BYD terletak pada kemampuan mengintegrasikan inovasi, kecerdasan sistem, dan rekayasa teknologi kendaraan dalam satu arsitektur yang dirancang untuk menghadirkan performa dan keselamatan secara konsisten",https://otomotif.tempo.co/read/2105351/e-platform-terus-berevolusi-landasan-berbagai-terobosan-kendaraan-listrik-byd,2026-05-25 09:59:04,Tempo
1674,"Awali 2026 Positif, BYD Perkuat Ekspansi SUV Listrik","Mengawali 2026 dengan tren pasar otomotif nasional yang tumbuh positif, BYD memperkuat strategi ekspansi portofolio kendaraan listrik untuk menjawab kebutuhan konsumen Indonesia yang semakin beragam.",https://otomotif.tempo.co/read/2105350/awali-2026-positif-byd-perkuat-ekspansi-suv-listrik,2026-05-25 09:56:56,Tempo
1675,Strategi BYD Mendorong Adopsi Kendaraan Listrik,"Antusiasme besar publik di setiap pameran berlangsung mencerminkan meningkatnya minat publik terhadap kendaraan listrik. BYD jeli menangkap peluang dengan inovasi teknologi, produk berbagai segmen, hingga penguatan komunitas.",https://otomotif.tempo.co/read/2105349/strategi-byd-mendorong-adopsi-kendaraan-listrik,2026-05-25 09:55:26,Tempo
1676,"Tren Positif Mobil Listrik 2025, BYD di Puncak","Penjualan mobil listrik melonjak pada 2025. Data Gaikindo menunjukkan dominasi BYD di pasar nasional. Ditopang strategi harga, produk keluarga, teknologi baterai, dan komitmen investasi jangka panjang.",https://otomotif.tempo.co/read/2098842/tren-positif-mobil-listrik-2025-byd-di-puncak,2026-03-05 03:03:00,Tempo
1677,Generasi Muda Kenal Lebih Dekat Masa Depan Mobilitas Bersama BYD,"BYD mendekatkan teknologi kendaraan listrik kepada generasi Z lewat roadshow kampus, membuka ruang belajar, dialog, dan pengalaman langsung tentang mobilitas elektrik sebagai bagian transisi energi.",https://otomotif.tempo.co/read/2098841/generasi-muda-kenal-lebih-dekat-masa-depan-mobilitas-bersama-byd,2026-03-04 02:02:00,Tempo
1678,Strategi BYD Memimpin Ekosistem Kendaraan Listrik di Indonesia,"BYD memposisikan diri tidak hanya sebagai produsen kendaraan listrik, tetapi juga sebagai penggerak ekosistem kendaraan listrik nasional. Fokus pengembangan diarahkan pada kesiapan layanan, industri, dan sumber daya pendukung.",https://otomotif.tempo.co/read/2098838/strategi-byd-memimpin-ekosistem-kendaraan-listrik-di-indonesia,2026-03-03 03:00:00,Tempo
1679,Kontribusi BYD Dorong Pertumbuhan Pasar EV Nasional,"Performa BYD tidak hanya tercermin dari peningkatan pasar, tetapi juga penguatan teknologi elektrifikasi pada lini kendaraannya.",https://otomotif.tempo.co/read/2098839/kontribusi-byd-dorong-pertumbuhan-pasar-ev-nasional,2026-03-02 03:59:00,Tempo
1680,BYD Ikut Andil dalam Penguatan Ekosistem EV Nasional,"Pertumbuhan kendaraan listrik di Indonesia tidak lagi semata ditentukan oleh teknologi, tetapi oleh kesiapan kebijakan, pembiayaan hijau, dan agenda keberlanjutan.",https://otomotif.tempo.co/read/2098857/byd-ikut-andil-dalam-penguatan-ekosistem-ev-nasional,2026-03-01 02:19:00,Tempo
1681,DENZA Perkuat Segmen MPV Listrik Premium,"DENZA, sub-brand kendaraan listrik premium di bawah BYD Group, memperluas kontribusinya di pasar otomotif nasional melalui pengembangan segmen MPV listrik.",https://otomotif.tempo.co/read/2089167/denza-perkuat-segmen-mpv-listrik-premium,2026-02-20 07:40:00,Tempo
1682,Paket Lengkap Hyundai CRETA,"Hyundai CRETA hadir dengan tiga karakter berbeda-Prime, Alpha, dan N Line-yang menawarkan kombinasi desain, fitur, teknologi, serta nilai kepemilikan terbaik di segmen SUV compact.",https://otomotif.tempo.co/read/2087099/paket-lengkap-hyundai-creta,2026-02-14 05:00:00,Tempo
1683,"Curi Perhatian Pecinta Komik dan Mainan, Honda Genio tampil di JTCF 2026",AHM membawa New Honda Genio ke Jakarta Toys & Comics Fair 2026 untuk menegaskan skutik bergaya retro ini jadi bagian gaya hidup generasi muda. Varian warna Vibrant Tri-Tone begitu lekat dengan ciri khas Gundam.,https://otomotif.tempo.co/read/2087153/curi-perhatian-pecinta-komik-dan-mainan-honda-genio-tampil-di-jtcf-2026,2026-02-14 04:46:03,Tempo
1684,"Nyaman, Tangguh, dan Efisien All-New SANTA FE XRT","All-New SANTA FE XRT hadir sebagai solusi all-in-one SUV yang memadukan desain tangguh, kenyamanan kelas atas, teknologi canggih, serta nilai kepemilikan jangka panjang tanpa kompromi.",https://otomotif.tempo.co/read/2087098/nyaman-tangguh-dan-efisien-all-new-santa-fe-xrt,2026-02-14 03:00:00,Tempo
1685,"Hyundai Stargazer Cartenz dan Cartenz X, Solusi Mobilitas Keluarga Modern","Hyundai Stargazer Cartenz dan Hyundai Stargazer Cartenz X hadir sebagai mobil keluarga paling siap dipilih dengan kombinasi fitur keselamatan aktif, kenyamanan maksimal, dan jaminan nilai jangka panjang.",https://otomotif.tempo.co/read/2087096/hyundai-stargazer-cartenz-dan-cartenz-x-solusi-mobilitas-keluarga-modern,2026-02-14 01:00:00,Tempo
1686,Vingroup dan Vinhomes Masuk Top 500 Perusahaan Terbaik Asia-Pasifik 2026,"Vingroup dan Vinhomes resmi masuk daftar TIME Asia-Pacific's Best Companies 2026, menegaskan daya saing global dan kekuatan ekosistem bisnis Vietnam di kawasan Asia-Pasifik.",https://otomotif.tempo.co/read/2087931/vingroup-dan-vinhomes-masuk-top-500-perusahaan-terbaik-asia-pasifik-2026,2026-02-14 01:00:00,Tempo
1687,"VinFast Luncurkan Limo Green, MPV Listrik 7 Penumpang Resmi Masuk Indonesia","VinFast resmi menghadirkan Limo Green di IIMS 2026 sebagai MPV listrik tujuh penumpang dengan harga kompetitif, skema baterai fleksibel, dan orientasi kuat pada mobilitas hijau Indonesia.",https://otomotif.tempo.co/read/2086293/vinfast-luncurkan-limo-green-mpv-listrik-7-penumpang-resmi-masuk-indonesia,2026-02-10 05:04:15,Tempo
1688,Vinfast dan Ambisi Vietnam Membangun Ekosistem Mobilitas Masa Depan,"VinFfast, dari sekadar produsen mobil listrik menjadi penggerak perubahan gaya hidup dan ekosistem berkelanjutan melalui Vingroup (yang mencakup pendidikan, kesehatan, dan hunian modern).",https://otomotif.tempo.co/read/2086763/vinfast-dan-ambisi-vietnam-membangun-ekosistem-mobilitas-masa-depan,2025-12-24 03:00:00,Tempo
1689,VinFast Resmikan Pabrik Mobil Listrik di Subang,"Pada fase awal, VinFast menggelontorkan investasi lebih dari USD 300 juta dengan kapasitas produksi 50 ribu unit per tahun.",https://otomotif.tempo.co/read/2082027/vinfast-resmikan-pabrik-mobil-listrik-di-subang,2025-12-23 08:59:00,Tempo
1690,"Honda BeAT x DanDaDan, Kolaborasi Spektakuler di Gelaran Honda DBL",Honda Developmental Basketball League (Honda DBL) terus mengukuhkan posisinya sebagai kompetisi basket tingkat sekolah menengah atas (SMA) terbesar dan paling bergengsi di Indonesia.,https://otomotif.tempo.co/read/2068754/honda-beat-x-dandadan-kolaborasi-spektakuler-di-gelaran-honda-dbl,2025-11-26 04:23:13,Tempo
1691,Marquez Bersaudara Rayakan Kesuksesan di Kampung Halaman,"Marc Marquez menjadi juara MotoGP 2025, sedangkan adiknya, Alex, menjadi runner-up sekaligus pembalap independen terbaik.",https://otomotif.tempo.co/read/2068212/marquez-bersaudara-rayakan-kesuksesan-di-kampung-halaman,2025-11-24 07:21:54,Tempo
1692,"Marco Bezzechi Juara MotoGP Valencia, Tutup Musim 2025 dengan Gelar","Simak hasil balapan MotoGP Valencia yang berlangsung di Sirkuit Ricaro Tormo, Valencia, Spanyol, Minggu, 16 November 2025.",https://otomotif.tempo.co/read/2066188/marco-bezzechi-juara-motogp-valencia-tutup-musim-2025-dengan-gelar,2025-11-16 16:03:38,Tempo
1693,Taklukan Jalur Mistis di Xploride Mystery Camp dengan Honda ADV160,"Melalui kegiatan Xploride Mystery Camp, perjalanan sejauh 210 kilometer dari Banyuwangi hingga Alas Purwo menjadi ajang pembuktian ketangguhan Honda ADV160 sebagai SUV Big Scooter yang menggabungkan performa andal, kenyamanan superior, dan teknologi cerdas Honda RoadSync bagi para penjelajah modern yang mencintai kebebasan di setiap rute.",https://otomotif.tempo.co/read/2065128/taklukan-jalur-mistis-di-xploride-mystery-camp-dengan-honda-adv160,2025-11-12 10:34:57,Tempo
1694,Veda Ega Pratama Promosi ke Moto3,"Setelah tampil menjanjikan dengan menyegel gelar runner-up Red Bull MotoGP Rookies Cup (RBRC) musim 2025, Veda Ega Pratama promosi ke Moto3 2026.",https://otomotif.tempo.co/read/2061944/veda-ega-pratama-promosi-ke-moto3,2025-10-31 11:35:07,Tempo
1695,"Mitsubishi Destinator, SUV Sejati Andalan Petualangan Keluarga Menuju Destinasi Baru","Mitsubishi Destinator hadir di pasar Indonesia sebagai jawaban tegas Mitsubishi Motors atas kebutuhan SUV keluarga yang sesungguhnya, bukan sekadar mobil tujuh penumpang.",https://otomotif.tempo.co/read/2061031/mitsubishi-destinator-suv-sejati-andalan-petualangan-keluarga-menuju-destinasi-baru,2025-10-28 09:00:00,Tempo
1696,Marc Marquez Harus Absen 16 Pekan setelah Terjatuh di Mandalika,Marc Marquez terancam absen hingga akhir musim 2025 karena cedera saat jatuh di MotoGP Mandalika.,https://otomotif.tempo.co/read/2057573/marc-marquez-harus-absen-16-pekan-setelah-terjatuh-di-mandalika,2025-10-15 22:13:34,Tempo
1697,Wajib Koleksi! Honda Scoopy Makin Stylish Bareng Kuromi,"Kali ini, motor ikonik Honda Scoopy tampil dalam balutan baru lewat kolaborasi eksklusif bersama karakter Sanrio yang sedang digemari Gen Z - Kuromi.",https://otomotif.tempo.co/read/2056450/wajib-koleksi-honda-scoopy-makin-stylish-bareng-kuromi,2025-10-12 02:49:51,Tempo
1698,"Hasil Latihan MotoGP Mandalika 2025: Marquez Terjatuh, Bezzecchi Tercepat",Pembalap Aprilia Racing Marco Bezzecchi mencatat waktu tercepat dalam sesi latihan MotoGP Mandalika 2025. Marc Marquez dua kali terjatuh.,https://otomotif.tempo.co/read/2054116/hasil-latihan-motogp-mandalika-2025-marquez-terjatuh-bezzecchi-tercepat,2025-10-03 09:57:40,Tempo
1699,"Hasil FP1 MotoGP Mandalika 2025: Luca Marini Tercepat, Marc Maquez Posisi 5","Luca Marini, menjadi yang tercepat di sesi latihan bebas 1 (FP1) MotoGP Mandalika 2025, ketika Marc Marquez menempati posisi kelima.",https://otomotif.tempo.co/read/2054024/hasil-fp1-motogp-mandalika-2025-luca-marini-tercepat-marc-maquez-posisi-5,2025-10-03 05:51:29,Tempo
1700,Museum NTB Gelar Pameran Budaya di MotoGP Mandalika 2025,Kehadiran Lombok Sumbawa Museum of Civilization di MotoGP Mandalika 2025 merupakan upaya untuk mempertemukan sport tourism dengan cultural tourism.,https://otomotif.tempo.co/read/2053915/museum-ntb-gelar-pameran-budaya-di-motogp-mandalika-2025,2025-10-03 01:15:00,Tempo
1701,Seperti Apa Fasilitas Keselamatan Balapan MotoGP Indonesia 2025?,Sebanyak 22 ambulans disiagakan untuk mendukung keselamatan para pembalap pada ajang MotoGP Indonesia.,https://otomotif.tempo.co/read/2053912/seperti-apa-fasilitas-keselamatan-balapan-motogp-indonesia-2025,2025-10-02 23:45:00,Tempo
1702,Ai Ogura Absen di MotoGP Mandalika 2025,"Ai Ogura akan melanjutkan pemulihannya, menyusul cederanya akibat kecelakaan di Misano pertengahan bulan lalu.",https://otomotif.tempo.co/read/2053910/ai-ogura-absen-di-motogp-mandalika-2025,2025-10-02 22:31:12,Tempo
1703,"Dorna Nilai Gap Moto3 ke Moto2 Terlalu Besar, Perubahan Segera Diumumkan",CSO Dorna Carlos Ezpeleta mengatakan faktor usia pembalap dan postur tubuh anak-anak yang kini lebih besar membuat Moto3 harus beradaptasi.,https://otomotif.tempo.co/read/2053695/dorna-nilai-gap-moto3-ke-moto2-terlalu-besar-perubahan-segera-diumumkan,2025-10-02 05:01:31,Tempo
1704,Fabio Di Giannantonio: Membalap di Sirkuit Mandalika Seperti Tampil di Kandang Sendiri,Fabio Di Giannantonio mengatakan Sirkuit Mandalika seperti kandang sendiri mengingat dukungan yang diberikan oleh para penonton.,https://otomotif.tempo.co/read/2053186/fabio-di-giannantonio-membalap-di-sirkuit-mandalika-seperti-tampil-di-kandang-sendiri,2025-10-01 02:01:00,Tempo
1705,Fakta dan Angka dari MotoGP Indonesia di Mandalika,"Jadwal MotoGP Indonesia 2025 akan berlangsung di Sirkuit Mandalika, NTT, pada akhir pekan ini. Simak fakta dan angka dari balapan di sana.",https://otomotif.tempo.co/read/2053183/fakta-dan-angka-dari-motogp-indonesia-di-mandalika,2025-10-01 00:01:00,Tempo
1706,Marc Marquez Siap Nikmati Balap Keempat Kalinya di MotoGP Mandalika,Marc Marquez akan tampil di MotoGP Mandalika 2025 dengan posisi sudah menjadi juara dunia. Ia tak pernah menang 3 balapan di NTB sebelumnya.,https://otomotif.tempo.co/read/2053174/marc-marquez-siap-nikmati-balap-keempat-kalinya-di-motogp-mandalika,2025-09-30 13:00:10,Tempo
1707,Honda BeAT One Piece x Tahilalats Limited Edition Bikin Heboh di Nipah Mall,Honda BeAT One Piece x Tahilalats Limited Edition menjadi salah satu motor yang menjadi perbincangan semenjak diperkenalkan tahun 2024.,https://otomotif.tempo.co/read/2053105/honda-beat-one-piece-x-tahilalats-limited-edition-bikin-heboh-di-nipah-mall,2025-09-30 08:55:27,Tempo
1708,Honda BeAT One Piece x Tahilalats Limited Edition Mejeng di Plaza Surabaya,Plaza Surabaya mendadak jadi tempat berkumpulnya pecinta otomotif dan penggemar anime berkat kehadiran event Steal the BeAT yang digelar oleh PT Astra Honda Motor (AHM) bersama PT Mitra Pinasthika Mulia (MPM Honda Jatim).,https://otomotif.tempo.co/read/2053104/honda-beat-one-piece-x-tahilalats-limited-edition-mejeng-di-plaza-surabaya,2025-09-30 08:53:41,Tempo
1709,Marc Marquez Gambarkan Luapan Emosinya setelah Menjadi Juara Dunia MotoGP 2025,Marc Marquez merebut gelar juara dunia MotoGP 2025 setelah finis kedua dalam balapan MotoGP Jepang 2025. Seperti apa emosi dia?,https://otomotif.tempo.co/read/2052649/marc-marquez-gambarkan-luapan-emosinya-setelah-menjadi-juara-dunia-motogp-2025,2025-09-28 14:35:43,Tempo
1710,Daftar Juara MotoGP Sepanjang Masa setelah Marc Marquez Merajai Edisi 2025,Marc Marquez meraih gelar juara dunia MotoGP 2025 ketika balapan masih menyisakan lima seri. Ia meraih gelar yang ketujuh.,https://otomotif.tempo.co/read/2052570/daftar-juara-motogp-sepanjang-masa-setelah-marc-marquez-merajai-edisi-2025,2025-09-28 07:01:11,Tempo
1711,Hasil dan Klasemen MotoGP Jepang 2025: Marc Marquez Raih Gelar Juara Dunia,Marc Marquez memastikan diri meraih gelar juara dunia musim ini setelah finis kedua di MotoGP Jepang 2025. Nilainya tak bisa dikejar Alex Marquez.,https://otomotif.tempo.co/read/2052563/hasil-dan-klasemen-motogp-jepang-2025-marc-marquez-raih-gelar-juara-dunia,2025-09-28 06:34:11,Tempo
1712,Peluang Marc Marquez Jadi Juara Dunia setelah Finis Kedua di Sprint MotoGP Jepang 2025,"Marc Marquez finis di belakang pembalap Ducari Lenovo lain, Francesco Bagnaia, dalam balapan sprint MotoGP Jepang 2025.",https://otomotif.tempo.co/read/2052396/peluang-marc-marquez-jadi-juara-dunia-setelah-finis-kedua-di-sprint-motogp-jepang-2025,2025-09-27 07:48:41,Tempo
1713,Bagnaia: Marc Marquez Satu-satunya yang Bisa Kendarai GP25 dengan Sempurna,"Marc Marquez berpeluang menjadi juara dunia dalam balapan MotoGP Jepang 2025 akhir pekan ini. Rekan setimnya, Francesco Bagnaia, memberi penilaian.",https://otomotif.tempo.co/read/2052006/bagnaia-marc-marquez-satu-satunya-yang-bisa-kendarai-gp25-dengan-sempurna,2025-09-26 02:03:00,Tempo
1714,Jorge Martin Jadikan Comeback Marc Marquez sebagai Inspirasi,Jorge Martin merupakan juara bertahan MotoGP yang musim ini terpukul cedera. Ia menjadikan comeback Marc Marquez sebagai inspirasi.,https://otomotif.tempo.co/read/2052005/jorge-martin-jadikan-comeback-marc-marquez-sebagai-inspirasi,2025-09-26 00:02:00,Tempo
1715,Marc Marquez Tak Risau Jika Gagal Pastikan Gelar Juara Dunia di MotoGP Jepang 2025,Marc Marquez hanya perlu meraih tiga poin lebih banyak dari Alex Marquez dalam dua balapan MotoGP Jepang untuk menjdi juara dunia.,https://otomotif.tempo.co/read/2052003/marc-marquez-tak-risau-jika-gagal-pastikan-gelar-juara-dunia-di-motogp-jepang-2025,2025-09-25 22:55:43,Tempo
1716,Jadwal MotoGP Jepang 2025: Marc Marquez Songsong Gelar Juara Dunia,Marc Marquez berpeluang meraih gelar juara dunia dalam balapan MotoGP Jepang 2025. Simak jadwal dan skenarionya.,https://otomotif.tempo.co/read/2051696/jadwal-motogp-jepang-2025-marc-marquez-songsong-gelar-juara-dunia,2025-09-24 23:20:39,Tempo
1717,Alex Marquez Dapat Motor Pabrikan Ducati pada MotoGP 2026,Alex Marquez akan menggunakan motor dengan spesifikasi sama dengan Marc Marquez dan Francesco Bagnaia pada MotoGP 2026.,https://otomotif.tempo.co/read/2050913/alex-marquez-dapat-motor-pabrikan-ducati-pada-motogp-2026,2025-09-22 06:29:37,Tempo
1718,"Hasil dan Klasemen Formula 1 Azerbaijan 2025: Verstappen Juara, Piastri Gagal Finis",Max Verstappen berhasil menjuarai balapan Formula 1 Azerbaijan 2025 ketika Oscar Piastri gagal finis akibat kecelakaan.,https://otomotif.tempo.co/read/2050744/hasil-dan-klasemen-formula-1-azerbaijan-2025-verstappen-juara-piastri-gagal-finis,2025-09-21 13:34:29,Tempo
1719,"Hasil dan Klasemen MotoGP San Marino 2025: Marc Marquez Juara, Bezzecchi Kedua","Setelah gagal finis dalam sprint race MotoGP San Marino 2025, Marc Marquez berhasil menjuarai balapan utama dengan mengalahkan Bezzecchi.",https://otomotif.tempo.co/read/2048885/hasil-dan-klasemen-motogp-san-marino-2025-marc-marquez-juara-bezzecchi-kedua,2025-09-14 13:15:25,Tempo
